source_file,simulation_id,scan_point,band gap[eV],electron affinity[eV],v(V),jtot(mA/cm2),j_total_rec(mA/cm2),j_total_gen(mA/cm2),jbulk(mA/cm2),jifr(mA/cm2),jminor_left(mA/cm2),jminor_right(mA/cm2),j_SRH(mA/cm2),j_Radiative(mA/cm2),j_Auger(mA/cm2),Voc,Jsc,FF,eta,V_MPP,J_MPP
bandGap+ElectronAffinity.iv,1,1,1.2,3.97,-0.164454,32.8908821,1.86467547,34.7682332,0.0637662387,1.64859687,0.128582955,0.0237294036,0.0629039115,0.000862327205,0.0,0.651845,32.40330991,53.3602,11.2707,0.42848,26.30394737
bandGap+ElectronAffinity.iv,1,2,1.2,3.97,-0.144185,32.8369146,1.89864193,34.7682332,0.0657814479,1.68053776,0.128593077,0.0237296389,0.0648692139,0.000912234064,0.0,0.651845,32.40330991,53.3602,11.2707,0.42848,26.30394737
bandGap+ElectronAffinity.iv,1,3,1.2,3.97,-0.123907,32.7814634,1.93409311,34.7682332,0.0679385732,1.71382141,0.128603262,0.0237298704,0.066972081,0.000966492152,0.0,0.651845,32.40330991,53.3602,11.2707,0.42848,26.30394737
bandGap+ElectronAffinity.iv,1,4,1.2,3.97,-0.103622,32.7244142,1.97114229,34.7682332,0.0702524884,1.74854619,0.128613512,0.0237300985,0.0692268977,0.0010255907,0.0,0.651845,32.40330991,53.3602,11.2707,0.42848,26.30394737
bandGap+ElectronAffinity.iv,1,5,1.2,3.97,-0.083328,32.6656412,2.00991528,34.7682332,0.072740045,1.78482108,0.128623832,0.0237303235,0.0716499605,0.00109008448,0.0,0.651845,32.40330991,53.3602,11.2707,0.42848,26.30394737
bandGap+ElectronAffinity.iv,1,6,1.2,3.97,-0.063025,32.605004,2.0505524,34.7682332,0.0754203783,1.82276725,0.128634226,0.0237305459,0.0742597745,0.00116060374,0.0,0.651845,32.40330991,53.3602,11.2707,0.42848,26.30394737
bandGap+ElectronAffinity.iv,1,7,1.2,3.97,-0.042712,32.5423457,2.09321072,34.7682332,0.0783152708,1.86251999,0.128644699,0.0237307661,0.0770774049,0.00123786585,0.0,0.651845,32.40330991,53.3602,11.2707,0.42848,26.30394737
bandGap+ElectronAffinity.iv,1,8,1.2,3.97,-0.022387,32.4774896,2.13806679,34.7682332,0.0814495819,1.90423097,0.128655255,0.0237309846,0.0801268929,0.00132268904,0.0,0.651845,32.40330991,53.3602,11.2707,0.42848,26.30394737
bandGap+ElectronAffinity.iv,1,9,1.2,3.97,-0.002051,32.4102364,2.18531998,34.7682332,0.0848517572,1.94807112,0.128665901,0.0237312019,0.0834357487,0.00141600851,0.0,0.651845,32.40330991,53.3602,11.2707,0.42848,26.30394737
bandGap+ElectronAffinity.iv,1,10,1.2,3.97,0.018298,32.3403596,2.23519673,34.7682332,0.0885544346,1.99423423,0.128676642,0.0237314187,0.0870355391,0.00151889548,0.0,0.651845,32.40330991,53.3602,11.2707,0.42848,26.30394737
bandGap+ElectronAffinity.iv,1,11,1.2,3.97,0.038662,32.2676004,2.28795595,34.7682332,0.0925951685,2.04294166,0.128687484,0.0237316357,0.0909625889,0.00163257963,0.0,0.651845,32.40330991,53.3602,11.2707,0.42848,26.30394737
bandGap+ElectronAffinity.iv,1,12,1.2,3.97,0.059042,32.19166,2.34389633,34.7682332,0.0970173002,2.09444874,0.128698436,0.0237318537,0.0952588245,0.00175847575,0.0,0.651845,32.40330991,53.3602,11.2707,0.42848,26.30394737
bandGap+ElectronAffinity.iv,1,13,1.2,3.97,0.079439,32.1121898,2.40336645,34.7682332,0.101871006,2.14905386,0.128709504,0.0237320736,0.0999727901,0.00189821549,0.0,0.651845,32.40330991,53.3602,11.2707,0.42848,26.30394737
bandGap+ElectronAffinity.iv,1,14,1.2,3.97,0.099856,32.0287766,2.46677963,34.7682332,0.107214567,2.20711207,0.128720697,0.0237322964,0.105160881,0.00205368515,0.0,0.651845,32.40330991,53.3602,11.2707,0.42848,26.30394737
bandGap+ElectronAffinity.iv,1,15,1.2,3.97,0.120295,31.9409195,2.53463673,34.7682332,0.113115921,2.26905626,0.128732026,0.0237325235,0.11088885,0.00222707101,0.0,0.651845,32.40330991,53.3602,11.2707,0.42848,26.30394737
bandGap+ElectronAffinity.iv,1,16,1.2,3.97,0.14076,31.8479934,2.60756273,34.7682332,0.119654566,2.3354319,0.128743499,0.0237327564,0.117233652,0.00242091393,0.0,0.651845,32.40330991,53.3602,11.2707,0.42848,26.30394737
bandGap+ElectronAffinity.iv,1,17,1.2,3.97,0.161254,31.7491881,2.68636799,34.7682332,0.126923915,2.40695595,0.128755129,0.023732997,0.12428574,0.00263817514,0.0,0.651845,32.40330991,53.3602,11.2707,0.42848,26.30394737
bandGap+ElectronAffinity.iv,1,18,1.2,3.97,0.181783,31.6434022,2.77215389,34.7682332,0.135034244,2.48461946,0.128766929,0.0237332481,0.132151927,0.00288231619,0.0,0.651845,32.40330991,53.3602,11.2707,0.42848,26.30394737
bandGap+ElectronAffinity.iv,1,19,1.2,3.97,0.202355,31.5290572,2.86649886,34.7682332,0.144116415,2.56987002,0.128778911,0.0237335132,0.140959018,0.00315739612,0.0,0.651845,32.40330991,53.3602,11.2707,0.42848,26.30394737
bandGap+ElectronAffinity.iv,1,20,1.2,3.97,0.222981,31.4037649,2.97179114,34.7682332,0.154326649,2.6649396,0.128791092,0.0237337979,0.150858459,0.00346819001,0.0,0.651845,32.40330991,53.3602,11.2707,0.42848,26.30394737
bandGap+ElectronAffinity.iv,1,21,1.2,3.97,0.243681,31.2637282,3.09182771,34.7682332,0.165852717,2.77343739,0.128803488,0.0237341107,0.162032384,0.00382033345,0.0,0.651845,32.40330991,53.3602,11.2707,0.42848,26.30394737
bandGap+ElectronAffinity.iv,1,22,1.2,3.97,0.264487,31.1026609,3.23289496,34.7682332,0.178922065,2.90142231,0.128816117,0.0237344659,0.174701568,0.00422049759,0.0,0.651845,32.40330991,53.3602,11.2707,0.42848,26.30394737
bandGap+ElectronAffinity.iv,1,23,1.2,3.97,0.285451,30.9098449,3.40571091,34.7682332,0.19381256,3.05933446,0.128828997,0.0237348875,0.189135962,0.00467659777,0.0,0.651845,32.40330991,53.3602,11.2707,0.42848,26.30394737
bandGap+ElectronAffinity.iv,1,24,1.2,3.97,0.306667,30.6666718,3.62888402,34.7682332,0.210866562,3.26543989,0.128842148,0.0237354174,0.205668528,0.00519803345,0.0,0.651845,32.40330991,53.3602,11.2707,0.42848,26.30394737
bandGap+ElectronAffinity.iv,1,25,1.2,3.97,0.328297,30.3405867,3.93496896,34.7682332,0.230508639,3.55186861,0.128855587,0.0237361289,0.224712697,0.00579594219,0.0,0.651845,32.40330991,53.3602,11.2707,0.42848,26.30394737
bandGap+ElectronAffinity.iv,1,26,1.2,3.97,0.350626,29.874787,4.3807686,34.7682332,0.253265455,3.97489667,0.128869327,0.0237371521,0.24678204,0.00648341525,0.0,0.651845,32.40330991,53.3602,11.2707,0.42848,26.30394737
bandGap+ElectronAffinity.iv,1,27,1.2,3.97,0.374142,29.1715444,5.06401092,34.7682332,0.279781338,4.6316075,0.128883366,0.0237387147,0.272505796,0.00727554198,0.0,0.651845,32.40330991,53.3602,11.2707,0.42848,26.30394737
bandGap+ElectronAffinity.iv,1,28,1.2,3.97,0.399662,28.0675618,6.14799319,34.7682332,0.310810926,5.68454337,0.128897683,0.0237412113,0.302621951,0.00818897464,0.0,0.651845,32.40330991,53.3602,11.2707,0.42848,26.30394737
bandGap+ElectronAffinity.iv,1,29,1.2,3.97,0.42848,26.3039474,7.89160685,34.7682332,0.347145241,7.39180409,0.12891221,0.0237453087,0.337904903,0.00924033789,0.0,0.651845,32.40330991,53.3602,11.2707,0.42848,26.30394737
bandGap+ElectronAffinity.iv,1,30,1.2,3.97,0.462467,23.5066812,10.6688714,34.7682332,0.389386821,10.1268057,0.128926802,0.0237520915,0.378944723,0.0104420979,0.0,0.651845,32.40330991,53.3602,11.2707,0.42848,26.30394737
bandGap+ElectronAffinity.iv,1,31,1.2,3.97,0.503893,19.2214624,14.9340937,34.7682332,0.437454117,14.3439352,0.128941193,0.0237632373,0.425659474,0.0117946427,0.0,0.651845,32.40330991,53.3602,11.2707,0.42848,26.30394737
bandGap+ElectronAffinity.iv,1,32,1.2,3.97,0.5546,13.0800662,21.0554887,34.7682332,0.489783831,20.4129688,0.128954955,0.0237810816,0.476516705,0.0132671253,0.0,0.651845,32.40330991,53.3602,11.2707,0.42848,26.30394737
bandGap+ElectronAffinity.iv,1,33,1.2,3.97,0.614296,5.14072937,28.9748264,34.7682332,0.542572372,28.279478,0.128967473,0.0238085295,0.527791865,0.0147805068,0.0,0.651845,32.40330991,53.3602,11.2707,0.42848,26.30394737
bandGap+ElectronAffinity.iv,1,34,1.2,3.97,0.678804,-3.76076407,37.8563166,34.7682332,0.590133843,37.1133564,0.128978039,0.0238483245,0.573938392,0.016195451,0.0,0.651845,32.40330991,53.3602,11.2707,0.42848,26.30394737
bandGap+ElectronAffinity.iv,1,35,1.2,3.97,0.740626,-12.1252214,46.2007748,34.7682332,0.627217991,45.4206695,0.128986075,0.0239012061,0.609859324,0.017358667,0.0,0.651845,32.40330991,53.3602,11.2707,0.42848,26.30394737
bandGap+ElectronAffinity.iv,1,36,1.2,3.97,0.793056,-18.611182,52.6667299,34.7682332,0.652032814,51.8617379,0.128991485,0.0239676983,0.633854747,0.0181780661,0.0,0.651845,32.40330991,53.3602,11.2707,0.42848,26.30394737
bandGap+ElectronAffinity.iv,1,37,1.2,3.97,0.834184,-22.8368448,56.8723957,34.7682332,0.666551944,56.0528052,0.128994707,0.0240438662,0.647869207,0.0186827371,0.0,0.651845,32.40330991,53.3602,11.2707,0.42848,26.30394737
bandGap+ElectronAffinity.iv,1,38,1.2,3.97,0.866322,-25.2643359,59.2798852,34.7682332,0.674351372,58.4524119,0.128996469,0.0241253763,0.655390981,0.0189603917,0.0,0.651845,32.40330991,53.3602,11.2707,0.42848,26.30394737
bandGap+ElectronAffinity.iv,1,39,1.2,3.97,0.892861,-26.572124,60.567677,34.7682332,0.678354746,59.736116,0.128997383,0.0242088005,0.659246761,0.0191079851,0.0,0.651845,32.40330991,53.3602,11.2707,0.42848,26.30394737
bandGap+ElectronAffinity.iv,1,40,1.2,3.97,0.916368,-27.2736709,61.2492174,34.7682332,0.680459614,60.4154668,0.12899787,0.0242931096,0.661277363,0.019182251,0.0,0.651845,32.40330991,53.3602,11.2707,0.42848,26.30394737
bandGap+ElectronAffinity.iv,1,41,1.2,3.97,0.938347,-27.6694495,61.6249953,34.7682332,0.681597378,60.7900229,0.128998133,0.0243769064,0.662373328,0.0192240496,0.0,0.651845,32.40330991,53.3602,11.2707,0.42848,26.30394737
bandGap+ElectronAffinity.iv,1,42,1.2,3.97,0.959578,-27.9155414,61.851087,34.7682332,0.682277313,61.0153514,0.12899829,0.0244599975,0.6630282,0.0192491129,0.0,0.651845,32.40330991,53.3602,11.2707,0.42848,26.30394737
bandGap+ElectronAffinity.iv,1,43,1.2,3.97,0.980443,-28.0885935,62.0041389,34.7682332,0.682735464,61.1678635,0.128998397,0.0245414819,0.663469422,0.0192660411,0.0,0.651845,32.40330991,53.3602,11.2707,0.42848,26.30394737
bandGap+ElectronAffinity.iv,1,44,1.2,3.97,1.001125,-28.2250187,62.120564,34.7682332,0.683082761,61.2838612,0.128998478,0.0246216047,0.663803865,0.0192788964,0.0,0.651845,32.40330991,53.3602,11.2707,0.42848,26.30394737
bandGap+ElectronAffinity.iv,1,45,1.2,3.97,1.021715,-28.3429392,62.2184845,34.7682332,0.683374048,61.3814107,0.128998546,0.0247011607,0.664084354,0.019289694,0.0,0.651845,32.40330991,53.3602,11.2707,0.42848,26.30394737
bandGap+ElectronAffinity.iv,1,46,1.2,3.97,1.042251,-28.4502768,62.3058219,34.7682332,0.683633265,61.4684108,0.128998606,0.0247793073,0.664333951,0.0192993134,0.0,0.651845,32.40330991,53.3602,11.2707,0.42848,26.30394737
bandGap+ElectronAffinity.iv,1,47,1.2,3.97,1.062755,-28.5510284,62.3865735,34.7682332,0.68387246,61.5488461,0.128998662,0.0248563061,0.664564262,0.0193081982,0.0,0.651845,32.40330991,53.3602,11.2707,0.42848,26.30394737
bandGap+ElectronAffinity.iv,1,48,1.2,3.97,1.083236,-28.6471937,62.4627388,34.7682332,0.684097662,61.6247098,0.128998714,0.0249326684,0.664781092,0.0193165701,0.0,0.651845,32.40330991,53.3602,11.2707,0.42848,26.30394737
bandGap+ElectronAffinity.iv,1,49,1.2,3.97,1.103697,-28.7394472,62.5349922,34.7682332,0.684310951,61.696675,0.128998764,0.0250074778,0.664986447,0.0193245042,0.0,0.651845,32.40330991,53.3602,11.2707,0.42848,26.30394737
bandGap+ElectronAffinity.iv,1,50,1.2,3.97,1.124145,-28.8289108,62.6044558,34.7682332,0.68451567,61.7658599,0.128998812,0.0250813794,0.665183543,0.0193321271,0.0,0.651845,32.40330991,53.3602,11.2707,0.42848,26.30394737
bandGap+ElectronAffinity.iv,1,51,1.2,3.97,1.144578,-28.9156672,62.6712122,34.7682332,0.684712121,61.8323469,0.128998858,0.0251542863,0.665372675,0.019339446,0.0,0.651845,32.40330991,53.3602,11.2707,0.42848,26.30394737
bandGap+ElectronAffinity.iv,1,52,1.2,3.97,1.165,-29.0000234,62.7355684,34.7682332,0.684901227,61.8964415,0.128998902,0.0252267778,0.665554731,0.019346496,0.0,0.651845,32.40330991,53.3602,11.2707,0.42848,26.30394737
bandGap+ElectronAffinity.iv,1,53,1.2,3.97,1.18541,-29.082096,62.7976409,34.7682332,0.685083368,61.9582602,0.128998945,0.0252984348,0.665730077,0.0193532904,0.0,0.651845,32.40330991,53.3602,11.2707,0.42848,26.30394737
bandGap+ElectronAffinity.iv,1,54,1.2,3.97,1.20581,-29.161998,62.8575429,34.7682332,0.685258908,62.0179162,0.128998986,0.0253688279,0.665899066,0.0193598422,0.0,0.651845,32.40330991,53.3602,11.2707,0.42848,26.30394737
bandGap+ElectronAffinity.iv,1,55,1.2,3.97,1.226199,-29.2397034,62.9152483,34.7682332,0.685427798,62.075383,0.128999026,0.025438504,0.66606165,0.0193661476,0.0,0.651845,32.40330991,53.3602,11.2707,0.42848,26.30394737
bandGap+ElectronAffinity.iv,1,56,1.2,3.97,1.246578,-29.3156893,62.9712342,34.7682332,0.685591423,62.1311365,0.128999064,0.0255071642,0.666219159,0.0193722641,0.0,0.651845,32.40330991,53.3602,11.2707,0.42848,26.30394737
bandGap+ElectronAffinity.iv,1,57,1.2,3.97,1.26695,-29.3899529,63.0254977,34.7682332,0.685749824,62.1851732,0.128999101,0.025575616,0.666371637,0.0193781869,0.0,0.651845,32.40330991,53.3602,11.2707,0.42848,26.30394737
bandGap+ElectronAffinity.iv,1,58,1.2,3.97,1.287313,-29.4625301,63.0780749,34.7682332,0.685903121,62.2375293,0.128999137,0.0256433695,0.666519199,0.0193839213,0.0,0.651845,32.40330991,53.3602,11.2707,0.42848,26.30394737
bandGap+ElectronAffinity.iv,1,59,1.2,3.97,1.307668,-29.5335139,63.1290587,34.7682332,0.686051598,62.2882975,0.128999172,0.025710449,0.66666212,0.0193894782,0.0,0.651845,32.40330991,53.3602,11.2707,0.42848,26.30394737
bandGap+ElectronAffinity.iv,1,60,1.2,3.97,1.328015,-29.6029301,63.1784749,34.7682332,0.686195351,62.337504,0.128999206,0.025776335,0.66680049,0.019394861,0.0,0.651845,32.40330991,53.3602,11.2707,0.42848,26.30394737
bandGap+ElectronAffinity.iv,1,61,1.2,3.97,1.348355,-29.6709566,63.2265013,34.7682332,0.686334902,62.385325,0.128999239,0.0258421228,0.666934813,0.0194000888,0.0,0.651845,32.40330991,53.3602,11.2707,0.42848,26.30394737
bandGap+ElectronAffinity.iv,2,1,1.2,4.066,-0.164892,32.9783147,1.77682886,34.7682332,0.0556517678,1.56341453,0.128535815,0.0292267524,0.055114837,0.000536930784,0.0,0.741823,32.53888716,56.8135,13.7137,0.503934,27.21328474
bandGap+ElectronAffinity.iv,2,2,1.2,4.066,-0.144645,32.9289872,1.80615519,34.7682332,0.0571568832,1.59122366,0.128545611,0.0292290313,0.0565896467,0.000567236466,0.0,0.741823,32.53888716,56.8135,13.7137,0.503934,27.21328474
bandGap+ElectronAffinity.iv,2,3,1.2,4.066,-0.124393,32.8785215,1.8366209,34.7682332,0.0587547495,1.62007947,0.128555453,0.0292312298,0.0581547404,0.000600009115,0.0,0.741823,32.53888716,56.8135,13.7137,0.503934,27.21328474
bandGap+ElectronAffinity.iv,2,4,1.2,4.066,-0.104134,32.8268408,1.86830157,34.7682332,0.0604541353,1.65004874,0.128565343,0.0292333485,0.0598186279,0.00063550731,0.0,0.741823,32.53888716,56.8135,13.7137,0.503934,27.21328474
bandGap+ElectronAffinity.iv,2,5,1.2,4.066,-0.083869,32.7738623,1.90128001,34.7682332,0.0622648858,1.68120446,0.128575283,0.0292353886,0.0615908637,0.000674022165,0.0,0.741823,32.53888716,56.8135,13.7137,0.503934,27.21328474
bandGap+ElectronAffinity.iv,2,6,1.2,4.066,-0.063597,32.719495,1.93564728,34.7682332,0.064198079,1.71362657,0.128585277,0.0292373509,0.0634821971,0.000715881928,0.0,0.741823,32.53888716,56.8135,13.7137,0.503934,27.21328474
bandGap+ElectronAffinity.iv,2,7,1.2,4.066,-0.043318,32.6636385,1.97150373,34.7682332,0.0662662096,1.74740295,0.128595326,0.0292392368,0.0655047522,0.000761457409,0.0,0.741823,32.53888716,56.8135,13.7137,0.503934,27.21328474
bandGap+ElectronAffinity.iv,2,8,1.2,4.066,-0.023031,32.6061819,2.00896031,34.7682332,0.0684834062,1.78263042,0.128605434,0.0292410473,0.0676722379,0.000811168288,0.0,0.741823,32.53888716,56.8135,13.7137,0.503934,27.21328474
bandGap+ElectronAffinity.iv,2,9,1.2,4.066,-0.002735,32.5470021,2.04814002,34.7682332,0.0708656872,1.81941595,0.128615603,0.0292427837,0.0700001967,0.00086549047,0.0,0.741823,32.53888716,56.8135,13.7137,0.503934,27.21328474
bandGap+ElectronAffinity.iv,2,10,1.2,4.066,0.01757,32.4859624,2.08917967,34.7682332,0.073431264,1.85787813,0.128625837,0.0292444474,0.0725062993,0.000924964677,0.0,0.741823,32.53888716,56.8135,13.7137,0.503934,27.21328474
bandGap+ElectronAffinity.iv,2,11,1.2,4.066,0.037885,32.42291,2.13223194,34.7682332,0.0762009023,1.89814886,0.12863614,0.0292460399,0.0752106958,0.000990206507,0.0,0.741823,32.53888716,56.8135,13.7137,0.503934,27.21328474
bandGap+ElectronAffinity.iv,2,12,1.2,4.066,0.058212,32.357674,2.17746786,34.7682332,0.0791983563,1.94037543,0.128646515,0.0292475628,0.0781364381,0.00106191825,0.0,0.741823,32.53888716,56.8135,13.7137,0.503934,27.21328474
bandGap+ElectronAffinity.iv,2,13,1.2,4.066,0.07855,32.2900619,2.22507984,34.7682332,0.0824508947,1.98472296,0.128656966,0.0292490177,0.0813099919,0.00114090279,0.0,0.741823,32.53888716,56.8135,13.7137,0.503934,27.21328474
bandGap+ElectronAffinity.iv,2,14,1.2,4.066,0.098901,32.2198562,2.2752854,34.7682332,0.0859899447,2.03137755,0.128667498,0.0292504067,0.0847618647,0.00122808003,0.0,0.741823,32.53888716,56.8135,13.7137,0.503934,27.21328474
bandGap+ElectronAffinity.iv,2,15,1.2,4.066,0.119266,32.1468096,2.3283319,34.7682332,0.089851896,2.08055016,0.128678117,0.0292517316,0.0885273896,0.00132450639,0.0,0.741823,32.53888716,56.8135,13.7137,0.503934,27.21328474
bandGap+ElectronAffinity.iv,2,16,1.2,4.066,0.139647,32.0706387,2.3845027,34.7682332,0.0940791223,2.13248176,0.128688826,0.0292529946,0.0926477244,0.00143139793,0.0,0.741823,32.53888716,56.8135,13.7137,0.503934,27.21328474
bandGap+ElectronAffinity.iv,2,17,1.2,4.066,0.160045,31.9910157,2.44412552,34.7682332,0.0987213184,2.18745037,0.128699632,0.029254198,0.0971711602,0.00155015816,0.0,0.741823,32.53888716,56.8135,13.7137,0.503934,27.21328474
bandGap+ElectronAffinity.iv,2,18,1.2,4.066,0.180462,31.9075567,2.50758429,34.7682332,0.103837305,2.2457811,0.12871054,0.0292553444,0.102154894,0.00168241136,0.0,0.741823,32.53888716,56.8135,13.7137,0.503934,27.21328474
bandGap+ElectronAffinity.iv,2,19,1.2,4.066,0.200901,31.8198041,2.57533673,34.7682332,0.109497566,2.30786117,0.128721558,0.0292564365,0.107667523,0.0018300432,0.0,0.741823,32.53888716,56.8135,13.7137,0.503934,27.21328474
bandGap+ElectronAffinity.iv,2,20,1.2,4.066,0.221364,31.7271986,2.64794189,34.7682332,0.11578794,2.37416379,0.128732691,0.0292574774,0.11379269,0.00199525046,0.0,0.741823,32.53888716,56.8135,13.7137,0.503934,27.21328474
bandGap+ElectronAffinity.iv,2,21,1.2,4.066,0.241855,31.6290353,2.72610496,34.7682332,0.122815208,2.44528734,0.128743949,0.0292584706,0.120634605,0.00218060301,0.0,0.741823,32.53888716,56.8135,13.7137,0.503934,27.21328474
bandGap+ElectronAffinity.iv,2,22,1.2,4.066,0.262378,31.5243868,2.81075309,34.7682332,0.130715757,2.52202257,0.128755337,0.0292594202,0.128326634,0.00238912274,0.0,0.741823,32.53888716,56.8135,13.7137,0.503934,27.21328474
bandGap+ElectronAffinity.iv,2,23,1.2,4.066,0.28294,31.4119725,2.90316701,34.7682332,0.139669254,2.60547056,0.128766865,0.029260331,0.137044867,0.00262438696,0.0,0.741823,32.53888716,56.8135,13.7137,0.503934,27.21328474
bandGap+ElectronAffinity.iv,2,24,1.2,4.066,0.30355,31.2899251,3.00521402,34.7682332,0.149920331,2.69725394,0.128778542,0.0292612092,0.147029661,0.00289066974,0.0,0.741823,32.53888716,56.8135,13.7137,0.503934,27.21328474
bandGap+ElectronAffinity.iv,2,25,1.2,4.066,0.324223,31.1553738,3.11976489,34.7682332,0.161812801,2.79989965,0.128790376,0.0292620634,0.158619656,0.00319314535,0.0,0.741823,32.53888716,56.8135,13.7137,0.503934,27.21328474
bandGap+ElectronAffinity.iv,2,26,1.2,4.066,0.344982,31.0036933,3.25144474,34.7682332,0.175843021,2.91753643,0.128802378,0.0292629058,0.172304821,0.00353820064,0.0,0.741823,32.53888716,56.8135,13.7137,0.503934,27.21328474
bandGap+ElectronAffinity.iv,2,27,1.2,4.066,0.365864,30.82715,3.40798746,34.7682332,0.192741939,3.05716721,0.128814556,0.0292637558,0.188807992,0.00393394707,0.0,0.741823,32.53888716,56.8135,13.7137,0.503934,27.21328474
bandGap+ElectronAffinity.iv,2,28,1.2,4.066,0.386938,30.6124647,3.60267217,34.7682332,0.213599626,3.23098098,0.128826919,0.0292646447,0.209208512,0.00439111395,0.0,0.741823,32.53888716,56.8135,13.7137,0.503934,27.21328474
bandGap+ElectronAffinity.iv,2,29,1.2,4.066,0.408318,30.3364647,3.85867073,34.7682332,0.24005223,3.46051341,0.128839473,0.0292656262,0.235127547,0.00492468216,0.0,0.741823,32.53888716,56.8135,13.7137,0.503934,27.21328474
bandGap+ElectronAffinity.iv,2,30,1.2,4.066,0.430208,29.9584546,4.21667938,34.7682332,0.274558481,3.78400189,0.128852221,0.0292667931,0.269001523,0.00555695811,0.0,0.741823,32.53888716,56.8135,13.7137,0.503934,27.21328474
bandGap+ElectronAffinity.iv,2,31,1.2,4.066,0.452964,29.4072209,4.74791156,34.7682332,0.320794813,4.26898328,0.128865158,0.029268309,0.314471433,0.00632338007,0.0,0.741823,32.53888716,56.8135,13.7137,0.503934,27.21328474
bandGap+ElectronAffinity.iv,2,32,1.2,4.066,0.477199,28.5601466,5.57498426,34.7682332,0.384172649,5.03266288,0.128878267,0.0292704606,0.376889481,0.0072831681,0.0,0.741823,32.53888716,56.8135,13.7137,0.503934,27.21328474
bandGap+ElectronAffinity.iv,2,33,1.2,4.066,0.503934,27.2132847,6.90184049,34.7682332,0.47236748,6.27130776,0.128891506,0.0292737451,0.463830217,0.0085372635,0.0,0.741823,32.53888716,56.8135,13.7137,0.503934,27.21328474
bandGap+ElectronAffinity.iv,2,34,1.2,4.066,0.534756,25.0488625,9.04627873,34.7682332,0.595415135,8.29267979,0.128904793,0.0292790093,0.585161793,0.010253342,0.0,0.741823,32.53888716,56.8135,13.7137,0.503934,27.21328474
bandGap+ElectronAffinity.iv,2,35,1.2,4.066,0.571853,21.6293902,12.4457491,34.7682332,0.764210509,11.523333,0.128917992,0.0292875968,0.751531218,0.0126792911,0.0,0.741823,32.53888716,56.8135,13.7137,0.503934,27.21328474
bandGap+ElectronAffinity.iv,2,36,1.2,4.066,0.617563,16.4874053,17.5677289,34.7682332,0.985439227,16.4240573,0.128930862,0.0293015242,0.969340951,0.0160982763,0.0,0.741823,32.53888716,56.8135,13.7137,0.503934,27.21328474
bandGap+ElectronAffinity.iv,2,37,1.2,4.066,0.673005,9.39891768,24.6362193,34.7682332,1.25197784,23.225975,0.128943024,0.0293234506,1.23134118,0.0206366649,0.0,0.741823,32.53888716,56.8135,13.7137,0.503934,27.21328474
bandGap+ElectronAffinity.iv,2,38,1.2,4.066,0.736017,0.796542344,33.2185728,34.7682332,1.53448566,31.525777,0.128953947,0.0293561945,1.50853154,0.0259541163,0.0,0.741823,32.53888716,56.8135,13.7137,0.503934,27.21328474
bandGap+ElectronAffinity.iv,2,39,1.2,4.066,0.800308,-8.06167465,42.0566963,34.7682332,1.78797807,40.1103542,0.128963005,0.0294010891,1.75681338,0.0311646946,0.0,0.741823,32.53888716,56.8135,13.7137,0.503934,27.21328474
bandGap+ElectronAffinity.iv,2,40,1.2,4.066,0.858132,-15.626454,49.6015377,34.7682332,1.97709353,47.4660142,0.128969724,0.0294601893,1.9417547,0.035338825,0.0,0.741823,32.53888716,56.8135,13.7137,0.503934,27.21328474
bandGap+ElectronAffinity.iv,2,41,1.2,4.066,0.904977,-20.9954596,54.9505376,34.7682332,2.09633463,52.6956985,0.128974111,0.0295302958,2.05823155,0.038103082,0.0,0.741823,32.53888716,56.8135,13.7137,0.503934,27.21328474
bandGap+ElectronAffinity.iv,2,42,1.2,4.066,0.941349,-24.269846,58.2048699,34.7682332,2.16295121,55.8833341,0.128976673,0.0296079534,2.12325722,0.0396939879,0.0,0.741823,32.53888716,56.8135,13.7137,0.503934,27.21328474
bandGap+ElectronAffinity.iv,2,43,1.2,4.066,0.97042,-26.0840486,59.9990266,34.7682332,2.19772124,57.642638,0.128978057,0.0296892187,2.15718228,0.0405389661,0.0,0.741823,32.53888716,56.8135,13.7137,0.503934,27.21328474
bandGap+ElectronAffinity.iv,2,44,1.2,4.066,0.995268,-27.0535774,60.9486632,34.7682332,2.21539862,58.5745147,0.128978769,0.0297711475,2.1744178,0.040980817,0.0,0.741823,32.53888716,56.8135,13.7137,0.503934,27.21328474
bandGap+ElectronAffinity.iv,2,45,1.2,4.066,1.017916,-27.5832616,61.4583416,34.7682332,2.22479499,59.074714,0.128979155,0.0298534004,2.1835818,0.0412131869,0.0,0.741823,32.53888716,56.8135,13.7137,0.503934,27.21328474
bandGap+ElectronAffinity.iv,2,46,1.2,4.066,1.039474,-27.8947136,61.7497904,34.7682332,2.23011559,59.3607602,0.128979375,0.0299352829,2.18877042,0.0413451627,0.0,0.741823,32.53888716,56.8135,13.7137,0.503934,27.21328474
bandGap+ElectronAffinity.iv,2,47,1.2,4.066,1.060499,-28.0997666,61.9348416,34.7682332,2.23347348,59.5423727,0.128979515,0.0300159173,2.19204486,0.0414286134,0.0,0.741823,32.53888716,56.8135,13.7137,0.503934,27.21328474
bandGap+ElectronAffinity.iv,2,48,1.2,4.066,1.081261,-28.2522181,62.067292,34.7682332,2.23586698,59.6723508,0.128979614,0.0300945587,2.1943788,0.0414881759,0.0,0.741823,32.53888716,56.8135,13.7137,0.503934,27.21328474
bandGap+ElectronAffinity.iv,2,49,1.2,4.066,1.101893,-28.3786084,62.1736816,34.7682332,2.23778343,59.7767455,0.128979694,0.0301729718,2.19624751,0.0415359177,0.0,0.741823,32.53888716,56.8135,13.7137,0.503934,27.21328474
bandGap+ElectronAffinity.iv,2,50,1.2,4.066,1.122454,-28.4908083,62.265881,34.7682332,2.23943997,59.8672114,0.128979763,0.03024995,2.19786275,0.0415772181,0.0,0.741823,32.53888716,56.8135,13.7137,0.503934,27.21328474
bandGap+ElectronAffinity.iv,2,51,1.2,4.066,1.142973,-28.5946806,62.3497528,34.7682332,2.24094346,59.9495038,0.128979826,0.0303257545,2.19932873,0.0416147294,0.0,0.741823,32.53888716,56.8135,13.7137,0.503934,27.21328474
bandGap+ElectronAffinity.iv,2,52,1.2,4.066,1.163466,-28.6931037,62.4281756,34.7682332,2.24234633,60.0264485,0.128979885,0.0304008893,2.20069658,0.0416497527,0.0,0.741823,32.53888716,56.8135,13.7137,0.503934,27.21328474
bandGap+ElectronAffinity.iv,2,53,1.2,4.066,1.183936,-28.7871753,62.5022467,34.7682332,2.24366882,60.0991236,0.12897994,0.0304743596,2.20198603,0.0416827875,0.0,0.741823,32.53888716,56.8135,13.7137,0.503934,27.21328474
bandGap+ElectronAffinity.iv,2,54,1.2,4.066,1.204391,-28.8781793,62.5732505,34.7682332,2.24493415,60.1687894,0.128979994,0.0305469877,2.20321974,0.0417144139,0.0,0.741823,32.53888716,56.8135,13.7137,0.503934,27.21328474
bandGap+ElectronAffinity.iv,2,55,1.2,4.066,1.224832,-28.9663618,62.6414326,34.7682332,2.24614706,60.2356865,0.128980045,0.0306190551,2.20440232,0.0417447453,0.0,0.741823,32.53888716,56.8135,13.7137,0.503934,27.21328474
bandGap+ElectronAffinity.iv,2,56,1.2,4.066,1.24526,-29.0519291,62.7069997,34.7682332,2.24731147,60.3000183,0.128980094,0.0306897612,2.20553759,0.0417738784,0.0,0.741823,32.53888716,56.8135,13.7137,0.503934,27.21328474
bandGap+ElectronAffinity.iv,2,57,1.2,4.066,1.265676,-29.1351835,62.7702537,34.7682332,2.24843295,60.3620806,0.128980141,0.0307600652,2.206631,0.0418019511,0.0,0.741823,32.53888716,56.8135,13.7137,0.503934,27.21328474
bandGap+ElectronAffinity.iv,2,58,1.2,4.066,1.286081,-29.216228,62.831298,34.7682332,2.24951353,60.4219747,0.128980187,0.0308295446,2.20768452,0.0418290126,0.0,0.741823,32.53888716,56.8135,13.7137,0.503934,27.21328474
bandGap+ElectronAffinity.iv,2,59,1.2,4.066,1.306475,-29.2949364,62.8900061,34.7682332,2.25055121,60.4795774,0.12898023,0.030897239,2.2086962,0.0418550096,0.0,0.741823,32.53888716,56.8135,13.7137,0.503934,27.21328474
bandGap+ElectronAffinity.iv,2,60,1.2,4.066,1.32686,-29.3719531,62.9470225,34.7682332,2.2515574,60.5355199,0.128980273,0.030965018,2.20967716,0.0418802325,0.0,0.741823,32.53888716,56.8135,13.7137,0.503934,27.21328474
bandGap+ElectronAffinity.iv,2,61,1.2,4.066,1.347235,-29.4470832,63.0021524,34.7682332,2.25252894,60.5896116,0.128980314,0.0310315076,2.21062434,0.0419045952,0.0,0.741823,32.53888716,56.8135,13.7137,0.503934,27.21328474
bandGap+ElectronAffinity.iv,3,1,1.2,4.165,-0.164744,32.9488912,1.80609603,34.7682332,0.0502136552,1.59143365,0.128486816,0.0359619001,0.0500282435,0.000185411765,0.0,0.792083,32.51439535,58.6492,15.1046,0.540193,27.96144457
bandGap+ElectronAffinity.iv,3,2,1.2,4.165,-0.144498,32.8996951,1.83528557,34.7682332,0.0514157123,1.61940015,0.128495532,0.0359741738,0.0512169657,0.000198746571,0.0,0.792083,32.51439535,58.6492,15.1046,0.540193,27.96144457
bandGap+ElectronAffinity.iv,3,3,1.2,4.165,-0.124247,32.8494536,1.86552662,34.7682332,0.0526854825,1.64835085,0.128504227,0.0359860669,0.0524721861,0.000213296416,0.0,0.792083,32.51439535,58.6492,15.1046,0.540193,27.96144457
bandGap+ElectronAffinity.iv,3,4,1.2,4.165,-0.10399,32.7980973,1.89688242,34.7682332,0.054028994,1.67834295,0.128512899,0.0359975791,0.0537997992,0.000229194807,0.0,0.792083,32.51439535,58.6492,15.1046,0.540193,27.96144457
bandGap+ElectronAffinity.iv,3,5,1.2,4.165,-0.083728,32.7455581,1.92942095,34.7682332,0.0554530196,1.70943767,0.128521546,0.0360087112,0.0552064269,0.000246592674,0.0,0.792083,32.51439535,58.6492,15.1046,0.540193,27.96144457
bandGap+ElectronAffinity.iv,3,6,1.2,4.165,-0.063459,32.6917618,1.9632163,34.7682332,0.0569651608,1.74170151,0.128530163,0.0360194638,0.0566995002,0.000265660641,0.0,0.792083,32.51439535,58.6492,15.1046,0.540193,27.96144457
bandGap+ElectronAffinity.iv,3,7,1.2,4.165,-0.043183,32.6366279,1.9983494,34.7682332,0.0585739729,1.77520684,0.128538748,0.0360298382,0.058287381,0.000286591953,0.0,0.792083,32.51439535,58.6492,15.1046,0.540193,27.96144457
bandGap+ElectronAffinity.iv,3,8,1.2,4.165,-0.0229,32.5800675,2.03490889,34.7682332,0.0602891128,1.81003265,0.128547296,0.0360398356,0.0599795069,0.000309605906,0.0,0.792083,32.51439535,58.6492,15.1046,0.540193,27.96144457
bandGap+ElectronAffinity.iv,3,9,1.2,4.165,-0.00261,32.5219832,2.07299209,34.7682332,0.0621215151,1.84626532,0.128555804,0.0360494578,0.0617865632,0.000334951857,0.0,0.792083,32.51439535,58.6492,15.1046,0.540193,27.96144457
bandGap+ElectronAffinity.iv,3,10,1.2,4.165,0.017689,32.4622678,2.11270619,34.7682332,0.0640836028,1.88399961,0.128564268,0.036058707,0.0637206889,0.000362913937,0.0,0.792083,32.51439535,58.6492,15.1046,0.540193,27.96144457
bandGap+ElectronAffinity.iv,3,11,1.2,4.165,0.037996,32.4008032,2.15416956,34.7682332,0.0661895411,1.92333975,0.128572683,0.0360675854,0.0657957245,0.0003938166,0.0,0.792083,32.51439535,58.6492,15.1046,0.540193,27.96144457
bandGap+ElectronAffinity.iv,3,12,1.2,4.165,0.058313,32.3374581,2.19751341,34.7682332,0.0684555458,1.96440072,0.128581046,0.0360760959,0.0680275146,0.000428031191,0.0,0.792083,32.51439535,58.6492,15.1046,0.540193,27.96144457
bandGap+ElectronAffinity.iv,3,13,1.2,4.165,0.07864,32.2720867,2.2428836,34.7682332,0.0709002631,2.00730975,0.128589351,0.0360842416,0.0704342794,0.000465983728,0.0,0.792083,32.51439535,58.6492,15.1046,0.540193,27.96144457
bandGap+ElectronAffinity.iv,3,14,1.2,4.165,0.098977,32.2045443,2.29044018,34.7682332,0.0735454143,2.05220515,0.128597589,0.0360920269,0.0730372478,0.000508166474,0.0,0.792083,32.51439535,58.6492,15.1046,0.540193,27.96144457
bandGap+ElectronAffinity.iv,3,15,1.2,4.165,0.119327,32.1346135,2.34037081,34.7682332,0.0764157596,2.09924983,0.128605765,0.0360994545,0.0758606193,0.000555140372,0.0,0.792083,32.51439535,58.6492,15.1046,0.540193,27.96144457
bandGap+ElectronAffinity.iv,3,16,1.2,4.165,0.139689,32.0621056,2.39287848,34.7682332,0.0795408082,2.14861727,0.128613871,0.0361065294,0.0789332476,0.000607560672,0.0,0.792083,32.51439535,58.6492,15.1046,0.540193,27.96144457
bandGap+ElectronAffinity.iv,3,17,1.2,4.165,0.160066,31.9867882,2.44819575,34.7682332,0.0829553086,2.20050528,0.128621901,0.0361132567,0.0822891233,0.000666185282,0.0,0.792083,32.51439535,58.6492,15.1046,0.540193,27.96144457
bandGap+ElectronAffinity.iv,3,18,1.2,4.165,0.180458,31.9083961,2.50658756,34.7682332,0.0867008976,2.25513717,0.128629852,0.0361196418,0.0859690013,0.000731896323,0.0,0.792083,32.51439535,58.6492,15.1046,0.540193,27.96144457
bandGap+ElectronAffinity.iv,3,19,1.2,4.165,0.200867,31.8266251,2.56835822,34.7682332,0.0908283075,2.31276651,0.128637718,0.0361256906,0.090022583,0.000805724431,0.0,0.792083,32.51439535,58.6492,15.1046,0.540193,27.96144457
bandGap+ElectronAffinity.iv,3,20,1.2,4.165,0.221294,31.7411221,2.63386096,34.7682332,0.0954007174,2.37368334,0.128645496,0.0361314099,0.0945118382,0.000888879183,0.0,0.792083,32.51439535,58.6492,15.1046,0.540193,27.96144457
bandGap+ElectronAffinity.iv,3,21,1.2,4.165,0.241743,31.6514711,2.70351154,34.7682332,0.100499008,2.43822254,0.128653183,0.0361368066,0.09951622,0.000982788025,0.0,0.792083,32.51439535,58.6492,15.1046,0.540193,27.96144457
bandGap+ElectronAffinity.iv,3,22,1.2,4.165,0.262214,31.5571736,2.77780854,34.7682332,0.106230182,2.5067757,0.128660773,0.0361418887,0.105141034,0.00108914757,0.0,0.792083,32.51439535,58.6492,15.1046,0.540193,27.96144457
bandGap+ElectronAffinity.iv,3,23,1.2,4.165,0.282712,31.4576167,2.85736496,34.7682332,0.112740998,2.57980904,0.128668265,0.0361466645,0.111531004,0.00120999403,0.0,0.792083,32.51439535,58.6492,15.1046,0.540193,27.96144457
bandGap+ElectronAffinity.iv,3,24,1.2,4.165,0.30324,31.3520222,2.9429589,34.7682332,0.120240059,2.65789204,0.128675655,0.0361511434,0.118892253,0.00134780527,0.0,0.792083,32.51439535,58.6492,15.1046,0.540193,27.96144457
bandGap+ElectronAffinity.iv,3,25,1.2,4.165,0.323803,31.239363,3.03561741,34.7682332,0.129033263,2.74174588,0.12868294,0.0361553357,0.127527604,0.00150565837,0.0,0.792083,32.51439535,58.6492,15.1046,0.540193,27.96144457
bandGap+ElectronAffinity.iv,3,26,1.2,4.165,0.344409,31.1182208,3.13675881,34.7682332,0.139580017,2.83232942,0.128690119,0.0361592526,0.137892527,0.00168749007,0.0,0.792083,32.51439535,58.6492,15.1046,0.540193,27.96144457
bandGap+ElectronAffinity.iv,3,27,1.2,4.165,0.365067,30.9865396,3.24843927,34.7682332,0.152581254,2.93099792,0.12869719,0.0361629071,0.150682698,0.00189855622,0.0,0.792083,32.51439535,58.6492,15.1046,0.540193,27.96144457
bandGap+ElectronAffinity.iv,3,28,1.2,4.165,0.385794,30.8411873,3.37379064,34.7682332,0.169116433,3.03980374,0.128704152,0.0361663143,0.166970146,0.00214628728,0.0,0.792083,32.51439535,58.6492,15.1046,0.540193,27.96144457
bandGap+ElectronAffinity.iv,3,29,1.2,4.165,0.406614,30.6771619,3.51781502,34.7682332,0.190857348,3.16207717,0.128711007,0.036169493,0.1884154,0.00244194758,0.0,0.792083,32.51439535,58.6492,15.1046,0.540193,27.96144457
bandGap+ElectronAffinity.iv,3,30,1.2,4.165,0.427569,30.4861207,3.6888551,34.7682332,0.220404909,3.30355996,0.128717755,0.0361724677,0.217600967,0.00280394153,0.0,0.792083,32.51439535,58.6492,15.1046,0.540193,27.96144457
bandGap+ElectronAffinity.iv,3,31,1.2,4.165,0.448732,30.2536236,3.90135095,34.7682332,0.261824793,3.47462648,0.128724403,0.0361752734,0.258560292,0.00326450095,0.0,0.792083,32.51439535,58.6492,15.1046,0.540193,27.96144457
bandGap+ElectronAffinity.iv,3,32,1.2,4.165,0.47023,29.9539413,4.18103222,34.7682332,0.321501204,3.69462209,0.128730958,0.0361779646,0.317617945,0.0038832584,0.0,0.792083,32.51439535,58.6492,15.1046,0.540193,27.96144457
bandGap+ElectronAffinity.iv,3,33,1.2,4.165,0.492298,29.5403518,4.5746201,34.7682332,0.40947857,4.00022346,0.128737441,0.0361806312,0.404704032,0.00477453759,0.0,0.792083,32.51439535,58.6492,15.1046,0.540193,27.96144457
bandGap+ElectronAffinity.iv,3,34,1.2,4.165,0.515362,28.9275094,5.16746062,34.7682332,0.541475022,4.46105828,0.128743885,0.0361834306,0.535314363,0.00616065844,0.0,0.792083,32.51439535,58.6492,15.1046,0.540193,27.96144457
bandGap+ElectronAffinity.iv,3,35,1.2,4.165,0.540193,27.9614446,6.11352304,34.7682332,0.741560855,5.20702519,0.128750355,0.0361866449,0.733091366,0.00846948965,0.0,0.792083,32.51439535,58.6492,15.1046,0.540193,27.96144457
bandGap+ElectronAffinity.iv,3,36,1.2,4.165,0.568121,26.3758667,7.67909732,34.7682332,1.04460736,6.46954221,0.128756968,0.0361907779,1.0321187,0.0124886606,0.0,0.792083,32.51439535,58.6492,15.1046,0.540193,27.96144457
bandGap+ElectronAffinity.iv,3,37,1.2,4.165,0.60124,23.7520968,10.2828623,34.7682332,1.49504811,8.62285358,0.128763916,0.0361966954,1.47551961,0.019528505,0.0,0.792083,32.51439535,58.6492,15.1046,0.540193,27.96144457
bandGap+ElectronAffinity.iv,3,38,1.2,4.165,0.642241,19.5517566,14.4632115,34.7682332,2.13404482,12.1641895,0.128771466,0.0362057637,2.10269049,0.0313543316,0.0,0.792083,32.51439535,58.6492,15.1046,0.540193,27.96144457
bandGap+ElectronAffinity.iv,3,39,1.2,4.165,0.693262,13.3476286,20.6472873,34.7682332,2.96727103,17.5150166,0.128779831,0.0362198277,2.9178747,0.0493963322,0.0,0.792083,32.51439535,58.6492,15.1046,0.540193,27.96144457
bandGap+ElectronAffinity.iv,3,40,1.2,4.165,0.75359,5.28194446,28.6931619,34.7682332,3.92693618,24.6011958,0.12878902,0.0362409112,3.85378388,0.0731522961,0.0,0.792083,32.51439535,58.6492,15.1046,0.540193,27.96144457
bandGap+ElectronAffinity.iv,3,41,1.2,4.165,0.818265,-3.65294808,37.6075691,34.7682332,4.87452958,32.5679706,0.128798419,0.036270504,4.77536911,0.0991604742,0.0,0.792083,32.51439535,58.6492,15.1046,0.540193,27.96144457
bandGap+ElectronAffinity.iv,3,42,1.2,4.165,0.879713,-11.9425629,45.8783896,34.7682332,5.66876025,40.0445128,0.128807084,0.0363094079,5.54606648,0.122693776,0.0,0.792083,32.51439535,58.6492,15.1046,0.540193,27.96144457
bandGap+ElectronAffinity.iv,3,43,1.2,4.165,0.932044,-18.4087231,52.3244676,34.7682332,6.23560322,45.9236937,0.128813907,0.0363567692,6.09531503,0.140288195,0.0,0.792083,32.51439535,58.6492,15.1046,0.540193,27.96144457
bandGap+ElectronAffinity.iv,3,44,1.2,4.165,0.973562,-22.712445,56.6064569,34.7682332,6.58637163,49.8548558,0.128818495,0.0364109872,6.43494318,0.151428452,0.0,0.792083,32.51439535,58.6492,15.1046,0.540193,27.96144457
bandGap+ElectronAffinity.iv,3,45,1.2,4.165,1.006191,-25.2382985,59.1142,34.7682332,6.78640911,52.1625002,0.128821319,0.0364693999,6.62841536,0.157993745,0.0,0.792083,32.51439535,58.6492,15.1046,0.540193,27.96144457
bandGap+ElectronAffinity.iv,3,46,1.2,4.165,1.03311,-26.6219799,60.4780987,34.7682332,6.89157357,53.421173,0.128822849,0.0365292979,6.73012905,0.161444522,0.0,0.792083,32.51439535,58.6492,15.1046,0.540193,27.96144457
bandGap+ElectronAffinity.iv,3,47,1.2,4.165,1.056852,-27.3704491,61.2046166,34.7682332,6.94411039,54.0950926,0.128823611,0.0365899645,6.78101559,0.163094798,0.0,0.792083,32.51439535,58.6492,15.1046,0.540193,27.96144457
bandGap+ElectronAffinity.iv,3,48,1.2,4.165,1.078948,-27.7896772,61.603789,34.7682332,6.97404156,54.4642727,0.128824061,0.0366506382,6.80996313,0.16407843,0.0,0.792083,32.51439535,58.6492,15.1046,0.540193,27.96144457
bandGap+ElectronAffinity.iv,3,49,1.2,4.165,1.100238,-28.0475156,61.8415958,34.7682332,6.99179412,54.6842668,0.128824329,0.036710596,6.82713151,0.164662613,0.0,0.792083,32.51439535,58.6492,15.1046,0.540193,27.96144457
bandGap+ElectronAffinity.iv,3,50,1.2,4.165,1.12113,-28.2260595,62.000118,34.7682332,7.00359322,54.8309315,0.128824508,0.0367687142,6.83854206,0.165051156,0.0,0.792083,32.51439535,58.6492,15.1046,0.540193,27.96144457
bandGap+ElectronAffinity.iv,3,51,1.2,4.165,1.141829,-28.3657937,62.1198356,34.7682332,7.01248557,54.9416986,0.128824643,0.036826762,6.84714144,0.165344129,0.0,0.792083,32.51439535,58.6492,15.1046,0.540193,27.96144457
bandGap+ElectronAffinity.iv,3,52,1.2,4.165,1.162426,-28.4852937,62.2193215,34.7682332,7.01986277,55.0337501,0.128824756,0.0368838753,6.8542755,0.16558727,0.0,0.792083,32.51439535,58.6492,15.1046,0.540193,27.96144457
bandGap+ElectronAffinity.iv,3,53,1.2,4.165,1.182968,-28.5935466,62.3075616,34.7682332,7.0263968,55.1154001,0.128824855,0.0369398643,6.86059411,0.165802689,0.0,0.792083,32.51439535,58.6492,15.1046,0.540193,27.96144457
bandGap+ElectronAffinity.iv,3,54,1.2,4.165,1.203474,-28.694891,62.3888942,34.7682332,7.03241168,55.1906626,0.128824948,0.0369949219,6.86641063,0.166001049,0.0,0.792083,32.51439535,58.6492,15.1046,0.540193,27.96144457
bandGap+ElectronAffinity.iv,3,55,1.2,4.165,1.223957,-28.7914881,62.4654806,34.7682332,7.03806941,55.2615367,0.128825034,0.0370494233,6.8718817,0.166187706,0.0,0.792083,32.51439535,58.6492,15.1046,0.540193,27.96144457
bandGap+ElectronAffinity.iv,3,56,1.2,4.165,1.24442,-28.8840923,62.5380739,34.7682332,7.04342575,55.3287205,0.128825117,0.0371025049,6.8770613,0.166364443,0.0,0.792083,32.51439535,58.6492,15.1046,0.540193,27.96144457
bandGap+ElectronAffinity.iv,3,57,1.2,4.165,1.264869,-28.9738541,62.607825,34.7682332,7.04856678,55.393278,0.128825196,0.0371550328,6.88203267,0.166534111,0.0,0.792083,32.51439535,58.6492,15.1046,0.540193,27.96144457
bandGap+ElectronAffinity.iv,3,58,1.2,4.165,1.285304,-29.0608779,62.6748386,34.7682332,7.05350107,55.4553055,0.128825272,0.0372067522,6.88680407,0.166696996,0.0,0.792083,32.51439535,58.6492,15.1046,0.540193,27.96144457
bandGap+ElectronAffinity.iv,3,59,1.2,4.165,1.305727,-29.1454806,62.7394313,34.7682332,7.0582524,55.5150955,0.128825345,0.037258088,6.89139852,0.166853876,0.0,0.792083,32.51439535,58.6492,15.1046,0.540193,27.96144457
bandGap+ElectronAffinity.iv,3,60,1.2,4.165,1.326139,-29.2277825,62.8017236,34.7682332,7.06283015,55.5727592,0.128825416,0.0373087361,6.8958251,0.167005055,0.0,0.792083,32.51439535,58.6492,15.1046,0.540193,27.96144457
bandGap+ElectronAffinity.iv,3,61,1.2,4.165,1.346539,-29.307899,62.8618306,34.7682332,7.06724327,55.6284034,0.128825484,0.0373583878,6.90009245,0.167150828,0.0,0.792083,32.51439535,58.6492,15.1046,0.540193,27.96144457
bandGap+ElectronAffinity.iv,4,1,1.2,4.266,-0.164589,32.9178459,1.83717692,34.7682332,0.0509978805,1.62034214,0.128348923,0.0374879726,0.0508425321,0.00015534831,0.0,0.791925,32.44188304,57.1799,14.6904,0.5453,26.94002658
bandGap+ElectronAffinity.iv,4,2,1.2,4.266,-0.144327,32.865306,1.86971836,34.7682332,0.0521934746,1.65165182,0.128352813,0.0375202517,0.0520281245,0.0001653501,0.0,0.791925,32.44188304,57.1799,14.6904,0.5453,26.94002658
bandGap+ElectronAffinity.iv,4,3,1.2,4.266,-0.124056,32.8112908,1.90373338,34.7682332,0.0534503615,1.68437415,0.128356616,0.0375522515,0.0532743353,0.000176026193,0.0,0.791925,32.44188304,57.1799,14.6904,0.5453,26.94002658
bandGap+ElectronAffinity.iv,4,4,1.2,4.266,-0.103778,32.7556917,1.93933235,34.7682332,0.0547735108,1.71861455,0.128360332,0.0375839557,0.0545860784,0.000187432348,0.0,0.791925,32.44188304,57.1799,14.6904,0.5453,26.94002658
bandGap+ElectronAffinity.iv,4,5,1.2,4.266,-0.083492,32.6983874,1.9766365,34.7682332,0.0561684401,1.75448875,0.128363962,0.037615345,0.0559688052,0.000199634846,0.0,0.791925,32.44188304,57.1799,14.6904,0.5453,26.94002658
bandGap+ElectronAffinity.iv,4,6,1.2,4.266,-0.063196,32.6392456,2.01577825,34.7682332,0.0576413202,1.79212303,0.128367508,0.0376463984,0.057428611,0.00021270919,0.0,0.791925,32.44188304,57.1799,14.6904,0.5453,26.94002658
bandGap+ElectronAffinity.iv,4,7,1.2,4.266,-0.042891,32.5781215,2.05690221,34.7682332,0.0591990768,1.83165507,0.128370973,0.0376770929,0.058972335,0.000226741761,0.0,0.791925,32.44188304,57.1799,14.6904,0.5453,26.94002658
bandGap+ElectronAffinity.iv,4,8,1.2,4.266,-0.022574,32.5148572,2.10016623,34.7682332,0.0608495128,1.87323496,0.128374358,0.037707403,0.060607681,0.000241831805,0.0,0.791925,32.44188304,57.1799,14.6904,0.5453,26.94002658
bandGap+ElectronAffinity.iv,4,9,1.2,4.266,-0.002246,32.4492806,2.14574264,34.7682332,0.0626014564,1.91702622,0.128377667,0.0377373013,0.0623433626,0.000258093827,0.0,0.791925,32.44188304,57.1799,14.6904,0.5453,26.94002658
bandGap+ElectronAffinity.iv,4,10,1.2,4.266,0.018094,32.3812037,2.19381941,34.7682332,0.064464941,1.96320681,0.1283809,0.0377667576,0.0641892805,0.00027566046,0.0,0.791925,32.44188304,57.1799,14.6904,0.5453,26.94002658
bandGap+ElectronAffinity.iv,4,11,1.2,4.266,0.038448,32.3104214,2.24460151,34.7682332,0.0664514261,2.01197028,0.128384061,0.0377957391,0.0661567401,0.000294685934,0.0,0.791925,32.44188304,57.1799,14.6904,0.5453,26.94002658
bandGap+ElectronAffinity.iv,4,12,1.2,4.266,0.058816,32.2367104,2.29831234,34.7682332,0.0685740719,2.0635269,0.128387152,0.0378242105,0.0682587216,0.000315350251,0.0,0.791925,32.44188304,57.1799,14.6904,0.5453,26.94002658
bandGap+ElectronAffinity.iv,4,13,1.2,4.266,0.079201,32.1598273,2.35519521,34.7682332,0.0708480844,2.11810482,0.128390176,0.0378521334,0.0705102202,0.000337864215,0.0,0.791925,32.44188304,57.1799,14.6904,0.5453,26.94002658
bandGap+ElectronAffinity.iv,4,14,1.2,4.266,0.099602,32.0795073,2.41551512,34.7682332,0.0732911573,2.17595136,0.128393136,0.0378794669,0.0729286818,0.000362475516,0.0,0.791925,32.44188304,57.1799,14.6904,0.5453,26.94002658
bandGap+ElectronAffinity.iv,4,15,1.2,4.266,0.120023,31.9954614,2.47956061,34.7682332,0.0759240489,2.23733436,0.128396033,0.0379061671,0.0755345729,0.000389476069,0.0,0.791925,32.44188304,57.1799,14.6904,0.5453,26.94002658
bandGap+ElectronAffinity.iv,4,16,1.2,4.266,0.140463,31.9073756,2.54764617,34.7682332,0.078771359,2.30254375,0.128398871,0.037932188,0.078352148,0.000419210917,0.0,0.791925,32.44188304,57.1799,14.6904,0.5453,26.94002658
bandGap+ElectronAffinity.iv,4,17,1.2,4.266,0.160925,31.8149063,2.62011514,34.7682332,0.0818626059,2.3718934,0.128401653,0.0379574816,0.0814105169,0.000452089057,0.0,0.791925,32.44188304,57.1799,14.6904,0.5453,26.94002658
bandGap+ElectronAffinity.iv,4,18,1.2,4.266,0.181412,31.7176775,2.69734365,34.7682332,0.08523378,2.44572349,0.128404382,0.0379819981,0.0847451833,0.000488596699,0.0,0.791925,32.44188304,57.1799,14.6904,0.5453,26.94002658
bandGap+ElectronAffinity.iv,4,19,1.2,4.266,0.201924,31.615275,2.77974616,34.7682332,0.0889296644,2.52440375,0.128407061,0.0380056873,0.0884003507,0.000529313706,0.0,0.791925,32.44188304,57.1799,14.6904,0.5453,26.94002658
bandGap+ElectronAffinity.iv,4,20,1.2,4.266,0.222464,31.5072369,2.86778374,34.7682332,0.0930074307,2.60833811,0.128409694,0.0380284991,0.0924324963,0.000574934365,0.0,0.791925,32.44188304,57.1799,14.6904,0.5453,26.94002658
bandGap+ElectronAffinity.iv,4,21,1.2,4.266,0.243035,31.3930435,2.96197674,34.7682332,0.0975423615,2.69797171,0.128412283,0.0380503848,0.0969160671,0.000626294377,0.0,0.791925,32.44188304,57.1799,14.6904,0.5453,26.94002658
bandGap+ElectronAffinity.iv,4,22,1.2,4.266,0.26364,31.2720947,3.06292512,34.7682332,0.102637129,2.79380186,0.128414832,0.0380712985,0.101952722,0.00068440744,0.0,0.791925,32.44188304,57.1799,14.6904,0.5453,26.94002658
bandGap+ElectronAffinity.iv,4,23,1.2,4.266,0.284282,31.1436778,3.17134152,34.7682332,0.108436956,2.89639602,0.128417345,0.0380911984,0.107686438,0.000750517584,0.0,0.791925,32.44188304,57.1799,14.6904,0.5453,26.94002658
bandGap+ElectronAffinity.iv,4,24,1.2,4.266,0.304965,31.0069127,3.28810628,34.7682332,0.115154311,3.00642209,0.128419825,0.0381100486,0.114328132,0.000826179132,0.0,0.791925,32.44188304,57.1799,14.6904,0.5453,26.94002658
bandGap+ElectronAffinity.iv,4,25,1.2,4.266,0.325697,30.8606581,3.4143604,34.7682332,0.123108731,3.12470157,0.128422277,0.0381278207,0.122195343,0.000913387644,0.0,0.791925,32.44188304,57.1799,14.6904,0.5453,26.94002658
bandGap+ElectronAffinity.iv,4,26,1.2,4.266,0.346483,30.7033531,3.55166498,34.7682332,0.132790024,3.25230576,0.128424704,0.038144495,0.131775215,0.00101480877,0.0,0.791925,32.44188304,57.1799,14.6904,0.5453,26.94002658
bandGap+ElectronAffinity.iv,4,27,1.2,4.266,0.367336,30.5327385,3.70227902,34.7682332,0.144957168,3.39073468,0.128427112,0.0381600623,0.143822967,0.00113420037,0.0,0.791925,32.44188304,57.1799,14.6904,0.5453,26.94002658
bandGap+ElectronAffinity.iv,4,28,1.2,4.266,0.388273,30.3453644,3.86965263,34.7682332,0.160791647,3.54225695,0.128429506,0.0381745248,0.159514424,0.00127722306,0.0,0.791925,32.44188304,57.1799,14.6904,0.5453,26.94002658
bandGap+ElectronAffinity.iv,4,29,1.2,4.266,0.409322,30.1356965,4.05931996,34.7682332,0.182135122,3.71056505,0.128431894,0.0381878981,0.180682083,0.00145303929,0.0,0.791925,32.44188304,57.1799,14.6904,0.5453,26.94002658
bandGap+ElectronAffinity.iv,4,30,1.2,4.266,0.430528,29.8944726,4.28054333,34.7682332,0.211859944,3.90204888,0.128434288,0.0382002129,0.210182427,0.00167751789,0.0,0.791925,32.44188304,57.1799,14.6904,0.5453,26.94002658
bandGap+ElectronAffinity.iv,4,31,1.2,4.266,0.451972,29.6056437,4.54937182,34.7682332,0.254449427,4.12827417,0.128436707,0.0382115186,0.252469735,0.00197969242,0.0,0.791925,32.44188304,57.1799,14.6904,0.5453,26.94002658
bandGap+ElectronAffinity.iv,4,32,1.2,4.266,0.473797,29.2406837,4.89433124,34.7682332,0.316900792,4.41076937,0.128439182,0.0382218901,0.314486077,0.00241471527,0.0,0.791925,32.44188304,57.1799,14.6904,0.5453,26.94002658
bandGap+ElectronAffinity.iv,4,33,1.2,4.266,0.496259,28.7481727,5.36684167,34.7682332,0.410088373,4.79008009,0.12844177,0.038231441,0.40699902,0.00308935292,0.0,0.791925,32.44188304,57.1799,14.6904,0.5453,26.94002658
bandGap+ElectronAffinity.iv,4,34,1.2,4.266,0.519822,28.0355313,6.05948255,34.7682332,0.550664431,5.3421332,0.12844457,0.0382403495,0.546454381,0.00421005032,0.0,0.791925,32.44188304,57.1799,14.6904,0.5453,26.94002658
bandGap+ElectronAffinity.iv,4,35,1.2,4.266,0.5453,26.9400266,7.1349868,34.7682332,0.763206684,6.20508345,0.128447764,0.0382489038,0.757041057,0.00616562695,0.0,0.791925,32.44188304,57.1799,14.6904,0.5453,26.94002658
bandGap+ElectronAffinity.iv,4,36,1.2,4.266,0.574036,25.1927409,8.86227172,34.7682332,1.08114206,7.61442043,0.128451655,0.0382575744,1.0714993,0.00964275244,0.0,0.791925,32.44188304,57.1799,14.6904,0.5453,26.94002658
bandGap+ElectronAffinity.iv,4,37,1.2,4.266,0.607984,22.4031183,11.6318921,34.7682332,1.54247985,9.92268847,0.128456712,0.0382670992,1.52677306,0.0157067898,0.0,0.791925,32.44188304,57.1799,14.6904,0.5453,26.94002658
bandGap+ElectronAffinity.iv,4,38,1.2,4.266,0.649319,18.136197,15.8787511,34.7682332,2.17429544,13.5377136,0.128463546,0.0382785206,2.14865723,0.0256382088,0.0,0.791925,32.44188304,57.1799,14.6904,0.5453,26.94002658
bandGap+ElectronAffinity.iv,4,39,1.2,4.266,0.699232,12.1535498,21.8414762,34.7682332,2.96621771,18.7084928,0.128472607,0.0382931001,2.92595049,0.04026722,0.0,0.791925,32.44188304,57.1799,14.6904,0.5453,26.94002658
bandGap+ElectronAffinity.iv,4,40,1.2,4.266,0.756403,4.71942388,29.2555062,34.7682332,3.85220653,25.2365038,0.128483904,0.0383120079,3.79319695,0.0590095808,0.0,0.791925,32.44188304,57.1799,14.6904,0.5453,26.94002658
bandGap+ElectronAffinity.iv,4,41,1.2,4.266,0.816655,-3.33104003,37.2862865,34.7682332,4.72707791,32.3923757,0.128496705,0.0383361315,4.64746272,0.0796151945,0.0,0.791925,32.44188304,57.1799,14.6904,0.5453,26.94002658
bandGap+ElectronAffinity.iv,4,42,1.2,4.266,0.874623,-10.9245058,44.8598661,34.7682332,5.49011937,39.202871,0.128509644,0.0383660525,5.39105934,0.0990600362,0.0,0.791925,32.44188304,57.1799,14.6904,0.5453,26.94002658
bandGap+ElectronAffinity.iv,4,43,1.2,4.266,0.925906,-17.1811696,51.0957901,34.7682332,6.07909888,44.8497683,0.128521048,0.0384018241,5.96421145,0.114887438,0.0,0.791925,32.44188304,57.1799,14.6904,0.5453,26.94002658
bandGap+ElectronAffinity.iv,4,44,1.2,4.266,0.968455,-21.6909615,55.5858767,34.7682332,6.48420563,48.9346981,0.128529839,0.0384431044,6.35802183,0.126183805,0.0,0.791925,32.44188304,57.1799,14.6904,0.5453,26.94002658
bandGap+ElectronAffinity.iv,4,45,1.2,4.266,1.002829,-24.5657924,58.4406206,34.7682332,6.73319127,51.5404051,0.128535686,0.0384884855,6.59992547,0.133265797,0.0,0.791925,32.44188304,57.1799,14.6904,0.5453,26.94002658
bandGap+ElectronAffinity.iv,4,46,1.2,4.266,1.031157,-26.2314709,60.0862978,34.7682332,6.87419962,53.0450223,0.128539188,0.038536729,6.73687573,0.137323889,0.0,0.791925,32.44188304,57.1799,14.6904,0.5453,26.94002658
bandGap+ElectronAffinity.iv,4,47,1.2,4.266,1.055759,-27.151848,60.9861978,34.7682332,6.94962521,53.8694451,0.128541098,0.0385864377,6.81013034,0.139494876,0.0,0.791925,32.44188304,57.1799,14.6904,0.5453,26.94002658
bandGap+ElectronAffinity.iv,4,48,1.2,4.266,1.078318,-27.6635973,61.4789023,34.7682332,6.9922116,54.3195125,0.128542217,0.0386360172,6.85145067,0.140760925,0.0,0.791925,32.44188304,57.1799,14.6904,0.5453,26.94002658
bandGap+ElectronAffinity.iv,4,49,1.2,4.266,1.099844,-27.9688662,61.7638923,34.7682332,7.01533255,54.5813317,0.128542795,0.0386851765,6.8739029,0.141429646,0.0,0.791925,32.44188304,57.1799,14.6904,0.5453,26.94002658
bandGap+ElectronAffinity.iv,4,50,1.2,4.266,1.120856,-28.1711976,61.9464205,34.7682332,7.03065474,54.7484885,0.128543196,0.0387339854,6.88877455,0.141880188,0.0,0.791925,32.44188304,57.1799,14.6904,0.5453,26.94002658
bandGap+ElectronAffinity.iv,4,51,1.2,4.266,1.141614,-28.3227375,62.0780431,34.7682332,7.04169658,54.8690212,0.128543487,0.0387818533,6.89949168,0.1422049,0.0,0.791925,32.44188304,57.1799,14.6904,0.5453,26.94002658
bandGap+ElectronAffinity.iv,4,52,1.2,4.266,1.162242,-28.4484311,62.1837845,34.7682332,7.0505486,54.9658632,0.128543721,0.0388288996,6.90808385,0.142464748,0.0,0.791925,32.44188304,57.1799,14.6904,0.5453,26.94002658
bandGap+ElectronAffinity.iv,4,53,1.2,4.266,1.182801,-28.5602571,62.2756363,34.7682332,7.05822045,55.0499966,0.128543925,0.0388753995,6.91553089,0.142689559,0.0,0.791925,32.44188304,57.1799,14.6904,0.5453,26.94002658
bandGap+ElectronAffinity.iv,4,54,1.2,4.266,1.203318,-28.6636395,62.3590329,34.7682332,7.06517327,55.1263947,0.12854411,0.0389208345,6.92228019,0.142893084,0.0,0.791925,32.44188304,57.1799,14.6904,0.5453,26.94002658
bandGap+ElectronAffinity.iv,4,55,1.2,4.266,1.223809,-28.7617593,62.4371608,34.7682332,7.07167755,55.1979734,0.128544283,0.0389655618,6.92859417,0.143083384,0.0,0.791925,32.44188304,57.1799,14.6904,0.5453,26.94002658
bandGap+ElectronAffinity.iv,4,56,1.2,4.266,1.244279,-28.8558433,62.5112497,34.7682332,7.07783872,55.265857,0.128544447,0.0390095492,6.9345751,0.143263623,0.0,0.791925,32.44188304,57.1799,14.6904,0.5453,26.94002658
bandGap+ElectronAffinity.iv,4,57,1.2,4.266,1.264734,-28.946719,62.5821285,34.7682332,7.0837274,55.3308034,0.128544605,0.0390531173,6.9402915,0.143435899,0.0,0.791925,32.44188304,57.1799,14.6904,0.5453,26.94002658
bandGap+ElectronAffinity.iv,4,58,1.2,4.266,1.285174,-29.0347595,62.6501712,34.7682332,7.08937574,55.3931546,0.128544756,0.0390960425,6.94577457,0.143601166,0.0,0.791925,32.44188304,57.1799,14.6904,0.5453,26.94002658
bandGap+ElectronAffinity.iv,4,59,1.2,4.266,1.305601,-29.120178,62.7155911,34.7682332,7.09480222,55.4531058,0.128544902,0.039138091,6.95104225,0.143759972,0.0,0.791925,32.44188304,57.1799,14.6904,0.5453,26.94002658
bandGap+ElectronAffinity.iv,4,60,1.2,4.266,1.326016,-29.2031157,62.7785297,34.7682332,7.10001917,55.510786,0.128545042,0.0391795277,6.95610649,0.143912675,0.0,0.791925,32.44188304,57.1799,14.6904,0.5453,26.94002658
bandGap+ElectronAffinity.iv,4,61,1.2,4.266,1.34642,-29.2839593,62.8393737,34.7682332,7.10505901,55.5665492,0.128545178,0.0392203068,6.96099879,0.144060224,0.0,0.791925,32.44188304,57.1799,14.6904,0.5453,26.94002658
bandGap+ElectronAffinity.iv,5,1,1.2,4.37,-0.164835,32.9670582,1.78800884,34.7682332,0.0603232897,1.56199786,0.127931585,0.0377561026,0.0597068865,0.000616403162,0.0,0.760308,32.40200366,51.4102,12.6652,0.491036,25.79272793
bandGap+ElectronAffinity.iv,5,2,1.2,4.37,-0.144539,32.9077194,1.82734457,34.7682332,0.0619541678,1.59966553,0.127933701,0.0377911732,0.0613160202,0.00063814765,0.0,0.760308,32.40200366,51.4102,12.6652,0.491036,25.79272793
bandGap+ElectronAffinity.iv,5,3,1.2,4.37,-0.12423,32.8459648,1.86909886,34.7682332,0.0636746491,1.63966232,0.12793577,0.0378261183,0.0630138135,0.000660835587,0.0,0.760308,32.40200366,51.4102,12.6652,0.491036,25.79272793
bandGap+ElectronAffinity.iv,5,4,1.2,4.37,-0.103908,32.781569,1.91349433,34.7682332,0.0654917849,1.6822038,0.127937811,0.0378609272,0.0648072191,0.000684565743,0.0,0.760308,32.40200366,51.4102,12.6652,0.491036,25.79272793
bandGap+ElectronAffinity.iv,5,5,1.2,4.37,-0.083571,32.7142871,1.96077592,34.7682332,0.0674136847,1.72752681,0.127939827,0.0378955979,0.0667042795,0.000709405159,0.0,0.760308,32.40200366,51.4102,12.6652,0.491036,25.79272793
bandGap+ElectronAffinity.iv,5,6,1.2,4.37,-0.063219,32.6438491,2.01121363,34.7682332,0.0694493975,1.77589228,0.127941818,0.0379301281,0.0687139703,0.00073542717,0.0,0.760308,32.40200366,51.4102,12.6652,0.491036,25.79272793
bandGap+ElectronAffinity.iv,5,7,1.2,4.37,-0.04285,32.5699576,2.0651047,34.7682332,0.0716090625,1.82758734,0.127943787,0.0379645151,0.0708463502,0.000762712333,0.0,0.760308,32.40200366,51.4102,12.6652,0.491036,25.79272793
bandGap+ElectronAffinity.iv,5,8,1.2,4.37,-0.022461,32.4922861,2.12277589,34.7682332,0.0739040956,1.8829273,0.127945736,0.0379987558,0.0731127461,0.000791349487,0.0,0.760308,32.40200366,51.4102,12.6652,0.491036,25.79272793
bandGap+ElectronAffinity.iv,5,9,1.2,4.37,-0.002052,32.410476,2.18458564,34.7682332,0.0763474217,1.94225771,0.127947667,0.0380328466,0.0755259847,0.000821437032,0.0,0.760308,32.40200366,51.4102,12.6652,0.491036,25.79272793
bandGap+ElectronAffinity.iv,5,10,1.2,4.37,0.018379,32.3241349,2.25092631,34.7682332,0.0789537703,2.00595617,0.127949582,0.0380667833,0.0781006858,0.00085308449,0.0,0.760308,32.40200366,51.4102,12.6652,0.491036,25.79272793
bandGap+ElectronAffinity.iv,5,11,1.2,4.37,0.038836,32.2328344,2.32222615,34.7682332,0.0817400564,2.07443404,0.127951484,0.0381005607,0.080853642,0.000886414444,0.0,0.760308,32.40200366,51.4102,12.6652,0.491036,25.79272793
bandGap+ElectronAffinity.iv,5,12,1.2,4.37,0.059319,32.1361088,2.39895129,34.7682332,0.0847258843,2.14813786,0.127953374,0.0381341727,0.0838043193,0.000921564937,0.0,0.760308,32.40200366,51.4102,12.6652,0.491036,25.79272793
bandGap+ElectronAffinity.iv,5,13,1.2,4.37,0.079833,32.0334523,2.48160761,34.7682332,0.0879342247,2.22755051,0.127955257,0.0381676123,0.0869755322,0.000958692521,0.0,0.760308,32.40200366,51.4102,12.6652,0.491036,25.79272793
bandGap+ElectronAffinity.iv,5,14,1.2,4.37,0.100378,31.9243166,2.57074262,34.7682332,0.0913923511,2.31319226,0.127957134,0.0382008706,0.090394375,0.000997976155,0.0,0.760308,32.40200366,51.4102,12.6652,0.491036,25.79272793
bandGap+ElectronAffinity.iv,5,15,1.2,4.37,0.120959,31.8081106,2.66694806,34.7682332,0.0951331641,2.40562195,0.127959009,0.0382339372,0.0940935418,0.00103962227,0.0,0.760308,32.40200366,51.4102,12.6652,0.491036,25.79272793
bandGap+ElectronAffinity.iv,5,16,1.2,4.37,0.141579,31.6841938,2.7708638,34.7682332,0.0991971146,2.505439,0.127960886,0.0382667992,0.0981132431,0.00108387148,0.0,0.760308,32.40200366,51.4102,12.6652,0.491036,25.79272793
bandGap+ElectronAffinity.iv,5,17,1.2,4.37,0.162241,31.5518712,2.88318503,34.7682332,0.103635065,2.61328776,0.127962768,0.0382994412,0.102504058,0.00113100765,0.0,0.760308,32.40200366,51.4102,12.6652,0.491036,25.79272793
bandGap+ElectronAffinity.iv,5,18,1.2,4.37,0.182948,31.4103812,3.00467585,34.7682332,0.108512644,2.7298667,0.127964659,0.0383318441,0.107331273,0.00118137049,0.0,0.760308,32.40200366,51.4102,12.6652,0.491036,25.79272793
bandGap+ElectronAffinity.iv,5,19,1.2,4.37,0.203706,31.258862,3.13619476,34.7682332,0.113916986,2.85594723,0.127966564,0.0383639846,0.112681613,0.00123537346,0.0,0.760308,32.40200366,51.4102,12.6652,0.491036,25.79272793
bandGap+ElectronAffinity.iv,5,20,1.2,4.37,0.224518,31.0963139,3.27874204,34.7682332,0.119967327,2.99241039,0.127968489,0.0383958338,0.118673797,0.00129353035,0.0,0.760308,32.40200366,51.4102,12.6652,0.491036,25.79272793
bandGap+ElectronAffinity.iv,5,21,1.2,4.37,0.245392,30.92151,3.4335451,34.7682332,0.126831743,3.14031556,0.127970438,0.0384273561,0.125475247,0.00135649593,0.0,0.760308,32.40200366,51.4102,12.6652,0.491036,25.79272793
bandGap+ElectronAffinity.iv,5,22,1.2,4.37,0.266336,30.7328453,3.60220949,34.7682332,0.134753634,3.30102492,0.127972422,0.0384585078,0.133328503,0.00142513116,0.0,0.760308,32.40200366,51.4102,12.6652,0.491036,25.79272793
bandGap+ElectronAffinity.iv,5,23,1.2,4.37,0.28736,30.5280729,3.78698014,34.7682332,0.144093311,3.47642314,0.127974451,0.0384892344,0.142592699,0.00150061153,0.0,0.760308,32.40200366,51.4102,12.6652,0.491036,25.79272793
bandGap+ElectronAffinity.iv,5,24,1.2,4.37,0.308481,30.303868,3.99118547,34.7682332,0.155392387,3.66929707,0.127976542,0.0385194692,0.153807773,0.00158461455,0.0,0.760308,32.40200366,51.4102,12.6652,0.491036,25.79272793
bandGap+ElectronAffinity.iv,5,25,1.2,4.37,0.329724,30.0551589,4.21986846,34.7682332,0.169466674,3.88387391,0.127978769,0.0385491091,0.167786724,0.00167994989,0.0,0.760308,32.40200366,51.4102,12.6652,0.491036,25.79272793
bandGap+ElectronAffinity.iv,5,26,1.2,4.37,0.351132,29.7735875,4.48144037,34.7682332,0.187568359,4.12731284,0.127981072,0.038578099,0.185778377,0.00178998198,0.0,0.760308,32.40200366,51.4102,12.6652,0.491036,25.79272793
bandGap+ElectronAffinity.iv,5,27,1.2,4.37,0.37277,29.4460217,4.78900634,34.7682332,0.211566486,4.41084999,0.127983563,0.0386062987,0.209644959,0.00192152639,0.0,0.760308,32.40200366,51.4102,12.6652,0.491036,25.79272793
bandGap+ElectronAffinity.iv,5,28,1.2,4.37,0.394744,29.0511685,5.16386003,34.7682332,0.244244458,4.75299565,0.127986344,0.0386335721,0.242158731,0.00208572722,0.0,0.760308,32.40200366,51.4102,12.6652,0.491036,25.79272793
bandGap+ElectronAffinity.iv,5,29,1.2,4.37,0.417225,28.5550425,5.6399882,34.7682332,0.289651521,5.18368734,0.127989573,0.0386597688,0.287349474,0.00230204733,0.0,0.760308,32.40200366,51.4102,12.6652,0.491036,25.79272793
bandGap+ElectronAffinity.iv,5,30,1.2,4.37,0.440477,27.9046304,6.27040256,34.7682332,0.35348598,5.75023835,0.127993496,0.0386847348,0.350881402,0.00260457781,0.0,0.760308,32.40200366,51.4102,12.6652,0.491036,25.79272793
bandGap+ElectronAffinity.iv,5,31,1.2,4.37,0.464897,27.0206208,7.13441906,34.7682332,0.443350243,6.52436201,0.127998482,0.0387083322,0.440298474,0.0030517692,0.0,0.760308,32.40200366,51.4102,12.6652,0.491036,25.79272793
bandGap+ElectronAffinity.iv,5,32,1.2,4.37,0.491036,25.7927279,8.34228017,34.7682332,0.568489648,7.60705498,0.12800509,0.038730457,0.564750766,0.00373888227,0.0,0.760308,32.40200366,51.4102,12.6652,0.491036,25.79272793
bandGap+ElectronAffinity.iv,5,33,1.2,4.37,0.519587,24.082694,10.0323305,34.7682332,0.738735383,9.12683008,0.128013865,0.0387511485,0.733929315,0.00480606811,0.0,0.760308,32.40200366,51.4102,12.6652,0.491036,25.79272793
bandGap+ElectronAffinity.iv,5,34,1.2,4.37,0.551255,21.748949,12.3460909,34.7682332,0.96171832,11.2175766,0.128025549,0.0387705244,0.955284995,0.00643332485,0.0,0.760308,32.40200366,51.4102,12.6652,0.491036,25.79272793
bandGap+ElectronAffinity.iv,5,35,1.2,4.37,0.586564,18.68719,15.3878283,34.7682332,1.23975393,13.9812448,0.128040704,0.038788869,1.23095001,0.00880392416,0.0,0.760308,32.40200366,51.4102,12.6652,0.491036,25.79272793
bandGap+ElectronAffinity.iv,5,36,1.2,4.37,0.625634,14.8731608,19.1818169,34.7682332,1.56783003,17.4471207,0.128059497,0.0388066179,1.55578379,0.0120462341,0.0,0.760308,32.40200366,51.4102,12.6652,0.491036,25.79272793
bandGap+ElectronAffinity.iv,5,37,1.2,4.37,0.668086,10.3827163,23.652307,34.7682332,1.93407746,21.5513236,0.128081651,0.0388242921,1.91789611,0.0161813497,0.0,0.760308,32.40200366,51.4102,12.6652,0.491036,25.79272793
bandGap+ElectronAffinity.iv,5,38,1.2,4.37,0.713102,5.37965315,28.6353279,34.7682332,2.3220951,26.1462837,0.128106631,0.0388424035,2.30099363,0.021101474,0.0,0.760308,32.40200366,51.4102,12.6652,0.491036,25.79272793
bandGap+ElectronAffinity.iv,5,39,1.2,4.37,0.75959,0.0820589955,33.9129797,34.7682332,2.71446003,31.0315247,0.128133482,0.0388614993,2.68786945,0.0265905761,0.0,0.760308,32.40200366,51.4102,12.6652,0.491036,25.79272793
bandGap+ElectronAffinity.iv,5,40,1.2,4.37,0.806332,-5.26636057,39.2414409,34.7682332,3.09424032,35.9801572,0.128161208,0.0388821969,3.06188523,0.0323550922,0.0,0.760308,32.40200366,51.4102,12.6652,0.491036,25.79272793
bandGap+ElectronAffinity.iv,5,41,1.2,4.37,0.852055,-10.4110584,44.3661384,34.7682332,3.44629044,40.7527542,0.12818858,0.038905139,3.40822105,0.0380693912,0.0,0.760308,32.40200366,51.4102,12.6652,0.491036,25.79272793
bandGap+ElectronAffinity.iv,5,42,1.2,4.37,0.895578,-15.1156804,49.0507966,34.7682332,3.75746902,45.1261824,0.128214357,0.0389309125,3.71407584,0.0433931766,0.0,0.760308,32.40200366,51.4102,12.6652,0.491036,25.79272793
bandGap+ElectronAffinity.iv,5,43,1.2,4.37,0.935765,-19.1530025,53.0687468,34.7682332,4.0170742,48.884475,0.128237089,0.0389604904,3.96905291,0.0480212894,0.0,0.760308,32.40200366,51.4102,12.6652,0.491036,25.79272793
bandGap+ElectronAffinity.iv,5,44,1.2,4.37,0.971824,-22.3647215,56.2590043,34.7682332,4.21679886,51.8749561,0.128255644,0.0389936779,4.16513612,0.0516627375,0.0,0.760308,32.40200366,51.4102,12.6652,0.491036,25.79272793
bandGap+ElectronAffinity.iv,6,1,1.247,3.97,-0.156487,31.2974558,1.71715649,33.0263716,0.0573006731,1.50140386,0.128559322,0.0298926354,0.056601069,0.00069960417,0.0,0.696938,30.88135689,55.9988,12.0523,0.472449,25.51026435
bandGap+ElectronAffinity.iv,6,2,1.247,3.97,-0.136241,31.2482147,1.74639672,33.0263716,0.0589745948,1.52895937,0.128569295,0.0298934535,0.058235809,0.000738785868,0.0,0.696938,30.88135689,55.9988,12.0523,0.472449,25.51026435
bandGap+ElectronAffinity.iv,6,3,1.247,3.97,-0.115989,31.1977743,1.77683719,33.0263716,0.0607583317,1.55760529,0.128579323,0.0298942451,0.0599771005,0.000781231199,0.0,0.696938,30.88135689,55.9988,12.0523,0.472449,25.51026435
bandGap+ElectronAffinity.iv,6,4,1.247,3.97,-0.09573,31.146048,1.80856341,33.0263716,0.0626627389,1.58741625,0.128589409,0.0298950107,0.0618354473,0.00082729156,0.0,0.696938,30.88135689,55.9988,12.0523,0.472449,25.51026435
bandGap+ElectronAffinity.iv,6,5,1.247,3.97,-0.075465,31.0929417,1.84166969,33.0263716,0.0647000421,1.61847434,0.128599556,0.0298957509,0.0638226785,0.000877363598,0.0,0.696938,30.88135689,55.9988,12.0523,0.472449,25.51026435
bandGap+ElectronAffinity.iv,6,6,1.247,3.97,-0.055192,31.038351,1.87626038,33.0263716,0.0668840399,1.65087011,0.128609768,0.0298964662,0.0659521441,0.000931895785,0.0,0.696938,30.88135689,55.9988,12.0523,0.472449,25.51026435
bandGap+ElectronAffinity.iv,6,7,1.247,3.97,-0.034911,30.98216,1.91245134,33.0263716,0.0692303411,1.68470379,0.128620048,0.0298971575,0.068238945,0.000991396129,0.0,0.696938,30.88135689,55.9988,12.0523,0.472449,25.51026435
bandGap+ElectronAffinity.iv,6,8,1.247,3.97,-0.014621,30.9242398,1.95037157,33.0263716,0.0717566436,1.7200867,0.1286304,0.0298978254,0.0707002024,0.00105644118,0.0,0.696938,30.88135689,55.9988,12.0523,0.472449,25.51026435
bandGap+ElectronAffinity.iv,6,9,1.247,3.97,0.005678,30.8644461,1.99016527,33.0263716,0.0744830619,1.75714291,0.128640829,0.0298984707,0.0733553754,0.00112768654,0.0,0.696938,30.88135689,55.9988,12.0523,0.472449,25.51026435
bandGap+ElectronAffinity.iv,6,10,1.247,3.97,0.025987,30.8026171,2.03199421,33.0263716,0.0774325142,1.79601126,0.128651341,0.0298990943,0.076226635,0.00120587915,0.0,0.696938,30.88135689,55.9988,12.0523,0.472449,25.51026435
bandGap+ElectronAffinity.iv,6,11,1.247,3.97,0.046307,30.7385706,2.07604071,33.0263716,0.0806311792,1.8368479,0.128661939,0.0298996972,0.0793393074,0.00129187178,0.0,0.696938,30.88135689,55.9988,12.0523,0.472449,25.51026435
bandGap+ElectronAffinity.iv,6,12,1.247,3.97,0.06664,30.6720999,2.12251135,33.0263716,0.0841090399,1.8798294,0.12867263,0.0299002805,0.0827224,0.00138663993,0.0,0.696938,30.88135689,55.9988,12.0523,0.472449,25.51026435
bandGap+ElectronAffinity.iv,6,13,1.247,3.97,0.086985,30.6029696,2.17164161,33.0263716,0.0879005312,1.92515682,0.128683421,0.0299008452,0.0864092293,0.00149130191,0.0,0.696938,30.88135689,55.9988,12.0523,0.472449,25.51026435
bandGap+ElectronAffinity.iv,6,14,1.247,3.97,0.107345,30.5309091,2.22370214,33.0263716,0.0920453142,1.97306111,0.128694318,0.0299013928,0.0904381717,0.00160714252,0.0,0.696938,30.88135689,55.9988,12.0523,0.472449,25.51026435
bandGap+ElectronAffinity.iv,6,15,1.247,3.97,0.127722,30.455604,2.27900725,33.0263716,0.0965892086,2.02381079,0.128705329,0.0299019246,0.0948535675,0.00173564111,0.0,0.696938,30.88135689,55.9988,12.0523,0.472449,25.51026435
bandGap+ElectronAffinity.iv,6,16,1.247,3.97,0.148117,30.3766839,2.33792726,33.0263716,0.101585318,2.07772304,0.128716462,0.0299024423,0.0997068127,0.00187850504,0.0,0.696938,30.88135689,55.9988,12.0523,0.472449,25.51026435
bandGap+ElectronAffinity.iv,6,17,1.247,3.97,0.168531,30.2937041,2.4009071,33.0263716,0.107095398,2.13518103,0.128727726,0.0299029477,0.105057688,0.00203770965,0.0,0.696938,30.88135689,55.9988,12.0523,0.472449,25.51026435
bandGap+ElectronAffinity.iv,6,18,1.247,3.97,0.188969,30.2061152,2.46849589,33.0263716,0.113191531,2.19666178,0.128739131,0.029903443,0.110975985,0.00221554618,0.0,0.696938,30.88135689,55.9988,12.0523,0.472449,25.51026435
bandGap+ElectronAffinity.iv,6,19,1.247,3.97,0.209434,30.1132152,2.54139592,33.0263716,0.119958195,2.2627831,0.12875069,0.0299039308,0.117543516,0.00241467953,0.0,0.696938,30.88135689,55.9988,12.0523,0.472449,25.51026435
bandGap+ElectronAffinity.iv,6,20,1.247,3.97,0.22993,30.0140646,2.62054642,33.0263716,0.127494835,2.33438476,0.128762412,0.0299044143,0.124856617,0.00263821806,0.0,0.696938,30.88135689,55.9988,12.0523,0.472449,25.51026435
bandGap+ElectronAffinity.iv,6,21,1.247,3.97,0.250463,29.9073403,2.70727069,33.0263716,0.135919111,2.41267237,0.128774313,0.0299048979,0.133029313,0.0028897984,0.0,0.696938,30.88135689,55.9988,12.0523,0.472449,25.51026435
bandGap+ElectronAffinity.iv,6,22,1.247,3.97,0.271045,29.7910727,2.80353829,33.0263716,0.145371042,2.49947546,0.128786406,0.0299053876,0.142197354,0.00317368859,0.0,0.696938,30.88135689,55.9988,12.0523,0.472449,25.51026435
bandGap+ElectronAffinity.iv,6,23,1.247,3.97,0.291689,29.6621738,2.91243716,33.0263716,0.156018373,2.59771418,0.128798708,0.0299058927,0.152523459,0.00349491369,0.0,0.696938,30.88135689,55.9988,12.0523,0.472449,25.51026435
bandGap+ElectronAffinity.iv,6,24,1.247,3.97,0.312422,29.5155847,3.03902622,33.0263716,0.168063623,2.71224494,0.128811237,0.0299064274,0.164204215,0.00385940806,0.0,0.696938,30.88135689,55.9988,12.0523,0.472449,25.51026435
bandGap+ElectronAffinity.iv,6,25,1.247,3.97,0.333286,29.3427383,3.19187261,33.0263716,0.181753414,2.85138817,0.128824009,0.0299070157,0.177479216,0.00427419778,0.0,0.696938,30.88135689,55.9988,12.0523,0.472449,25.51026435
bandGap+ElectronAffinity.iv,6,26,1.247,3.97,0.354356,29.128808,3.38580283,33.0263716,0.197390817,3.02966726,0.128837046,0.0299076987,0.192643204,0.00474761288,0.0,0.696938,30.88135689,55.9988,12.0523,0.472449,25.51026435
bandGap+ElectronAffinity.iv,6,27,1.247,3.97,0.375761,28.847852,3.64675879,33.0263716,0.215351275,3.2726486,0.128850364,0.0299085478,0.210061756,0.00528951918,0.0,0.696938,30.88135689,55.9988,12.0523,0.472449,25.51026435
bandGap+ElectronAffinity.iv,6,28,1.247,3.97,0.397728,28.454444,4.02016667,33.0263716,0.236101641,3.62529136,0.128863978,0.0299096888,0.230190107,0.00591153428,0.0,0.696938,30.88135689,55.9988,12.0523,0.472449,25.51026435
bandGap+ElectronAffinity.iv,6,29,1.247,3.97,0.420651,27.8698244,4.58478606,33.0263716,0.260218428,4.1657784,0.128877894,0.0299113431,0.253591293,0.00662713545,0.0,0.696938,30.88135689,55.9988,12.0523,0.472449,25.51026435
bandGap+ElectronAffinity.iv,6,30,1.247,3.97,0.445197,26.9605856,5.47402463,33.0263716,0.28839248,5.02682616,0.128892098,0.0299138961,0.280941039,0.00745144074,0.0,0.696938,30.88135689,55.9988,12.0523,0.472449,25.51026435
bandGap+ElectronAffinity.iv,6,31,1.247,3.97,0.472449,25.5102644,6.9043453,33.0263716,0.321387954,6.4241328,0.128906542,0.0299180058,0.312987777,0.00840017709,0.0,0.696938,30.88135689,55.9988,12.0523,0.472449,25.51026435
bandGap+ElectronAffinity.iv,6,32,1.247,3.97,0.504034,23.1932817,9.20132687,33.0263716,0.35988888,8.68259212,0.12892111,0.0299247603,0.350402066,0.00948681367,0.0,0.696938,30.88135689,55.9988,12.0523,0.472449,25.51026435
bandGap+ElectronAffinity.iv,6,33,1.247,3.97,0.542086,19.5828404,12.7917704,33.0263716,0.404124778,12.2287742,0.128935585,0.0299358797,0.393408117,0.0107166609,0.0,0.696938,30.88135689,55.9988,12.0523,0.472449,25.51026435
bandGap+ElectronAffinity.iv,6,34,1.247,3.97,0.588704,14.2591605,18.0954501,33.0263716,0.453191009,17.4833556,0.128949599,0.0299538526,0.441118617,0.0120723929,0.0,0.696938,30.88135689,55.9988,12.0523,0.472449,25.51026435
bandGap+ElectronAffinity.iv,6,35,1.247,3.97,0.644566,7.08680198,25.2478061,33.0263716,0.504226953,24.5846346,0.1289626,0.029981927,0.490730419,0.0134965343,0.0,0.696938,30.88135689,55.9988,12.0523,0.472449,25.51026435
bandGap+ElectronAffinity.iv,6,36,1.247,3.97,0.707029,-1.40575949,33.7203685,33.0263716,0.552225859,33.0091452,0.128973886,0.0300235579,0.537347659,0.0148782003,0.0,0.696938,30.88135689,55.9988,12.0523,0.472449,25.51026435
bandGap+ElectronAffinity.iv,6,37,1.247,3.97,0.769587,-9.91738436,42.2119937,33.0263716,0.591653418,41.4612772,0.128982805,0.0300802811,0.575585447,0.0160679714,0.0,0.696938,30.88135689,55.9988,12.0523,0.472449,25.51026435
bandGap+ElectronAffinity.iv,6,38,1.247,3.97,0.824844,-16.9688372,49.243443,33.0263716,0.619428979,48.464871,0.128989069,0.0301538681,0.602477658,0.016951321,0.0,0.696938,30.88135689,55.9988,12.0523,0.472449,25.51026435
bandGap+ElectronAffinity.iv,6,39,1.247,3.97,0.869131,-21.8262118,54.0808189,33.0263716,0.636370839,53.2852147,0.128992948,0.0302404235,0.618851655,0.017519184,0.0,0.696938,30.88135689,55.9988,12.0523,0.472449,25.51026435
bandGap+ElectronAffinity.iv,6,40,1.247,3.97,0.903604,-24.720896,56.9555015,33.0263716,0.645695461,56.150476,0.128995124,0.030334855,0.627853937,0.0178415233,0.0,0.696938,30.88135689,55.9988,12.0523,0.472449,25.51026435
bandGap+ElectronAffinity.iv,6,41,1.247,3.97,0.931528,-26.3055859,58.5201903,33.0263716,0.650547258,57.7102132,0.128996272,0.0304335354,0.632534545,0.0180127129,0.0,0.696938,30.88135689,55.9988,12.0523,0.472449,25.51026435
bandGap+ElectronAffinity.iv,6,42,1.247,3.97,0.955762,-27.1524529,59.3470558,33.0263716,0.65304884,58.534478,0.128996869,0.0305321153,0.634946854,0.0181019861,0.0,0.696938,30.88135689,55.9988,12.0523,0.472449,25.51026435
bandGap+ElectronAffinity.iv,6,43,1.247,3.97,0.978104,-27.6207178,59.7953195,33.0263716,0.654386801,58.9813043,0.12899719,0.0306312685,0.636236763,0.0181500378,0.0,0.696938,30.88135689,55.9988,12.0523,0.472449,25.51026435
bandGap+ElectronAffinity.iv,6,44,1.247,3.97,0.999511,-27.9022232,60.0568307,33.0263716,0.65514052,59.2419631,0.128997369,0.0307297597,0.636960352,0.0181801682,0.0,0.696938,30.88135689,55.9988,12.0523,0.472449,25.51026435
bandGap+ElectronAffinity.iv,6,45,1.247,3.97,1.020463,-28.0925976,60.2271994,33.0263716,0.65566295,59.4117123,0.128997497,0.0308266829,0.637466857,0.0181960938,0.0,0.696938,30.88135689,55.9988,12.0523,0.472449,25.51026435
bandGap+ElectronAffinity.iv,6,46,1.247,3.97,1.041189,-28.2377524,60.3523547,33.0263716,0.656030169,59.5364056,0.128997586,0.0309213265,0.637820777,0.0182093923,0.0,0.696938,30.88135689,55.9988,12.0523,0.472449,25.51026435
bandGap+ElectronAffinity.iv,6,47,1.247,3.97,1.061802,-28.3603358,60.4549381,33.0263716,0.656330224,59.6385945,0.128997658,0.0310156683,0.638109947,0.0182202771,0.0,0.696938,30.88135689,55.9988,12.0523,0.472449,25.51026435
bandGap+ElectronAffinity.iv,6,48,1.247,3.97,1.082352,-28.4703881,60.5449897,33.0263716,0.656592983,59.7282906,0.128997722,0.0311083284,0.638363163,0.0182298194,0.0,0.696938,30.88135689,55.9988,12.0523,0.472449,25.51026435
bandGap+ElectronAffinity.iv,6,49,1.247,3.97,1.102865,-28.57291,60.6275121,33.0263716,0.656833263,59.8104814,0.12899778,0.0311996186,0.638594708,0.0182385541,0.0,0.696938,30.88135689,55.9988,12.0523,0.472449,25.51026435
bandGap+ElectronAffinity.iv,6,50,1.247,3.97,1.123352,-28.6703775,60.704979,33.0263716,0.65705839,59.8876326,0.128997835,0.0312901435,0.638811645,0.0182467451,0.0,0.696938,30.88135689,55.9988,12.0523,0.472449,25.51026435
bandGap+ElectronAffinity.iv,6,51,1.247,3.97,1.143818,-28.7636912,60.7782933,33.0263716,0.657271102,59.9606455,0.128997886,0.031378789,0.639016615,0.0182544875,0.0,0.696938,30.88135689,55.9988,12.0523,0.472449,25.51026435
bandGap+ElectronAffinity.iv,6,52,1.247,3.97,1.16427,-28.8540611,60.8486631,33.0263716,0.657474896,60.0307239,0.128997936,0.0314663796,0.639212979,0.0182619166,0.0,0.696938,30.88135689,55.9988,12.0523,0.472449,25.51026435
bandGap+ElectronAffinity.iv,6,53,1.247,3.97,1.184708,-28.9416319,60.9162339,33.0263716,0.657670306,60.0980128,0.128997983,0.0315527838,0.639401265,0.018269041,0.0,0.696938,30.88135689,55.9988,12.0523,0.472449,25.51026435
bandGap+ElectronAffinity.iv,6,54,1.247,3.97,1.205134,-29.0267336,60.9813356,33.0263716,0.657858267,60.1628406,0.128998029,0.0316386846,0.639582366,0.018275901,0.0,0.696938,30.88135689,55.9988,12.0523,0.472449,25.51026435
bandGap+ElectronAffinity.iv,6,55,1.247,3.97,1.225548,-29.1095121,61.0441134,33.0263716,0.658039264,60.2253525,0.128998073,0.0317235882,0.639756754,0.0182825098,0.0,0.696938,30.88135689,55.9988,12.0523,0.472449,25.51026435
bandGap+ElectronAffinity.iv,6,56,1.247,3.97,1.245951,-29.1901112,61.1047131,33.0263716,0.658213734,60.2856937,0.128998115,0.0318075343,0.63992485,0.0182888841,0.0,0.696938,30.88135689,55.9988,12.0523,0.472449,25.51026435
bandGap+ElectronAffinity.iv,6,57,1.247,3.97,1.266343,-29.2686354,61.1632373,33.0263716,0.658382003,60.3439671,0.128998156,0.0318900057,0.640086967,0.0182950356,0.0,0.696938,30.88135689,55.9988,12.0523,0.472449,25.51026435
bandGap+ElectronAffinity.iv,6,58,1.247,3.97,1.286725,-29.345022,61.2196239,33.0263716,0.658543911,60.4001103,0.128998196,0.0319714402,0.640242953,0.0183009578,0.0,0.696938,30.88135689,55.9988,12.0523,0.472449,25.51026435
bandGap+ElectronAffinity.iv,6,59,1.247,3.97,1.307099,-29.4197826,61.2743845,33.0263716,0.65870095,60.4546334,0.128998234,0.0320518861,0.640394245,0.0183067054,0.0,0.696938,30.88135689,55.9988,12.0523,0.472449,25.51026435
bandGap+ElectronAffinity.iv,6,60,1.247,3.97,1.327464,-29.4928845,61.3274857,33.0263716,0.658853037,60.5075023,0.128998271,0.0321321308,0.640540762,0.0183122745,0.0,0.696938,30.88135689,55.9988,12.0523,0.472449,25.51026435
bandGap+ElectronAffinity.iv,6,61,1.247,3.97,1.347822,-29.5643658,61.378967,33.0263716,0.659000305,60.5587568,0.128998307,0.0322115716,0.640682635,0.0183176699,0.0,0.696938,30.88135689,55.9988,12.0523,0.472449,25.51026435
bandGap+ElectronAffinity.iv,7,1,1.247,4.066,-0.156627,31.3254991,1.68889287,33.0263716,0.0502475101,1.47141765,0.128514301,0.038713406,0.0498891118,0.00035839836,0.0,0.7867,30.93394912,58.8281,14.3163,0.549806,26.03873358
bandGap+ElectronAffinity.iv,7,2,1.247,4.066,-0.136393,31.2786908,1.71570031,33.0263716,0.0515020265,1.49695453,0.128523936,0.0387198216,0.0511223543,0.000379672164,0.0,0.7867,30.93394912,58.8281,14.3163,0.549806,26.03873358
bandGap+ElectronAffinity.iv,7,3,1.247,4.066,-0.116154,31.2308827,1.74350844,33.0263716,0.0528284894,1.52342032,0.128533612,0.0387260156,0.052425819,0.000402670404,0.0,0.7867,30.93394912,58.8281,14.3163,0.549806,26.03873358
bandGap+ElectronAffinity.iv,7,4,1.247,4.066,-0.09591,31.1820108,1.77238028,33.0263716,0.0542333047,1.55087166,0.128543332,0.0387319899,0.053805735,0.00042756973,0.0,0.7867,30.93394912,58.8281,14.3163,0.549806,26.03873358
bandGap+ElectronAffinity.iv,7,5,1.247,4.066,-0.07566,31.1320065,1.80238455,33.0263716,0.0557236235,1.57937009,0.128553097,0.0387377464,0.0552690551,0.000454568359,0.0,0.7867,30.93394912,58.8281,14.3163,0.549806,26.03873358
bandGap+ElectronAffinity.iv,7,6,1.247,4.066,-0.055404,31.0807947,1.83359635,33.0263716,0.0573074445,1.60898271,0.128562911,0.0387432871,0.0568235555,0.000483889021,0.0,0.7867,30.93394912,58.8281,14.3163,0.549806,26.03873358
bandGap+ElectronAffinity.iv,7,7,1.247,4.066,-0.035141,31.028293,1.86609794,33.0263716,0.0589937345,1.63978282,0.128572774,0.0387486143,0.0584779521,0.000515782412,0.0,0.7867,30.93394912,58.8281,14.3163,0.549806,26.03873358
bandGap+ElectronAffinity.iv,7,8,1.247,4.066,-0.014872,30.9744113,1.89997968,33.0263716,0.0607925683,1.67185069,0.12858269,0.0387537303,0.0602420371,0.000550531196,0.0,0.7867,30.93394912,58.8281,14.3163,0.549806,26.03873358
bandGap+ElectronAffinity.iv,7,9,1.247,4.066,0.005405,30.9190499,1.93534099,33.0263716,0.0627152923,1.7052744,0.128592661,0.0387586377,0.0621268376,0.000588454631,0.0,0.7867,30.93394912,58.8281,14.3163,0.549806,26.03873358
bandGap+ElectronAffinity.iv,7,10,1.247,4.066,0.02569,30.8620992,1.97229164,33.0263716,0.0647747164,1.7401509,0.12860269,0.0387633393,0.0641448025,0.000629913951,0.0,0.7867,30.93394912,58.8281,14.3163,0.549806,26.03873358
bandGap+ElectronAffinity.iv,7,11,1.247,4.066,0.045983,30.8034377,2.01095309,33.0263716,0.0669853398,1.77658714,0.12861278,0.0387678381,0.0663100212,0.00067531862,0.0,0.7867,30.93394912,58.8281,14.3163,0.549806,26.03873358
bandGap+ElectronAffinity.iv,7,12,1.247,4.066,0.066285,30.7429306,2.05146016,33.0263716,0.0693636175,1.81470147,0.128622934,0.0387721371,0.0686384839,0.000725133622,0.0,0.7867,30.93394912,58.8281,14.3163,0.549806,26.03873358
bandGap+ElectronAffinity.iv,7,13,1.247,4.066,0.086598,30.6804277,2.09396296,33.0263716,0.0719282774,1.85462529,0.128633156,0.0387762398,0.0711483894,0.000779887982,0.0,0.7867,30.93394912,58.8281,14.3163,0.549806,26.03873358
bandGap+ElectronAffinity.iv,7,14,1.247,4.066,0.106921,30.6157614,2.13862922,33.0263716,0.0747006994,1.89650492,0.12864345,0.0387801499,0.0738605147,0.00084018474,0.0,0.7867,30.93394912,58.8281,14.3163,0.549806,26.03873358
bandGap+ElectronAffinity.iv,7,15,1.247,4.066,0.127256,30.5487435,2.18564704,33.0263716,0.0777053732,1.94050398,0.12865382,0.0387838711,0.0767986606,0.000906712668,0.0,0.7867,30.93394912,58.8281,14.3163,0.549806,26.03873358
bandGap+ElectronAffinity.iv,7,16,1.247,4.066,0.147604,30.479162,2.23522836,33.0263716,0.0809704565,1.98680623,0.12866427,0.0387874077,0.0799901964,0.000980260064,0.0,0.7867,30.93394912,58.8281,14.3163,0.549806,26.03873358
bandGap+ElectronAffinity.iv,7,17,1.247,4.066,0.167966,30.4067771,2.28761318,33.0263716,0.0845284671,2.03561914,0.128674804,0.0387907639,0.083466736,0.00106173106,0.0,0.7867,30.93394912,58.8281,14.3163,0.549806,26.03873358
bandGap+ElectronAffinity.iv,7,18,1.247,4.066,0.188343,30.3313151,2.34307504,33.0263716,0.0884171577,2.08717851,0.128685429,0.0387939446,0.0872649928,0.00115216496,0.0,0.7867,30.93394912,58.8281,14.3163,0.549806,26.03873358
bandGap+ElectronAffinity.iv,7,19,1.247,4.066,0.208738,30.2524617,2.40192835,33.0263716,0.092680652,2.14175459,0.12869615,0.0387969548,0.0914278926,0.00125275933,0.0,0.7867,30.93394912,58.8281,14.3163,0.549806,26.03873358
bandGap+ElectronAffinity.iv,7,20,1.247,4.066,0.229151,30.1698514,2.46453851,33.0263716,0.0973709664,2.19966078,0.128706972,0.0387997998,0.0960060687,0.00136489764,0.0,0.7867,30.93394912,58.8281,14.3163,0.549806,26.03873358
bandGap+ElectronAffinity.iv,7,21,1.247,4.066,0.249585,30.0830529,2.53133674,33.0263716,0.10255013,2.26126622,0.128717901,0.0388024853,0.101059947,0.0014901827,0.0,0.7867,30.93394912,58.8281,14.3163,0.549806,26.03873358
bandGap+ElectronAffinity.iv,7,22,1.247,4.066,0.270042,29.9915468,2.60284272,33.0263716,0.108293252,2.3270155,0.128728946,0.0388050175,0.106662774,0.00163047749,0.0,0.7867,30.93394912,58.8281,14.3163,0.549806,26.03873358
bandGap+ElectronAffinity.iv,7,23,1.247,4.066,0.290527,29.8946882,2.67970106,33.0263716,0.114693131,2.39746041,0.128740113,0.038807403,0.112905175,0.00178795563,0.0,0.7867,30.93394912,58.8281,14.3163,0.549806,26.03873358
bandGap+ElectronAffinity.iv,7,24,1.247,4.066,0.311042,29.7916468,2.76274214,33.0263716,0.12186739,2.47331369,0.128751409,0.0388096492,0.119902225,0.00196516514,0.0,0.7867,30.93394912,58.8281,14.3163,0.549806,26.03873358
bandGap+ElectronAffinity.iv,7,25,1.247,4.066,0.331593,29.6813017,2.85308691,33.0263716,0.129969724,2.55554258,0.128762844,0.0388117641,0.127804613,0.00216511114,0.0,0.7867,30.93394912,58.8281,14.3163,0.549806,26.03873358
bandGap+ElectronAffinity.iv,7,26,1.247,4.066,0.35219,29.5620571,2.95233122,33.0263716,0.139207778,2.64553526,0.128774425,0.0388137572,0.136816411,0.00239136732,0.0,0.7867,30.93394912,58.8281,14.3163,0.549806,26.03873358
bandGap+ElectronAffinity.iv,7,27,1.247,4.066,0.372842,29.431513,3.06287488,33.0263716,0.149871464,2.74540162,0.128786163,0.0388156399,0.14722323,0.00264823405,0.0,0.7867,30.93394912,58.8281,14.3163,0.549806,26.03873358
bandGap+ElectronAffinity.iv,7,28,1.247,4.066,0.393571,29.285874,3.18851344,33.0263716,0.162377307,2.85852064,0.128798066,0.0388174271,0.15943633,0.002940977,0.0,0.7867,30.93394912,58.8281,14.3163,0.549806,26.03873358
bandGap+ElectronAffinity.iv,7,29,1.247,4.066,0.414406,29.1188807,3.33550607,33.0263716,0.177336921,2.99053987,0.128810144,0.0388191395,0.174060709,0.00327621216,0.0,0.7867,30.93394912,58.8281,14.3163,0.549806,26.03873358
bandGap+ElectronAffinity.iv,7,30,1.247,4.066,0.435401,28.9198857,3.5145006,33.0263716,0.19566125,3.15119614,0.128822406,0.0388208081,0.191998681,0.00366256831,0.0,0.7867,30.93394912,58.8281,14.3163,0.549806,26.03873358
bandGap+ElectronAffinity.iv,7,31,1.247,4.066,0.456648,28.670402,3.74398332,33.0263716,0.218717493,3.35760849,0.128834858,0.0388224825,0.214605605,0.00411188816,0.0,0.7867,30.93394912,58.8281,14.3163,0.549806,26.03873358
bandGap+ElectronAffinity.iv,7,32,1.247,4.066,0.47831,28.3380019,4.05638225,33.0263716,0.248562471,3.64014802,0.128847507,0.0388242458,0.24392099,0.004641481,0.0,0.7867,30.93394912,58.8281,14.3163,0.549806,26.03873358
bandGap+ElectronAffinity.iv,7,33,1.247,4.066,0.500671,27.8657791,4.50860371,33.0263716,0.288281002,4.05263612,0.128860349,0.0388262405,0.283002605,0.00527839677,0.0,0.7867,30.93394912,58.8281,14.3163,0.549806,26.03873358
bandGap+ElectronAffinity.iv,7,34,1.247,4.066,0.524225,27.1549703,5.19941018,33.0263716,0.342446185,4.68926191,0.128873373,0.0388287147,0.336378791,0.00606739399,0.0,0.7867,30.93394912,58.8281,14.3163,0.549806,26.03873358
bandGap+ElectronAffinity.iv,7,35,1.247,4.066,0.549806,26.0387336,6.29564373,33.0263716,0.41764783,5.71027726,0.128886546,0.0388320982,0.410562935,0.00708489472,0.0,0.7867,30.93394912,58.8281,14.3163,0.549806,26.03873358
bandGap+ElectronAffinity.iv,7,36,1.247,4.066,0.578752,24.2496459,8.06472373,33.0263716,0.522805289,7.37418151,0.128899804,0.0388371228,0.514345351,0.00845993733,0.0,0.7867,30.93394912,58.8281,14.3163,0.549806,26.03873358
bandGap+ElectronAffinity.iv,7,37,1.247,4.066,0.613004,21.3991575,10.8952317,33.0263716,0.668424593,10.0590491,0.128913023,0.038845001,0.658029496,0.0103950969,0.0,0.7867,30.93394912,58.8281,14.3163,0.549806,26.03873358
bandGap+ElectronAffinity.iv,7,38,1.247,4.066,0.654887,17.0226152,15.2517709,33.0263716,0.863122094,14.2208652,0.128926007,0.0388575626,0.849973165,0.0131489292,0.0,0.7867,30.93394912,58.8281,14.3163,0.549806,26.03873358
bandGap+ElectronAffinity.iv,7,39,1.247,4.066,0.706112,10.7775913,21.4767854,33.0263716,1.10575222,20.2032174,0.128938425,0.0388773624,1.0888361,0.0169161217,0.0,0.7867,30.93394912,58.8281,14.3163,0.549806,26.03873358
bandGap+ElectronAffinity.iv,7,40,1.247,4.066,0.765884,2.82313689,29.4112399,33.0263716,1.37569559,27.8676871,0.128949783,0.038907397,1.3541329,0.0215626836,0.0,0.7867,30.93394912,58.8281,14.3163,0.549806,26.03873358
bandGap+ElectronAffinity.iv,7,41,1.247,4.066,0.829346,-5.86926692,38.0835945,33.0263716,1.63291965,36.2827661,0.128959477,0.0389492314,1.60649085,0.0264288041,0.0,0.7867,30.93394912,58.8281,14.3163,0.549806,26.03873358
bandGap+ElectronAffinity.iv,7,42,1.247,4.066,0.888928,-13.7856311,45.9799906,33.0263716,1.83733948,43.9746783,0.128966949,0.0390059296,1.80673146,0.0306080256,0.0,0.7867,30.93394912,58.8281,14.3163,0.549806,26.03873358
bandGap+ElectronAffinity.iv,7,43,1.247,4.066,0.938749,-19.7498413,51.9241937,33.0263716,1.97345082,49.7826959,0.128972034,0.0390749131,1.9399007,0.0335501211,0.0,0.7867,30.93394912,58.8281,14.3163,0.549806,26.03873358
bandGap+ElectronAffinity.iv,7,44,1.247,4.066,0.977779,-23.5557299,55.7100394,33.0263716,2.05231715,53.4895942,0.128975104,0.0391529556,2.01700053,0.035316624,0.0,0.7867,30.93394912,58.8281,14.3163,0.549806,26.03873358
bandGap+ElectronAffinity.iv,7,45,1.247,4.066,1.008597,-25.7194755,57.8537439,33.0263716,2.09424855,55.5912828,0.128976796,0.0392357452,2.05797272,0.036275829,0.0,0.7867,30.93394912,58.8281,14.3163,0.549806,26.03873358
bandGap+ElectronAffinity.iv,7,46,1.247,4.066,1.034418,-26.8835081,58.9977476,33.0263716,2.11581337,56.7136368,0.128977686,0.0393198007,2.07903857,0.0367748045,0.0,0.7867,30.93394912,58.8281,14.3163,0.549806,26.03873358
bandGap+ElectronAffinity.iv,7,47,1.247,4.066,1.057563,-27.5126186,59.6068411,33.0263716,2.12706209,57.3113963,0.128978157,0.0394045265,2.0900254,0.0370366905,0.0,0.7867,30.93394912,58.8281,14.3163,0.549806,26.03873358
bandGap+ElectronAffinity.iv,7,48,1.247,4.066,1.079365,-27.8729509,59.9472897,33.0263716,2.1331282,57.645694,0.128978407,0.0394890269,2.09594258,0.0371856277,0.0,0.7867,30.93394912,58.8281,14.3163,0.549806,26.03873358
bandGap+ElectronAffinity.iv,7,49,1.247,4.066,1.100509,-28.1018585,60.1561954,33.0263716,2.1369121,57.8507326,0.128978567,0.039572194,2.09963765,0.0372744504,0.0,0.7867,30.93394912,58.8281,14.3163,0.549806,26.03873358
bandGap+ElectronAffinity.iv,7,50,1.247,4.066,1.121331,-28.2661334,60.3004693,33.0263716,2.13951363,57.9923238,0.128978678,0.0396532513,2.10217802,0.0373356067,0.0,0.7867,30.93394912,58.8281,14.3163,0.549806,26.03873358
bandGap+ElectronAffinity.iv,7,51,1.247,4.066,1.141993,-28.3986155,60.4129508,33.0263716,2.1415351,58.1027029,0.128978764,0.0397340324,2.10415192,0.0373831807,0.0,0.7867,30.93394912,58.8281,14.3163,0.549806,26.03873358
bandGap+ElectronAffinity.iv,7,52,1.247,4.066,1.162571,-28.5141843,60.5085191,33.0263716,2.14324803,58.1964789,0.128978837,0.0398132642,2.1058245,0.0374235278,0.0,0.7867,30.93394912,58.8281,14.3163,0.549806,26.03873358
bandGap+ElectronAffinity.iv,7,53,1.247,4.066,1.183101,-28.620151,60.5944854,33.0263716,2.14478527,58.2808296,0.128978902,0.0398916081,2.10732551,0.0374597638,0.0,0.7867,30.93394912,58.8281,14.3163,0.549806,26.03873358
bandGap+ElectronAffinity.iv,7,54,1.247,4.066,1.2036,-28.7199674,60.6743014,33.0263716,2.14620953,58.3591445,0.128978963,0.0399684114,2.10871617,0.0374933586,0.0,0.7867,30.93394912,58.8281,14.3163,0.549806,26.03873358
bandGap+ElectronAffinity.iv,7,55,1.247,4.066,1.224076,-28.8151438,60.7494775,33.0263716,2.14754843,58.4329062,0.12897902,0.040043795,2.11002347,0.0375249566,0.0,0.7867,30.93394912,58.8281,14.3163,0.549806,26.03873358
bandGap+ElectronAffinity.iv,7,56,1.247,4.066,1.244535,-28.9070622,60.8213956,33.0263716,2.14882683,58.5034714,0.128979075,0.0401182787,2.11127168,0.0375551481,0.0,0.7867,30.93394912,58.8281,14.3163,0.549806,26.03873358
bandGap+ElectronAffinity.iv,7,57,1.247,4.066,1.26498,-28.9960527,60.8903859,33.0263716,2.15005104,58.5711636,0.128979128,0.0401921213,2.11246697,0.0375840735,0.0,0.7867,30.93394912,58.8281,14.3163,0.549806,26.03873358
bandGap+ElectronAffinity.iv,7,58,1.247,4.066,1.285412,-29.0823524,60.9566852,33.0263716,2.1512255,58.6362161,0.128979178,0.0402645039,2.11361367,0.0376118377,0.0,0.7867,30.93394912,58.8281,14.3163,0.549806,26.03873358
bandGap+ElectronAffinity.iv,7,59,1.247,4.066,1.305831,-29.1662864,61.020619,33.0263716,2.15235619,58.6989472,0.128979227,0.0403364106,2.11471761,0.0376385803,0.0,0.7867,30.93394912,58.8281,14.3163,0.549806,26.03873358
bandGap+ElectronAffinity.iv,7,60,1.247,4.066,1.32624,-29.2479657,61.082298,33.0263716,2.15344527,58.7594661,0.128979274,0.0404074114,2.11578092,0.037664351,0.0,0.7867,30.93394912,58.8281,14.3163,0.549806,26.03873358
bandGap+ElectronAffinity.iv,7,61,1.247,4.066,1.346636,-29.3272753,61.1416072,33.0263716,2.15449119,58.8176602,0.128979319,0.0404764795,2.11680209,0.0376890982,0.0,0.7867,30.93394912,58.8281,14.3163,0.549806,26.03873358
bandGap+ElectronAffinity.iv,8,1,1.247,4.165,-0.156234,31.2468884,1.76733228,33.0263716,0.0462171777,1.54934317,0.128475543,0.0432963908,0.0461509605,6.62171047e-05,0.0,0.83277,30.82987518,59.7707,15.3456,0.589939,26.01223351
bandGap+ElectronAffinity.iv,8,2,1.247,4.165,-0.135985,31.197031,1.79718454,33.0263716,0.0472200099,1.57815799,0.128484034,0.0433225004,0.0471480571,7.19527998e-05,0.0,0.83277,30.82987518,59.7707,15.3456,0.589939,26.01223351
bandGap+ElectronAffinity.iv,8,3,1.247,4.165,-0.11573,31.1460508,1.82816454,33.0263716,0.0482737936,1.6080502,0.128492506,0.0433480448,0.0481955047,7.82889299e-05,0.0,0.83277,30.82987518,59.7707,15.3456,0.589939,26.01223351
bandGap+ElectronAffinity.iv,8,4,1.247,4.165,-0.095469,31.0938755,1.86033917,33.0263716,0.0493827345,1.63908247,0.128500956,0.0433730099,0.0492974372,8.52973036e-05,0.0,0.83277,30.82987518,59.7707,15.3456,0.589939,26.01223351
bandGap+ElectronAffinity.iv,8,5,1.247,4.165,-0.075202,31.040434,1.89378028,33.0263716,0.0505515272,1.67132199,0.128509384,0.0433973819,0.0504584678,9.30593479e-05,0.0,0.83277,30.82987518,59.7707,15.3456,0.589939,26.01223351
bandGap+ElectronAffinity.iv,8,6,1.247,4.165,-0.054928,30.9856478,1.92856562,33.0263716,0.0517854071,1.70484128,0.128517785,0.0434211475,0.0516837397,0.000101667426,0.0,0.83277,30.82987518,59.7707,15.3456,0.589939,26.01223351
bandGap+ElectronAffinity.iv,8,7,1.247,4.165,-0.034647,30.9294337,1.96477946,33.0263716,0.0530902279,1.73971878,0.128526159,0.0434442933,0.0529790014,0.000111226441,0.0,0.83277,30.82987518,59.7707,15.3456,0.589939,26.01223351
bandGap+ElectronAffinity.iv,8,8,1.247,4.165,-0.014358,30.8716989,2.0025133,33.0263716,0.0544725514,1.77603944,0.128534501,0.0434668064,0.0543506957,0.000121855701,0.0,0.83277,30.82987518,59.7707,15.3456,0.589939,26.01223351
bandGap+ElectronAffinity.iv,8,9,1.247,4.165,0.005938,30.8123444,2.04186672,33.0263716,0.0559397546,1.81389548,0.128542808,0.0434886742,0.0558060635,0.000133691081,0.0,0.83277,30.82987518,59.7707,15.3456,0.589939,26.01223351
bandGap+ElectronAffinity.iv,8,10,1.247,4.165,0.026244,30.7512625,2.08294823,33.0263716,0.057500154,1.85338711,0.128551079,0.0435098845,0.0573532664,0.000146887547,0.0,0.83277,30.82987518,59.7707,15.3456,0.589939,26.01223351
bandGap+ElectronAffinity.iv,8,11,1.247,4.165,0.046558,30.6883329,2.12587642,33.0263716,0.0591631545,1.89462353,0.128559309,0.0435304259,0.0590015324,0.000161622102,0.0,0.83277,30.82987518,59.7707,15.3456,0.589939,26.01223351
bandGap+ElectronAffinity.iv,8,12,1.247,4.165,0.066883,30.6234275,2.17078112,33.0263716,0.0609394267,1.93772391,0.128567496,0.0435502877,0.0607613295,0.000178097232,0.0,0.83277,30.82987518,59.7707,15.3456,0.589939,26.01223351
bandGap+ElectronAffinity.iv,8,13,1.247,4.165,0.087218,30.5564029,2.21780485,33.0263716,0.0628411193,1.98281864,0.128575636,0.0435694603,0.0626445743,0.000196544954,0.0,0.83277,30.82987518,59.7707,15.3456,0.589939,26.01223351
bandGap+ElectronAffinity.iv,8,14,1.247,4.165,0.107564,30.4871012,2.26710448,33.0263716,0.0648821177,2.0300507,0.128583726,0.0435879347,0.0646648861,0.000217231582,0.0,0.83277,30.82987518,59.7707,15.3456,0.589939,26.01223351
bandGap+ElectronAffinity.iv,8,15,1.247,4.165,0.127923,30.4153519,2.31885314,33.0263716,0.0670783611,2.07957731,0.128591763,0.0436057035,0.0668378977,0.000240463355,0.0,0.83277,30.82987518,59.7707,15.3456,0.589939,26.01223351
bandGap+ElectronAffinity.iv,8,16,1.247,4.165,0.148295,30.3409604,2.37324253,33.0263716,0.0694482374,2.13157179,0.128599742,0.0436227606,0.0691816443,0.000266593109,0.0,0.83277,30.82987518,59.7707,15.3456,0.589939,26.01223351
bandGap+ElectronAffinity.iv,8,17,1.247,4.165,0.168681,30.2637342,2.43048406,33.0263716,0.0720132468,2.18622405,0.128607654,0.0436391028,0.0717172174,0.000296029448,0.0,0.83277,30.82987518,59.7707,15.3456,0.589939,26.01223351
bandGap+ElectronAffinity.iv,8,18,1.247,4.165,0.189083,30.1833997,2.49081836,33.0263716,0.0747980506,2.24375008,0.128615508,0.043654724,0.0744688088,0.000329241708,0.0,0.83277,30.82987518,59.7707,15.3456,0.589939,26.01223351
bandGap+ElectronAffinity.iv,8,19,1.247,4.165,0.209501,30.0997077,2.55451023,33.0263716,0.077832225,2.30438509,0.128623294,0.0436696245,0.0774654472,0.000366777863,0.0,0.83277,30.82987518,59.7707,15.3456,0.589939,26.01223351
bandGap+ElectronAffinity.iv,8,20,1.247,4.165,0.229938,30.012358,2.62185966,33.0263716,0.0811509461,2.3683939,0.128631009,0.0436838048,0.0807416717,0.000409274394,0.0,0.83277,30.82987518,59.7707,15.3456,0.589939,26.01223351
bandGap+ElectronAffinity.iv,8,21,1.247,4.165,0.250395,29.9210104,2.69320702,33.0263716,0.0847969248,2.43607417,0.12863865,0.0436972677,0.0843394504,0.000457474371,0.0,0.83277,30.82987518,59.7707,15.3456,0.589939,26.01223351
bandGap+ElectronAffinity.iv,8,22,1.247,4.165,0.270874,29.8252753,2.76894191,33.0263716,0.0888231367,2.50776255,0.128646213,0.043710018,0.0883108879,0.000512248799,0.0,0.83277,30.82987518,59.7707,15.3456,0.589939,26.01223351
bandGap+ElectronAffinity.iv,8,23,1.247,4.165,0.291376,29.7247012,2.84951564,33.0263716,0.0932970943,2.58384279,0.128653696,0.0437220627,0.0927224705,0.000574623813,0.0,0.83277,30.82987518,59.7707,15.3456,0.589939,26.01223351
bandGap+ElectronAffinity.iv,8,24,1.247,4.165,0.311906,29.6187571,2.93545937,33.0263716,0.0983076982,2.66475717,0.128661095,0.0437334112,0.0976618818,0.000645816384,0.0,0.83277,30.82987518,59.7707,15.3456,0.589939,26.01223351
bandGap+ElectronAffinity.iv,8,25,1.247,4.165,0.332466,29.506804,3.02741201,33.0263716,0.103976366,2.75102316,0.128668408,0.0437440751,0.103249083,0.000727283162,0.0,0.83277,30.82987518,59.7707,15.3456,0.589939,26.01223351
bandGap+ElectronAffinity.iv,8,26,1.247,4.165,0.35306,29.3880511,3.12616452,33.0263716,0.110475135,2.84325969,0.128675633,0.0437540686,0.109654344,0.000820790988,0.0,0.83277,30.82987518,59.7707,15.3456,0.589939,26.01223351
bandGap+ElectronAffinity.iv,8,27,1.247,4.165,0.373693,29.2614824,3.23273265,33.0263716,0.118055871,2.94223061,0.128682767,0.0437634084,0.117127345,0.000928525355,0.0,0.83277,30.82987518,59.7707,15.3456,0.589939,26.01223351
bandGap+ElectronAffinity.iv,8,28,1.247,4.165,0.394371,29.1257346,3.34847977,33.0263716,0.127096767,3.04892108,0.128689809,0.0437721139,0.126043498,0.00105326907,0.0,0.83277,30.82987518,59.7707,15.3456,0.589939,26.01223351
bandGap+ElectronAffinity.iv,8,29,1.247,4.165,0.415106,28.9788844,3.47532927,33.0263716,0.138175305,3.164677,0.128696757,0.0437802074,0.136976589,0.00119871609,0.0,0.83277,30.82987518,59.7707,15.3456,0.589939,26.01223351
bandGap+ElectronAffinity.iv,8,30,1.247,4.165,0.43591,28.8180722,3.61614077,33.0263716,0.152181653,3.29146779,0.128703612,0.0437877147,0.150811599,0.00137005358,0.0,0.83277,30.82987518,59.7707,15.3456,0.589939,26.01223351
bandGap+ElectronAffinity.iv,8,31,1.247,4.165,0.456806,28.6388203,3.77539183,33.0263716,0.170494711,3.43239208,0.128710372,0.0437946661,0.168919625,0.00157508597,0.0,0.83277,30.82987518,59.7707,15.3456,0.589939,26.01223351
bandGap+ElectronAffinity.iv,8,32,1.247,4.165,0.477831,28.4337727,3.96043852,33.0263716,0.195257244,3.59266314,0.128717041,0.0438010988,0.193430779,0.00182646525,0.0,0.83277,30.82987518,59.7707,15.3456,0.589939,26.01223351
bandGap+ElectronAffinity.iv,8,33,1.247,4.165,0.499048,28.1903308,4.18387992,33.0263716,0.229809727,3.78153952,0.12872362,0.0438070603,0.227663543,0.00214618392,0.0,0.83277,30.82987518,59.7707,15.3456,0.589939,26.01223351
bandGap+ElectronAffinity.iv,8,34,1.247,4.165,0.520569,27.8861895,4.46801977,33.0263716,0.279376353,4.01610068,0.128730119,0.0438126167,0.27680169,0.00257466308,0.0,0.83277,30.82987518,59.7707,15.3456,0.589939,26.01223351
bandGap+ElectronAffinity.iv,8,35,1.247,4.165,0.542595,27.4809709,4.85323719,33.0263716,0.352136395,4.32854638,0.128736553,0.0438178682,0.348947407,0.00318898754,0.0,0.83277,30.82987518,59.7707,15.3456,0.589939,26.01223351
bandGap+ElectronAffinity.iv,8,36,1.247,4.165,0.565496,26.9008868,5.41332026,33.0263716,0.460828101,4.77992623,0.12874295,0.0438229777,0.456689542,0.00413855887,0.0,0.83277,30.82987518,59.7707,15.3456,0.589939,26.01223351
bandGap+ElectronAffinity.iv,8,37,1.247,4.165,0.589939,26.0122335,6.28197143,33.0263716,0.624900315,5.48449352,0.128749367,0.0438282248,0.619189459,0.00571085569,0.0,0.83277,30.82987518,59.7707,15.3456,0.589939,26.01223351
bandGap+ElectronAffinity.iv,8,38,1.247,4.165,0.617093,24.5813361,7.69286655,33.0263716,0.872593425,6.64768312,0.128755904,0.0438340992,0.864155399,0.00843802636,0.0,0.83277,30.82987518,59.7707,15.3456,0.589939,26.01223351
bandGap+ElectronAffinity.iv,8,39,1.247,4.165,0.648836,22.2328211,10.0213784,33.0263716,1.24045608,8.60831815,0.128762729,0.0438414396,1.22723581,0.0132202731,0.0,0.83277,30.82987518,59.7707,15.3456,0.589939,26.01223351
bandGap+ElectronAffinity.iv,8,40,1.247,4.165,0.68769,18.4619518,13.7722515,33.0263716,1.7643145,11.8353154,0.128770087,0.0438515841,1.74299392,0.02132058,0.0,0.83277,30.82987518,59.7707,15.3456,0.589939,26.01223351
bandGap+ElectronAffinity.iv,8,41,1.247,4.165,0.735914,12.8171943,19.3969903,33.0263716,2.45476286,16.7695828,0.128778199,0.0438663898,2.42086855,0.033894311,0.0,0.83277,30.82987518,59.7707,15.3456,0.589939,26.01223351
bandGap+ElectronAffinity.iv,8,42,1.247,4.165,0.793437,5.31251101,26.8814665,33.0263716,3.26472244,23.444069,0.128787098,0.0438879424,3.21384493,0.050877505,0.0,0.83277,30.82987518,59.7707,15.3456,0.589939,26.01223351
bandGap+ElectronAffinity.iv,8,43,1.247,4.165,0.856112,-3.22232323,35.3969449,33.0263716,4.0847503,31.1394802,0.128796359,0.0439180079,4.01462352,0.0701267865,0.0,0.83277,30.82987518,59.7707,15.3456,0.589939,26.01223351
bandGap+ElectronAffinity.iv,8,44,1.247,4.165,0.916961,-11.392191,43.5457883,33.0263716,4.79052233,38.5825037,0.128804928,0.0439573893,4.70247635,0.0880459716,0.0,0.83277,30.82987518,59.7707,15.3456,0.589939,26.01223351
bandGap+ElectronAffinity.iv,8,45,1.247,4.165,0.969687,-17.9374558,50.0722585,33.0263716,5.3102444,44.5891964,0.128811937,0.0440057062,5.20821818,0.102026219,0.0,0.83277,30.82987518,59.7707,15.3456,0.589939,26.01223351
bandGap+ElectronAffinity.iv,8,46,1.247,4.165,1.012036,-22.4071847,54.5205014,33.0263716,5.64001929,48.7076041,0.128816738,0.0440613336,5.52890111,0.111118182,0.0,0.83277,30.82987518,59.7707,15.3456,0.589939,26.01223351
bandGap+ElectronAffinity.iv,8,47,1.247,4.165,1.045404,-25.0807715,57.1745116,33.0263716,5.82963181,51.1719385,0.1288197,0.044121601,5.71314997,0.116481841,0.0,0.83277,30.82987518,59.7707,15.3456,0.589939,26.01223351
bandGap+ElectronAffinity.iv,8,48,1.247,4.165,1.072794,-26.5588556,58.6322364,33.0263716,5.93028085,52.5289505,0.128821321,0.0441837013,5.81094333,0.119337522,0.0,0.83277,30.82987518,59.7707,15.3456,0.589939,26.01223351
bandGap+ElectronAffinity.iv,8,49,1.247,4.165,1.096775,-27.3549998,59.4099933,33.0263716,5.98523021,53.251694,0.128822248,0.0442468367,5.86426618,0.120964031,0.0,0.83277,30.82987518,59.7707,15.3456,0.589939,26.01223351
bandGap+ElectronAffinity.iv,8,50,1.247,4.165,1.119002,-27.8004106,59.8355807,33.0263716,6.01432779,53.6481202,0.128822736,0.0443099693,5.89252252,0.12180526,0.0,0.83277,30.82987518,59.7707,15.3456,0.589939,26.01223351
bandGap+ElectronAffinity.iv,8,51,1.247,4.165,1.140356,-28.0711745,60.0864316,33.0263716,6.03138685,53.8818494,0.128823024,0.0443723717,5.90908824,0.122298611,0.0,0.83277,30.82987518,59.7707,15.3456,0.589939,26.01223351
bandGap+ElectronAffinity.iv,8,52,1.247,4.165,1.161289,-28.2577714,60.2513401,33.0263716,6.04060109,54.037483,0.128823162,0.0444328152,5.91809348,0.122507612,0.0,0.83277,30.82987518,59.7707,15.3456,0.589939,26.01223351
bandGap+ElectronAffinity.iv,8,53,1.247,4.165,1.182004,-28.4007308,60.3742929,33.0263716,6.04886016,54.1521163,0.128823302,0.0444932067,5.92611503,0.122745134,0.0,0.83277,30.82987518,59.7707,15.3456,0.589939,26.01223351
bandGap+ElectronAffinity.iv,8,54,1.247,4.165,1.20261,-28.5219448,60.4755015,33.0263716,6.05564812,54.2464774,0.128823417,0.0445526045,5.93270768,0.122940438,0.0,0.83277,30.82987518,59.7707,15.3456,0.589939,26.01223351
bandGap+ElectronAffinity.iv,8,55,1.247,4.165,1.223156,-28.6311861,60.5647405,33.0263716,6.06162828,54.3296779,0.128823519,0.0446108092,5.93851563,0.123112649,0.0,0.83277,30.82987518,59.7707,15.3456,0.589939,26.01223351
bandGap+ElectronAffinity.iv,8,56,1.247,4.165,1.243666,-28.7331677,60.6467212,33.0263716,6.06711706,54.4061125,0.128823612,0.0446680224,5.94384625,0.123270805,0.0,0.83277,30.82987518,59.7707,15.3456,0.589939,26.01223351
bandGap+ElectronAffinity.iv,8,57,1.247,4.165,1.264151,-28.8302282,60.7237814,33.0263716,6.07227154,54.4779615,0.1288237,0.0447246342,5.94885214,0.123419398,0.0,0.83277,30.82987518,59.7707,15.3456,0.589939,26.01223351
bandGap+ElectronAffinity.iv,8,58,1.247,4.165,1.284616,-28.9232065,60.7967596,33.0263716,6.07714824,54.5460078,0.128823784,0.0447797508,5.95358821,0.123560031,0.0,0.83277,30.82987518,59.7707,15.3456,0.589939,26.01223351
bandGap+ElectronAffinity.iv,8,59,1.247,4.165,1.305066,-29.0132853,60.8668386,33.0263716,6.08182703,54.6113535,0.128823864,0.0448342696,5.95813203,0.123695006,0.0,0.83277,30.82987518,59.7707,15.3456,0.589939,26.01223351
bandGap+ElectronAffinity.iv,8,60,1.247,4.165,1.325503,-29.1005931,60.9341465,33.0263716,6.08631658,54.6741181,0.128823941,0.0448879281,5.96249203,0.123824556,0.0,0.83277,30.82987518,59.7707,15.3456,0.589939,26.01223351
bandGap+ElectronAffinity.iv,8,61,1.247,4.165,1.345927,-29.1854512,60.9990048,33.0263716,6.09063892,54.7346007,0.128824015,0.044941167,5.96668961,0.123949315,0.0,0.83277,30.82987518,59.7707,15.3456,0.589939,26.01223351
bandGap+ElectronAffinity.iv,9,1,1.247,4.266,-0.15624,31.2479838,1.76636594,33.0263716,0.0485759336,1.54559656,0.128349832,0.0438436148,0.0484427423,0.000133191369,0.0,0.825851,30.80397521,57.482,14.6231,0.572226,25.55479164
bandGap+ElectronAffinity.iv,9,2,1.247,4.266,-0.135981,31.1962064,1.79813304,33.0263716,0.04968224,1.57621315,0.128353734,0.043883917,0.0495408511,0.000141388977,0.0,0.825851,30.80397521,57.482,14.6231,0.572226,25.55479164
bandGap+ElectronAffinity.iv,9,3,1.247,4.266,-0.115715,31.1429379,1.83140085,33.0263716,0.0508419745,1.60827727,0.128357535,0.0439240722,0.0506919186,0.000150055904,0.0,0.825851,30.80397521,57.482,14.6231,0.572226,25.55479164
bandGap+ElectronAffinity.iv,9,4,1.247,4.266,-0.09544,31.0880625,1.86628833,33.0263716,0.052059044,1.64190398,0.128361232,0.0439640764,0.0518998263,0.000159217772,0.0,0.825851,30.80397521,57.482,14.6231,0.572226,25.55479164
bandGap+ElectronAffinity.iv,9,5,1.247,4.266,-0.075157,31.0314192,1.90293147,33.0263716,0.0533375296,1.67722518,0.128364854,0.0440039081,0.0531685946,0.000168935025,0.0,0.825851,30.80397521,57.482,14.6231,0.572226,25.55479164
bandGap+ElectronAffinity.iv,9,6,1.247,4.266,-0.054864,30.9728788,1.94147174,33.0263716,0.0546822209,1.71437756,0.12836839,0.0440435676,0.0545029885,0.000179232449,0.0,0.825851,30.80397521,57.482,14.6231,0.572226,25.55479164
bandGap+ElectronAffinity.iv,9,7,1.247,4.266,-0.034561,30.9122831,1.98206738,33.0263716,0.0560983124,1.75351418,0.12837184,0.0440830467,0.0559081608,0.00019015161,0.0,0.825851,30.80397521,57.482,14.6231,0.572226,25.55479164
bandGap+ElectronAffinity.iv,9,8,1.247,4.266,-0.014247,30.849458,2.02489231,33.0263716,0.0575915613,1.7948032,0.128375208,0.0441223365,0.0573898225,0.00020173883,0.0,0.825851,30.80397521,57.482,14.6231,0.572226,25.55479164
bandGap+ElectronAffinity.iv,9,9,1.247,4.266,0.006079,30.7842125,2.07013762,33.0263716,0.0591683697,1.83842933,0.128378496,0.0441614268,0.0589543237,0.000214045988,0.0,0.825851,30.80397521,57.482,14.6231,0.572226,25.55479164
bandGap+ElectronAffinity.iv,9,10,1.247,4.266,0.026418,30.7163368,2.11801319,33.0263716,0.0608358813,1.8845953,0.128381704,0.044200306,0.0606087497,0.000227131505,0.0,0.825851,30.80397521,57.482,14.6231,0.572226,25.55479164
bandGap+ElectronAffinity.iv,9,11,1.247,4.266,0.046772,30.6456005,2.16874931,33.0263716,0.062602099,1.93352341,0.128384836,0.044238961,0.0623610374,0.000241061549,0.0,0.825851,30.80397521,57.482,14.6231,0.572226,25.55479164
bandGap+ElectronAffinity.iv,9,12,1.247,4.266,0.067141,30.5717512,2.2225984,33.0263716,0.0644760274,1.9854571,0.128387893,0.0442773767,0.0642201159,0.000255911512,0.0,0.825851,30.80397521,57.482,14.6231,0.572226,25.55479164
bandGap+ElectronAffinity.iv,9,13,1.247,4.266,0.087527,30.4945127,2.27983675,33.0263716,0.0664678487,2.04066249,0.128390878,0.0443155361,0.0661960809,0.000271767846,0.0,0.825851,30.80397521,57.482,14.6231,0.572226,25.55479164
bandGap+ElectronAffinity.iv,9,14,1.247,4.266,0.107932,30.4135831,2.34076618,33.0263716,0.0685891427,2.09942983,0.128393792,0.0443534192,0.0683004124,0.000288730333,0.0,0.825851,30.80397521,57.482,14.6231,0.572226,25.55479164
bandGap+ElectronAffinity.iv,9,15,1.247,4.266,0.128357,30.3286334,2.4057157,33.0263716,0.0708531663,2.16207489,0.128396639,0.0443910034,0.0705462513,0.000306914936,0.0,0.825851,30.80397521,57.482,14.6231,0.572226,25.55479164
bandGap+ElectronAffinity.iv,9,16,1.247,4.266,0.148803,30.2393058,2.475043,33.0263716,0.0732752175,2.2289401,0.12839942,0.0444282623,0.0729487601,0.000326457362,0.0,0.825851,30.80397521,57.482,14.6231,0.572226,25.55479164
bandGap+ElectronAffinity.iv,9,17,1.247,4.266,0.169274,30.1452127,2.54913591,33.0263716,0.0758731185,2.30039549,0.128402137,0.0444651654,0.0755256009,0.000347517573,0.0,0.825851,30.80397521,57.482,14.6231,0.572226,25.55479164
bandGap+ElectronAffinity.iv,9,18,1.247,4.266,0.18977,30.0459347,2.62841364,33.0263716,0.0786678765,2.37683929,0.128404794,0.0445016774,0.078297591,0.000370285492,0.0,0.825851,30.80397521,57.482,14.6231,0.572226,25.55479164
bandGap+ElectronAffinity.iv,9,19,1.247,4.266,0.210295,29.94102,2.71332809,33.0263716,0.0816846151,2.45869832,0.128407393,0.0445377574,0.0812896268,0.000394988292,0.0,0.825851,30.80397521,57.482,14.6231,0.572226,25.55479164
bandGap+ElectronAffinity.iv,9,20,1.247,4.266,0.23085,29.8299824,2.80436541,33.0263716,0.08495393,2.54642818,0.128409937,0.0445733583,0.0845320303,0.000421899741,0.0,0.825851,30.80397521,57.482,14.6231,0.572226,25.55479164
bandGap+ElectronAffinity.iv,9,21,1.247,4.266,0.251439,29.7122991,2.90204842,33.0263716,0.0885139305,2.64051364,0.128412429,0.0446084255,0.0880625782,0.000451352317,0.0,0.825851,30.80397521,57.482,14.6231,0.572226,25.55479164
bandGap+ElectronAffinity.iv,9,22,1.247,4.266,0.272063,29.5874061,3.0069411,33.0263716,0.0924134052,2.74146992,0.128414871,0.0446428966,0.0919296521,0.000483753104,0.0,0.825851,30.80397521,57.482,14.6231,0.572226,25.55479164
bandGap+ElectronAffinity.iv,9,23,1.247,4.266,0.292727,29.4546896,3.11965717,33.0263716,0.0967168584,2.84984634,0.128417268,0.0446767003,0.0961972533,0.000519605047,0.0,0.825851,30.80397521,57.482,14.6231,0.572226,25.55479164
bandGap+ElectronAffinity.iv,9,24,1.247,4.266,0.313433,29.3134696,3.24087682,33.0263716,0.101512659,2.96623478,0.128419623,0.0447097562,0.100953123,0.000559536162,0.0,0.825851,30.80397521,57.482,14.6231,0.572226,25.55479164
bandGap+ElectronAffinity.iv,9,25,1.247,4.266,0.334185,29.1629678,3.37137826,33.0263716,0.10692634,3.091288,0.128421941,0.0447419744,0.106321999,0.000604341262,0.0,0.825851,30.80397521,57.482,14.6231,0.572226,25.55479164
bandGap+ElectronAffinity.iv,9,26,1.247,4.266,0.354989,29.0022496,3.51209607,33.0263716,0.113142283,3.2257563,0.128424225,0.0447732563,0.112487239,0.000655044625,0.0,0.825851,30.80397521,57.482,14.6231,0.572226,25.55479164
bandGap+ElectronAffinity.iv,9,27,1.247,4.266,0.375849,28.830118,3.66422721,33.0263716,0.120438756,3.37055848,0.12842648,0.044803496,0.119725756,0.000712999866,0.0,0.825851,30.80397521,57.482,14.6231,0.572226,25.55479164
bandGap+ElectronAffinity.iv,9,28,1.247,4.266,0.396775,28.6449238,3.82942081,33.0263716,0.129243674,3.52691584,0.128428714,0.0448325822,0.128463615,0.000780059292,0.0,0.825851,30.80397521,57.482,14.6231,0.572226,25.55479164
bandGap+ElectronAffinity.iv,9,29,1.247,4.266,0.417779,28.4442287,4.01011558,33.0263716,0.140221826,3.69660242,0.128430931,0.044860403,0.139362948,0.000858877812,0.0,0.825851,30.80397521,57.482,14.6231,0.572226,25.55479164
bandGap+ElectronAffinity.iv,9,30,1.247,4.266,0.438879,28.2242042,4.21013942,33.0263716,0.154409312,3.88241011,0.128433141,0.0448868504,0.153455828,0.000953483753,0.0,0.825851,30.80397521,57.482,14.6231,0.572226,25.55479164
bandGap+ElectronAffinity.iv,9,31,1.247,4.266,0.460107,27.9785643,4.43577889,33.0263716,0.173419103,4.08901261,0.128435354,0.0449118278,0.172348717,0.00107038576,0.0,0.825851,30.80397521,57.482,14.6231,0.572226,25.55479164
bandGap+ElectronAffinity.iv,9,32,1.247,4.266,0.481517,27.696645,4.69769775,33.0263716,0.199754959,4.32456995,0.128437587,0.0449352587,0.198534199,0.00122075996,0.0,0.825851,30.80397521,57.482,14.6231,0.572226,25.55479164
bandGap+ElectronAffinity.iv,9,33,1.247,4.266,0.5032,27.359955,5.01438747,33.0263716,0.237290446,4.60370006,0.128439863,0.0449570974,0.235865645,0.00142480057,0.0,0.825851,30.80397521,57.482,14.6231,0.572226,25.55479164
bandGap+ElectronAffinity.iv,9,34,1.247,4.266,0.52532,26.9360074,5.41833441,33.0263716,0.291991111,4.95292373,0.12844222,0.0449773433,0.290270789,0.00172032258,0.0,0.825851,30.80397521,57.482,14.6231,0.572226,25.55479164
bandGap+ElectronAffinity.iv,9,35,1.247,4.266,0.548162,26.3675527,5.96678874,33.0263716,0.372959711,5.42038825,0.128444725,0.0449960614,0.370780316,0.00217939517,0.0,0.825851,30.80397521,57.482,14.6231,0.572226,25.55479164
bandGap+ElectronAffinity.iv,9,36,1.247,4.266,0.572226,25.5547916,6.75954945,33.0263716,0.493799025,6.09228952,0.12844749,0.0450134134,0.490860084,0.0029389404,0.0,0.825851,30.80397521,57.482,14.6231,0.572226,25.55479164
bandGap+ElectronAffinity.iv,9,37,1.247,4.266,0.598353,24.3294744,7.9648662,33.0263716,0.673938759,7.11744703,0.128450707,0.0450297082,0.669687302,0.00425145698,0.0,0.825851,30.80397521,57.482,14.6231,0.572226,25.55479164
bandGap+ElectronAffinity.iv,9,38,1.247,4.266,0.627861,22.4277605,9.84657946,33.0263716,0.938637684,8.73444162,0.128454684,0.0450454743,0.932086407,0.00655127745,0.0,0.825851,30.80397521,57.482,14.6231,0.572226,25.55479164
bandGap+ElectronAffinity.iv,9,39,1.247,4.266,0.662544,19.4912127,12.7631266,33.0263716,1.31472945,11.2748757,0.12845987,0.0450615393,1.30423901,0.0104904381,0.0,0.825851,30.80397521,57.482,14.6231,0.572226,25.55479164
bandGap+ElectronAffinity.iv,9,40,1.247,4.266,0.704215,15.1569817,17.077304,33.0263716,1.81852107,15.0852371,0.128466809,0.0450790488,1.80169975,0.0168213214,0.0,0.825851,30.80397521,57.482,14.6231,0.572226,25.55479164
bandGap+ElectronAffinity.iv,9,41,1.247,4.266,0.753612,9.27762786,22.9366648,33.0263716,2.43770038,20.3253892,0.128475842,0.0450993768,2.4117026,0.025997774,0.0,0.825851,30.80397521,57.482,14.6231,0.572226,25.55479164
bandGap+ElectronAffinity.iv,9,42,1.247,4.266,0.809178,2.16443039,30.0300697,33.0263716,3.12106392,26.735395,0.128486891,0.0451238133,3.08341714,0.0376467802,0.0,0.825851,30.80397521,57.482,14.6231,0.572226,25.55479164
bandGap+ElectronAffinity.iv,9,43,1.247,4.266,0.867018,-5.40367205,37.5782597,33.0263716,3.79156695,33.6130401,0.128499225,0.0451534701,3.7411517,0.0504152517,0.0,0.825851,30.80397521,57.482,14.6231,0.572226,25.55479164
bandGap+ElectronAffinity.iv,9,44,1.247,4.266,0.92229,-12.4579515,44.6125015,33.0263716,4.37549847,40.0633026,0.128511488,0.0451889735,4.31300854,0.0624899319,0.0,0.825851,30.80397521,57.482,14.6231,0.572226,25.55479164
bandGap+ElectronAffinity.iv,9,45,1.247,4.266,0.971086,-18.2172266,50.3518104,33.0263716,4.82708798,45.3509695,0.128522184,0.0452307348,4.7547055,0.0723824825,0.0,0.825851,30.80397521,57.482,14.6231,0.572226,25.55479164
bandGap+ElectronAffinity.iv,9,46,1.247,4.266,1.011701,-22.3402199,54.4545731,33.0263716,5.13721943,49.1435456,0.128530323,0.0452777083,5.05779476,0.0794246683,0.0,0.825851,30.80397521,57.482,14.6231,0.572226,25.55479164
bandGap+ElectronAffinity.iv,9,47,1.247,4.266,1.044757,-24.9514423,57.0452603,33.0263716,5.32758574,51.5438094,0.128535638,0.0453294947,5.24374279,0.0838429485,0.0,0.825851,30.80397521,57.482,14.6231,0.572226,25.55479164
bandGap+ElectronAffinity.iv,10,1,1.247,4.37,-0.156459,31.2917672,1.7226566,33.0263716,0.057543717,1.49308595,0.127939667,0.0440872652,0.0569808483,0.000562868713,0.0,0.774879,30.77348867,51.5972,12.3037,0.495961,24.80786877
bandGap+ElectronAffinity.iv,10,2,1.247,4.37,-0.136169,31.2338118,1.76061673,33.0263716,0.0590867167,1.52945994,0.12794171,0.044128369,0.0585040038,0.000582712876,0.0,0.774879,30.77348867,51.5972,12.3037,0.495961,24.80786877
bandGap+ElectronAffinity.iv,10,3,1.247,4.37,-0.115868,31.1735031,1.8009253,33.0263716,0.0607127105,1.56809953,0.127943756,0.0441693061,0.0601091982,0.000603512298,0.0,0.774879,30.77348867,51.5972,12.3037,0.495961,24.80786877
bandGap+ElectronAffinity.iv,10,4,1.247,4.37,-0.095553,31.1106309,1.84379723,33.0263716,0.0624287631,1.6092126,0.127945774,0.0442100941,0.0618035037,0.000625259369,0.0,0.774879,30.77348867,51.5972,12.3037,0.495961,24.80786877
bandGap+ElectronAffinity.iv,10,5,1.247,4.37,-0.075225,31.0449576,1.8894703,33.0263716,0.0642422604,1.65302954,0.127947767,0.0442507321,0.0635942473,0.000648013178,0.0,0.774879,30.77348867,51.5972,12.3037,0.495961,24.80786877
bandGap+ElectronAffinity.iv,10,6,1.247,4.37,-0.054881,30.9762209,1.93820663,33.0263716,0.0661614163,1.69980426,0.127949734,0.0442912189,0.0654895782,0.000671838095,0.0,0.774879,30.77348867,51.5972,12.3037,0.495961,24.80786877
bandGap+ElectronAffinity.iv,10,7,1.247,4.37,-0.034521,30.9041324,1.99029485,33.0263716,0.0681954013,1.74981621,0.12795168,0.0443315534,0.0674985969,0.000696804361,0.0,0.774879,30.77348867,51.5972,12.3037,0.495961,24.80786877
bandGap+ElectronAffinity.iv,10,8,1.247,4.37,-0.014142,30.8283749,2.0460523,33.0263716,0.0703545005,1.80337246,0.127953604,0.0443717341,0.0696315116,0.000722988847,0.0,0.774879,30.77348867,51.5972,12.3037,0.495961,24.80786877
bandGap+ElectronAffinity.iv,10,9,1.247,4.37,0.006257,30.7485995,2.10582722,33.0263716,0.0726503091,1.86080964,0.12795551,0.0444117596,0.0718998331,0.000750475951,0.0,0.774879,30.77348867,51.5972,12.3037,0.495961,24.80786877
bandGap+ElectronAffinity.iv,10,10,1.247,4.37,0.026678,30.6644251,2.17000091,33.0263716,0.0750959785,1.9224959,0.1279574,0.0444516279,0.0743166199,0.000779358667,0.0,0.774879,30.77348867,51.5972,12.3037,0.495961,24.80786877
bandGap+ElectronAffinity.iv,10,11,1.247,4.37,0.047123,30.5754357,2.23898973,33.0263716,0.0777065315,1.98883258,0.127959275,0.044491337,0.0768967916,0.000809739865,0.0,0.774879,30.77348867,51.5972,12.3037,0.495961,24.80786877
bandGap+ElectronAffinity.iv,10,12,1.247,4.37,0.067594,30.4811785,2.31324705,33.0263716,0.0804992712,2.06025575,0.127961139,0.0445308843,0.0796575374,0.000841733856,0.0,0.774879,30.77348867,51.5972,12.3037,0.495961,24.80786877
bandGap+ElectronAffinity.iv,10,13,1.247,4.37,0.088094,30.3811597,2.39326504,33.0263716,0.0834943244,2.13723745,0.127962994,0.0445702667,0.0826188561,0.000875468304,0.0,0.774879,30.77348867,51.5972,12.3037,0.495961,24.80786877
bandGap+ElectronAffinity.iv,10,14,1.247,4.37,0.108626,30.2748484,2.47957653,33.0263716,0.086715373,2.22028684,0.127964843,0.0446094808,0.0858042864,0.000911086611,0.0,0.774879,30.77348867,51.5972,12.3037,0.495961,24.80786877
bandGap+ElectronAffinity.iv,10,15,1.247,4.37,0.129192,30.1616673,2.57275721,33.0263716,0.0901906621,2.30995133,0.127966689,0.0446485223,0.0892419112,0.000948750926,0.0,0.774879,30.77348867,51.5972,12.3037,0.495961,24.80786877
bandGap+ElectronAffinity.iv,10,16,1.247,4.37,0.149795,30.040995,2.67342893,33.0263716,0.093954414,2.4068186,0.127968535,0.044687386,0.092965768,0.000988646001,0.0,0.774879,30.77348867,51.5972,12.3037,0.495961,24.80786877
bandGap+ElectronAffinity.iv,10,17,1.247,4.37,0.170439,29.9121583,2.7822656,33.0263716,0.0980488505,2.5115203,0.127970385,0.0447260655,0.0970178662,0.00103098423,0.0,0.774879,30.77348867,51.5972,12.3037,0.495961,24.80786877
bandGap+ElectronAffinity.iv,10,18,1.247,4.37,0.191128,29.774452,2.8999545,33.0263716,0.10252561,2.62469207,0.127972294,0.0447645256,0.101449391,0.00107621882,0.0,0.774879,30.77348867,51.5972,12.3037,0.495961,24.80786877
bandGap+ElectronAffinity.iv,10,19,1.247,4.37,0.211865,29.6269955,3.02741036,33.0263716,0.10745615,2.74717723,0.127974162,0.0448028127,0.106331919,0.0011242319,0.0,0.774879,30.77348867,51.5972,12.3037,0.495961,24.80786877
bandGap+ElectronAffinity.iv,10,20,1.247,4.37,0.232656,29.4688743,3.16553019,33.0263716,0.112929325,2.87978393,0.127976046,0.0448408867,0.111753753,0.00117557216,0.0,0.774879,30.77348867,51.5972,12.3037,0.495961,24.80786877
bandGap+ElectronAffinity.iv,10,21,1.247,4.37,0.253505,29.2989578,3.31544566,33.0263716,0.119067216,3.02352175,0.127977952,0.0448787326,0.117836553,0.00123066283,0.0,0.774879,30.77348867,51.5972,12.3037,0.495961,24.80786877
bandGap+ElectronAffinity.iv,10,22,1.247,4.37,0.274421,29.1158043,3.47859805,33.0263716,0.126038796,3.17966303,0.127979888,0.0449163316,0.124748764,0.00129003183,0.0,0.774879,30.77348867,51.5972,12.3037,0.495961,24.80786877
bandGap+ElectronAffinity.iv,10,23,1.247,4.37,0.295413,28.9174578,3.65694347,33.0263716,0.134083021,3.34992493,0.127981863,0.0449536597,0.132728663,0.00135435801,0.0,0.774879,30.77348867,51.5972,12.3037,0.495961,24.80786877
bandGap+ElectronAffinity.iv,10,24,1.247,4.37,0.316494,28.7011042,3.85329645,33.0263716,0.143543918,3.53677795,0.127983889,0.0449906859,0.142119371,0.0014245464,0.0,0.774879,30.77348867,51.5972,12.3037,0.495961,24.80786877
bandGap+ElectronAffinity.iv,10,25,1.247,4.37,0.337687,28.4625067,4.07189252,33.0263716,0.154923293,3.74395587,0.127985989,0.0450273703,0.153421437,0.00150185556,0.0,0.774879,30.77348867,51.5972,12.3037,0.495961,24.80786877
bandGap+ElectronAffinity.iv,10,26,1.247,4.37,0.359024,28.1951101,4.31928827,33.0263716,0.168958431,3.97727798,0.127988192,0.0450636605,0.167370312,0.00158811915,0.0,0.774879,30.77348867,51.5972,12.3037,0.495961,24.80786877
bandGap+ElectronAffinity.iv,10,27,1.247,4.37,0.380557,27.8886347,4.60576282,33.0263716,0.186733392,4.24593939,0.127990548,0.0450994887,0.185047254,0.00168613756,0.0,0.774879,30.77348867,51.5972,12.3037,0.495961,24.80786877
bandGap+ElectronAffinity.iv,10,28,1.247,4.37,0.402365,27.5269699,4.94742827,33.0263716,0.209831883,4.56446849,0.127993131,0.0451347668,0.208031508,0.00180037499,0.0,0.774879,30.77348867,51.5972,12.3037,0.495961,24.80786877
bandGap+ElectronAffinity.iv,10,29,1.247,4.37,0.424574,27.085136,5.36926065,33.0263716,0.240534012,4.95556119,0.127996059,0.045169382,0.238595823,0.00193818885,0.0,0.774879,30.77348867,51.5972,12.3037,0.495961,24.80786877
bandGap+ElectronAffinity.iv,10,30,1.247,4.37,0.447374,26.5252582,5.90914151,33.0263716,0.28204232,5.45389649,0.127999509,0.0452031942,0.279930383,0.00211193664,0.0,0.774879,30.77348867,51.5972,12.3037,0.495961,24.80786877
bandGap+ElectronAffinity.iv,10,31,1.247,4.37,0.471041,25.7918274,6.62257497,33.0263716,0.338684126,6.11065107,0.12800374,0.0452360369,0.336341747,0.00234237883,0.0,0.774879,30.77348867,51.5972,12.3037,0.495961,24.80786877
bandGap+ElectronAffinity.iv,10,32,1.247,4.37,0.495961,24.8078688,7.58649811,33.0263716,0.415948255,6.99727299,0.128009157,0.0452677067,0.413284336,0.00266391851,0.0,0.774879,30.77348867,51.5972,12.3037,0.495961,24.80786877
bandGap+ElectronAffinity.iv,10,33,1.247,4.37,0.522632,23.4736214,8.90075683,33.0263716,0.520257533,8.20718509,0.128016134,0.045298078,0.517128536,0.00312899693,0.0,0.774879,30.77348867,51.5972,12.3037,0.495961,24.80786877
bandGap+ElectronAffinity.iv,10,34,1.247,4.37,0.551621,21.6757354,10.6786556,33.0263716,0.65795009,9.84735322,0.128025267,0.0453270059,0.654136063,0.00381402652,0.0,0.774879,30.77348867,51.5972,12.3037,0.495961,24.80786877
bandGap+ElectronAffinity.iv,10,35,1.247,4.37,0.583467,19.3065412,13.0278124,33.0263716,0.833742831,12.020678,0.128037127,0.0453544631,0.828928178,0.00481465377,0.0,0.774879,30.77348867,51.5972,12.3037,0.495961,24.80786877
bandGap+ElectronAffinity.iv,10,36,1.247,4.37,0.618535,16.2929313,16.0214487,33.0263716,1.04903937,14.7989767,0.128052022,0.0453806367,1.04280985,0.00622952149,0.0,0.774879,30.77348867,51.5972,12.3037,0.495961,24.80786877
bandGap+ElectronAffinity.iv,10,37,1.247,4.37,0.656868,12.6263513,19.6679852,33.0263716,1.30047121,18.1940381,0.128070163,0.0454058018,1.29233617,0.00813504441,0.0,0.774879,30.77348867,51.5972,12.3037,0.495961,24.80786877
bandGap+ElectronAffinity.iv,10,38,1.247,4.37,0.698131,8.37371938,23.9006597,33.0263716,1.58036921,22.1467688,0.128091267,0.0454304565,1.56981271,0.0105565009,0.0,0.774879,30.77348867,51.5972,12.3037,0.495961,24.80786877
bandGap+ElectronAffinity.iv,10,39,1.247,4.37,0.741645,3.67104218,28.5832664,33.0263716,1.87769919,26.5319973,0.128114901,0.0454550873,1.86424644,0.0134527577,0.0,0.774879,30.77348867,51.5972,12.3037,0.495961,24.80786877
bandGap+ElectronAffinity.iv,10,40,1.247,4.37,0.786499,-1.29973763,33.5341792,33.0263716,2.18017764,31.1803808,0.128140308,0.0454804018,2.16345931,0.0167183293,0.0,0.774879,30.77348867,51.5972,12.3037,0.495961,24.80786877
bandGap+ElectronAffinity.iv,10,41,1.247,4.37,0.831575,-6.31494414,38.5295824,33.0263716,2.47516776,35.8807411,0.128166417,0.0455071187,2.45497528,0.0201924791,0.0,0.774879,30.77348867,51.5972,12.3037,0.495961,24.80786877
bandGap+ElectronAffinity.iv,10,42,1.247,4.37,0.875818,-11.163585,43.3579982,33.0263716,2.75081353,40.4334565,0.128192383,0.0455358472,2.72713474,0.0236787926,0.0,0.774879,30.77348867,51.5972,12.3037,0.495961,24.80786877
bandGap+ElectronAffinity.iv,10,43,1.247,4.37,0.918068,-15.6136889,47.7883328,33.0263716,2.99666776,44.6178808,0.128216827,0.0455674515,2.9696937,0.0269740667,0.0,0.774879,30.77348867,51.5972,12.3037,0.495961,24.80786877
bandGap+ElectronAffinity.iv,10,44,1.247,4.37,0.957305,-19.4610083,51.6154503,33.0263716,3.20337458,48.2382344,0.128238573,0.0456027355,3.17350624,0.0298683382,0.0,0.774879,30.77348867,51.5972,12.3037,0.495961,24.80786877
bandGap+ElectronAffinity.iv,11,1,1.296,3.97,-0.148881,29.7761791,1.60556823,31.3924751,0.051519287,1.38568654,0.128535543,0.0398268606,0.0509915602,0.000527726775,0.0,0.743816,29.41364307,58.3699,12.7704,0.516337,24.73262687
bandGap+ElectronAffinity.iv,11,2,1.296,3.97,-0.128652,29.7304677,1.63127892,31.3924751,0.0529091848,1.40999442,0.128545364,0.0398299503,0.0523519349,0.000557249856,0.0,0.743816,29.41364307,58.3699,12.7704,0.516337,24.73262687
bandGap+ElectronAffinity.iv,11,3,1.296,3.97,-0.108419,29.6837595,1.65798712,31.3924751,0.0543839447,1.43521501,0.128555233,0.0398329304,0.0537947907,0.000589154034,0.0,0.743816,29.41364307,58.3699,12.7704,0.516337,24.73262687
bandGap+ElectronAffinity.iv,11,4,1.296,3.97,-0.08818,29.6359871,1.68575955,31.3924751,0.0559514711,1.46140713,0.128565153,0.0398358022,0.0553277848,0.000623686315,0.0,0.743816,29.41364307,58.3699,12.7704,0.516337,24.73262687
bandGap+ElectronAffinity.iv,11,5,1.296,3.97,-0.067935,29.5870773,1.71466933,31.3924751,0.0576206156,1.48863502,0.128575127,0.0398385669,0.0569594912,0.000661124367,0.0,0.743816,29.41364307,58.3699,12.7704,0.516337,24.73262687
bandGap+ElectronAffinity.iv,11,6,1.296,3.97,-0.047685,29.5369498,1.74479682,31.3924751,0.0594013102,1.51696912,0.128585158,0.0398412259,0.0586995294,0.000701780808,0.0,0.743816,29.41364307,58.3699,12.7704,0.516337,24.73262687
bandGap+ElectronAffinity.iv,11,7,1.296,3.97,-0.027428,29.485516,1.77623057,31.3924751,0.0613047225,1.54648681,0.128595249,0.0398437807,0.0605587143,0.000746008215,0.0,0.743816,29.41364307,58.3699,12.7704,0.516337,24.73262687
bandGap+ElectronAffinity.iv,11,8,1.296,3.97,-0.007163,29.4326782,1.80906841,31.3924751,0.0633434365,1.57727334,0.128605402,0.0398462329,0.0625492315,0.000794204946,0.0,0.743816,29.41364307,58.3699,12.7704,0.516337,24.73262687
bandGap+ElectronAffinity.iv,11,9,1.296,3.97,0.013108,29.3783278,1.84341878,31.3924751,0.0655316632,1.60942291,0.128615623,0.0398485842,0.0646848413,0.000846821876,0.0,0.743816,29.41364307,58.3699,12.7704,0.516337,24.73262687
bandGap+ElectronAffinity.iv,11,10,1.296,3.97,0.033388,29.3223444,1.87940219,31.3924751,0.0678854879,1.64303995,0.128625914,0.0398508365,0.0669811176,0.00090437026,0.0,0.743816,29.41364307,58.3699,12.7704,0.516337,24.73262687
bandGap+ElectronAffinity.iv,11,11,1.296,3.97,0.053677,29.2645935,1.91715304,31.3924751,0.0704231595,1.67824061,0.128636281,0.0398529916,0.0694557286,0.000967430871,0.0,0.743816,29.41364307,58.3699,12.7704,0.516337,24.73262687
bandGap+ElectronAffinity.iv,11,12,1.296,3.97,0.073975,29.2049248,1.95682177,31.3924751,0.0731654308,1.71515456,0.128646727,0.0398550518,0.0721287661,0.00103666469,0.0,0.743816,29.41364307,58.3699,12.7704,0.516337,24.73262687
bandGap+ElectronAffinity.iv,11,13,1.296,3.97,0.094284,29.1431691,1.99857745,31.3924751,0.0761359604,1.75392722,0.128657258,0.0398570193,0.075023135,0.00111282542,0.0,0.743816,29.41364307,58.3699,12.7704,0.516337,24.73262687
bandGap+ElectronAffinity.iv,11,14,1.296,3.97,0.114604,29.0791355,2.04261101,31.3924751,0.0793617882,1.79472245,0.12866788,0.0398588966,0.0781650141,0.00119677412,0.0,0.743816,29.41364307,58.3699,12.7704,0.516337,24.73262687
bandGap+ElectronAffinity.iv,11,15,1.296,3.97,0.134937,29.0126072,2.08913924,31.3924751,0.0828739007,1.83772606,0.128678598,0.0398606863,0.0815844042,0.00128949652,0.0,0.743816,29.41364307,58.3699,12.7704,0.516337,24.73262687
bandGap+ElectronAffinity.iv,11,16,1.296,3.97,0.155283,28.9433364,2.13841006,31.3924751,0.0867079049,1.88315035,0.128689419,0.0398623912,0.0853157817,0.00139212329,0.0,0.743816,29.41364307,58.3699,12.7704,0.516337,24.73262687
bandGap+ElectronAffinity.iv,11,17,1.296,3.97,0.175645,28.8710368,2.19070959,31.3924751,0.0909048359,1.93124039,0.128700352,0.0398640144,0.0893988817,0.00150595416,0.0,0.743816,29.41364307,58.3699,12.7704,0.516337,24.73262687
bandGap+ElectronAffinity.iv,11,18,1.296,3.97,0.196023,28.7953743,2.24637213,31.3924751,0.095512129,1.98228304,0.128711402,0.0398655594,0.0938796425,0.00163248649,0.0,0.743816,29.41364307,58.3699,12.7704,0.516337,24.73262687
bandGap+ElectronAffinity.iv,11,19,1.296,3.97,0.21642,28.7159514,2.30579495,31.3924751,0.100584797,2.03662054,0.128722581,0.0398670296,0.0988113482,0.00177344922,0.0,0.743816,29.41364307,58.3699,12.7704,0.516337,24.73262687
bandGap+ElectronAffinity.iv,11,20,1.296,3.97,0.236839,28.632285,2.36946132,31.3924751,0.106186867,2.09467213,0.128733896,0.0398684292,0.104256023,0.00193084365,0.0,0.743816,29.41364307,58.3699,12.7704,0.516337,24.73262687
bandGap+ElectronAffinity.iv,11,21,1.296,3.97,0.257281,28.5437683,2.43797805,31.3924751,0.112393138,2.15696979,0.128745359,0.0398697627,0.110286146,0.00210699218,0.0,0.743816,29.41364307,58.3699,12.7704,0.516337,24.73262687
bandGap+ElectronAffinity.iv,11,22,1.296,3.97,0.277752,28.4496073,2.51213897,31.3924751,0.119291374,2.22421958,0.128756981,0.0398710353,0.116986776,0.00230459726,0.0,0.743816,29.41364307,58.3699,12.7704,0.516337,24.73262687
bandGap+ElectronAffinity.iv,11,23,1.296,3.97,0.298256,28.3487109,2.59303537,31.3924751,0.126985041,2.2974093,0.128768775,0.0398722531,0.124458229,0.00252681256,0.0,0.743816,29.41364307,58.3699,12.7704,0.516337,24.73262687
bandGap+ElectronAffinity.iv,11,24,1.296,3.97,0.318803,28.2394942,2.68225207,31.3924751,0.135596798,2.37800109,0.128780755,0.0398734242,0.132819469,0.00277732947,0.0,0.743816,29.41364307,58.3699,12.7704,0.516337,24.73262687
bandGap+ElectronAffinity.iv,11,25,1.296,3.97,0.339402,28.1195267,2.78221954,31.3924751,0.145272992,2.46827905,0.128792937,0.039874559,0.14221251,0.0030604821,0.0,0.743816,29.41364307,58.3699,12.7704,0.516337,24.73262687
bandGap+ElectronAffinity.iv,11,26,1.296,3.97,0.360076,27.9848961,2.89685012,31.3924751,0.156189556,2.57197955,0.128805337,0.0398756729,0.152808181,0.00338137481,0.0,0.743816,29.41364307,58.3699,12.7704,0.516337,24.73262687
bandGap+ElectronAffinity.iv,11,27,1.296,3.97,0.380855,27.8290583,3.03268778,31.3924751,0.168559833,2.69543318,0.128817974,0.0398767896,0.164813798,0.00374603534,0.0,0.743816,29.41364307,58.3699,12.7704,0.516337,24.73262687
bandGap+ElectronAffinity.iv,11,28,1.296,3.97,0.401796,27.6407701,3.20097605,31.3924751,0.182645017,2.84962222,0.128830865,0.0398779476,0.178483422,0.00416159538,0.0,0.743816,29.41364307,58.3699,12.7704,0.516337,24.73262687
bandGap+ElectronAffinity.iv,11,29,1.296,3.97,0.422998,27.4004086,3.42133743,31.3924751,0.198767927,3.05384626,0.128844031,0.0398792121,0.194131434,0.00463649356,0.0,0.743816,29.41364307,58.3699,12.7704,0.516337,24.73262687
bandGap+ElectronAffinity.iv,11,30,1.296,3.97,0.444632,27.0735479,3.72819809,31.3924751,0.217330348,3.34212955,0.128857486,0.039880696,0.212149668,0.00518068043,0.0,0.743816,29.41364307,58.3699,12.7704,0.516337,24.73262687
bandGap+ElectronAffinity.iv,11,31,1.296,3.97,0.467,26.6000916,4.18165425,31.3924751,0.238832121,3.77406829,0.128871242,0.0398825971,0.233026352,0.00580576812,0.0,0.743816,29.41364307,58.3699,12.7704,0.516337,24.73262687
bandGap+ElectronAffinity.iv,11,32,1.296,3.97,0.490616,25.8768843,4.88486138,31.3924751,0.263884405,4.45220642,0.128885295,0.0398852596,0.25735942,0.00652498497,0.0,0.743816,29.41364307,58.3699,12.7704,0.516337,24.73262687
bandGap+ElectronAffinity.iv,11,33,1.296,3.97,0.516337,24.7326269,6.00911845,31.3924751,0.293196033,5.54713352,0.128899614,0.039889277,0.285843415,0.00735261789,0.0,0.743816,29.41364307,58.3699,12.7704,0.516337,24.73262687
bandGap+ElectronAffinity.iv,11,34,1.296,3.97,0.545504,22.8991344,7.8226102,31.3924751,0.32748519,7.32631525,0.128914118,0.0398956453,0.319182931,0.00830225928,0.0,0.743816,29.41364307,58.3699,12.7704,0.516337,24.73262687
bandGap+ElectronAffinity.iv,11,35,1.296,3.97,0.580008,19.9983127,10.70343,31.3924751,0.367228985,10.1673665,0.12892864,0.0399059698,0.357846495,0.00938249032,0.0,0.743816,29.41364307,58.3699,12.7704,0.516337,24.73262687
bandGap+ElectronAffinity.iv,11,36,1.296,3.97,0.62203,15.5940472,15.0876989,31.3924751,0.41213976,14.5066935,0.128942881,0.0399227,0.4015508,0.0105889598,0.0,0.743816,29.41364307,58.3699,12.7704,0.516337,24.73262687
bandGap+ElectronAffinity.iv,11,37,1.296,3.97,0.673069,9.38621178,21.2755331,31.3924751,0.460390549,20.646237,0.128956372,0.0399491663,0.448504554,0.0118859944,0.0,0.743816,29.41364307,58.3699,12.7704,0.516337,24.73262687
bandGap+ElectronAffinity.iv,11,38,1.296,3.97,0.732184,1.56326297,29.0784827,31.3924751,0.508026647,28.4014982,0.128968463,0.0399893596,0.494833258,0.0131933891,0.0,0.743816,29.41364307,58.3699,12.7704,0.516337,24.73262687
bandGap+ElectronAffinity.iv,11,39,1.296,3.97,0.794546,-6.90912053,37.5308619,31.3924751,0.549678996,36.8121589,0.128978452,0.0400454835,0.535297192,0.0143818044,0.0,0.743816,29.41364307,58.3699,12.7704,0.516337,24.73262687
bandGap+ElectronAffinity.iv,11,40,1.296,3.97,0.852749,-14.5498562,45.1515988,31.3924751,0.581034777,44.4014567,0.128985843,0.0401214688,0.565708774,0.0153260027,0.0,0.743816,29.41364307,58.3699,12.7704,0.516337,24.73262687
bandGap+ElectronAffinity.iv,11,41,1.296,3.97,0.901184,-20.2367432,50.8184805,31.3924751,0.601335632,50.0479405,0.128990677,0.0402137044,0.585367737,0.0159678947,0.0,0.743816,29.41364307,58.3699,12.7704,0.516337,24.73262687
bandGap+ElectronAffinity.iv,11,42,1.296,3.97,0.939119,-23.8237575,54.3854983,31.3924751,0.612923176,53.6032639,0.128993486,0.0403177458,0.596570188,0.0163529882,0.0,0.743816,29.41364307,58.3699,12.7704,0.516337,24.73262687
bandGap+ElectronAffinity.iv,11,43,1.296,3.97,0.969233,-25.8466104,56.3883493,31.3924751,0.619072589,55.599854,0.128995003,0.0404277177,0.602511284,0.0165613051,0.0,0.743816,29.41364307,58.3699,12.7704,0.516337,24.73262687
bandGap+ElectronAffinity.iv,11,44,1.296,3.97,0.994662,-26.9323964,57.4541339,31.3924751,0.622240593,56.6623583,0.128995793,0.0405392032,0.605570368,0.0166702248,0.0,0.743816,29.41364307,58.3699,12.7704,0.516337,24.73262687
bandGap+ElectronAffinity.iv,11,45,1.296,3.97,1.017608,-27.5215024,58.0232394,31.3924751,0.62390271,57.229689,0.12899621,0.0406514552,0.607174869,0.0167278405,0.0,0.743816,29.41364307,58.3699,12.7704,0.516337,24.73262687
bandGap+ElectronAffinity.iv,11,46,1.296,3.97,1.039311,-27.8621982,58.3439358,31.3924751,0.624830017,57.549346,0.128996443,0.0407633541,0.608069879,0.0167601384,0.0,0.743816,29.41364307,58.3699,12.7704,0.516337,24.73262687
bandGap+ElectronAffinity.iv,11,47,1.296,3.97,1.060408,-28.0815443,58.5432811,31.3924751,0.625402824,57.748008,0.128996588,0.0408736072,0.608622673,0.0167801516,0.0,0.743816,29.41364307,58.3699,12.7704,0.516337,24.73262687
bandGap+ElectronAffinity.iv,11,48,1.296,3.97,1.081206,-28.2411048,58.6828427,31.3924751,0.625802089,57.8870627,0.128996689,0.0409812054,0.609007957,0.016794132,0.0,0.743816,29.41364307,58.3699,12.7704,0.516337,24.73262687
bandGap+ElectronAffinity.iv,11,49,1.296,3.97,1.101856,-28.3711838,58.7929215,31.3924751,0.626115927,57.9967204,0.128996768,0.0410884573,0.609310785,0.016805142,0.0,0.743816,29.41364307,58.3699,12.7704,0.516337,24.73262687
bandGap+ElectronAffinity.iv,11,50,1.296,3.97,1.122427,-28.485447,58.8871833,31.3924751,0.626383953,58.0906088,0.128996836,0.0411937436,0.609569396,0.0168145566,0.0,0.743816,29.41364307,58.3699,12.7704,0.516337,24.73262687
bandGap+ElectronAffinity.iv,11,51,1.296,3.97,1.142953,-28.5905931,58.9723297,31.3924751,0.626625514,58.1754099,0.128996897,0.0412974205,0.609802464,0.0168230503,0.0,0.743816,29.41364307,58.3699,12.7704,0.516337,24.73262687
bandGap+ElectronAffinity.iv,11,52,1.296,3.97,1.16345,-28.6899217,59.0516581,31.3924751,0.626850099,58.2544108,0.128996954,0.0414001728,0.610019143,0.0168309565,0.0,0.743816,29.41364307,58.3699,12.7704,0.516337,24.73262687
bandGap+ElectronAffinity.iv,11,53,1.296,3.97,1.183923,-28.7846997,59.1264355,31.3924751,0.627061609,58.3288762,0.128997008,0.0415006834,0.610223227,0.0168383822,0.0,0.743816,29.41364307,58.3699,12.7704,0.516337,24.73262687
bandGap+ElectronAffinity.iv,11,54,1.296,3.97,1.204381,-28.8762945,59.1980304,31.3924751,0.627263404,58.4001699,0.128997059,0.0416000014,0.610417882,0.0168455224,0.0,0.743816,29.41364307,58.3699,12.7704,0.516337,24.73262687
bandGap+ElectronAffinity.iv,11,55,1.296,3.97,1.224825,-28.9650029,59.2667388,31.3924751,0.62745692,58.4685863,0.128997109,0.0416985447,0.61060457,0.0168523504,0.0,0.743816,29.41364307,58.3699,12.7704,0.516337,24.73262687
bandGap+ElectronAffinity.iv,11,56,1.296,3.97,1.245255,-29.0510491,59.3327854,31.3924751,0.627642651,58.5343503,0.128997156,0.0417952232,0.610783743,0.0168589084,0.0,0.743816,29.41364307,58.3699,12.7704,0.516337,24.73262687
bandGap+ElectronAffinity.iv,11,57,1.296,3.97,1.265674,-29.1347491,59.3964865,31.3924751,0.627821511,58.5977765,0.128997202,0.0418913427,0.610956283,0.016865228,0.0,0.743816,29.41364307,58.3699,12.7704,0.516337,24.73262687
bandGap+ElectronAffinity.iv,11,58,1.296,3.97,1.286081,-29.2162124,59.4579499,31.3924751,0.627993835,58.6589724,0.128997246,0.0419863297,0.611122515,0.0168713206,0.0,0.743816,29.41364307,58.3699,12.7704,0.516337,24.73262687
bandGap+ElectronAffinity.iv,11,59,1.296,3.97,1.306478,-29.2955467,59.5172835,31.3924751,0.628159957,58.7180466,0.128997288,0.0420796001,0.611282759,0.0168771977,0.0,0.743816,29.41364307,58.3699,12.7704,0.516337,24.73262687
bandGap+ElectronAffinity.iv,11,60,1.296,3.97,1.326864,-29.3727091,59.5744458,31.3924751,0.628319781,58.7749572,0.128997329,0.0421715666,0.611436926,0.0168828553,0.0,0.743816,29.41364307,58.3699,12.7704,0.516337,24.73262687
bandGap+ElectronAffinity.iv,11,61,1.296,3.97,1.347241,-29.4481924,59.6299285,31.3924751,0.628474702,58.830194,0.128997368,0.0422624619,0.61158636,0.016888343,0.0,0.743816,29.41364307,58.3699,12.7704,0.516337,24.73262687
bandGap+ElectronAffinity.iv,12,1,1.296,4.066,-0.148668,29.733675,1.64794092,31.3924751,0.0454913495,1.42504863,0.128495029,0.0489059132,0.0453119256,0.000179423847,0.0,0.832755,29.36971232,60.288,14.7451,0.596378,24.72443994
bandGap+ElectronAffinity.iv,12,2,1.296,4.066,-0.128438,29.6875153,1.67409984,31.3924751,0.0465270707,1.45014639,0.128504428,0.0489219504,0.0463354321,0.000191638631,0.0,0.832755,29.36971232,60.288,14.7451,0.596378,24.72443994
bandGap+ElectronAffinity.iv,12,3,1.296,4.066,-0.108202,29.6403946,1.70122053,31.3924751,0.0476175499,1.47615164,0.128513866,0.04893748,0.047412647,0.000204902878,0.0,0.832755,29.36971232,60.288,14.7451,0.596378,24.72443994
bandGap+ElectronAffinity.iv,12,4,1.296,4.066,-0.087961,29.5922541,1.72936101,31.3924751,0.0487673593,1.5031178,0.128523343,0.0489525028,0.0485480339,0.000219325408,0.0,0.832755,29.36971232,60.288,14.7451,0.596378,24.72443994
bandGap+ElectronAffinity.iv,12,5,1.296,4.066,-0.067715,29.5430309,1.7585842,31.3924751,0.049981575,1.53110275,0.128532861,0.0489670201,0.0497465468,0.00023502817,0.0,0.832755,29.36971232,60.288,14.7451,0.596378,24.72443994
bandGap+ElectronAffinity.iv,12,6,1.296,4.066,-0.047463,29.4926565,1.78895852,31.3924751,0.0512658421,1.56016922,0.128542422,0.0489810336,0.0510136941,0.000252147993,0.0,0.832755,29.36971232,60.288,14.7451,0.596378,24.72443994
bandGap+ElectronAffinity.iv,12,7,1.296,4.066,-0.027205,29.4410566,1.82055844,31.3924751,0.052626452,1.59038541,0.128552029,0.0489945453,0.0523556134,0.000270838625,0.0,0.832755,29.36971232,60.288,14.7451,0.596378,24.72443994
bandGap+ElectronAffinity.iv,12,8,1.296,4.066,-0.006941,29.3881498,1.85346521,31.3924751,0.0540704299,1.62182554,0.128561682,0.0490075579,0.0537791568,0.000291273082,0.0,0.832755,29.36971232,60.288,14.7451,0.596378,24.72443994
bandGap+ElectronAffinity.iv,12,9,1.296,4.066,0.013331,29.3338473,1.88776763,31.3924751,0.0556056374,1.65457054,0.128571385,0.0490200742,0.0552919911,0.000313646352,0.0,0.832755,29.36971232,60.288,14.7451,0.596378,24.72443994
bandGap+ElectronAffinity.iv,12,10,1.296,4.066,0.03361,29.2780519,1.923563,31.3924751,0.0572408914,1.68870887,0.128581141,0.0490320978,0.0569027129,0.000338178524,0.0,0.832755,29.36971232,60.288,14.7451,0.596378,24.72443994
bandGap+ElectronAffinity.iv,12,11,1.296,4.066,0.053897,29.2206568,1.96095812,31.3924751,0.0589861021,1.72433743,0.12859095,0.0490436328,0.0586209837,0.000365118394,0.0,0.832755,29.36971232,60.288,14.7451,0.596378,24.72443994
bandGap+ElectronAffinity.iv,12,12,1.296,4.066,0.074192,29.1615444,2.00007048,31.3924751,0.0608524345,1.76156254,0.128600818,0.0490546837,0.0604576869,0.000394747647,0.0,0.832755,29.36971232,60.288,14.7451,0.596378,24.72443994
bandGap+ElectronAffinity.iv,12,13,1.296,4.066,0.094497,29.1005851,2.04102969,31.3924751,0.0628524984,1.80050119,0.128610746,0.0490652557,0.0624251127,0.000427385712,0.0,0.832755,29.36971232,60.288,14.7451,0.596378,24.72443994
bandGap+ElectronAffinity.iv,12,14,1.296,4.066,0.114812,29.0376357,2.08397904,31.3924751,0.0650005711,1.84128237,0.128620738,0.0490753546,0.0645371757,0.000463395393,0.0,0.832755,29.36971232,60.288,14.7451,0.596378,24.72443994
bandGap+ElectronAffinity.iv,12,15,1.296,4.066,0.135137,28.9725373,2.12907742,31.3924751,0.0673128622,1.88404878,0.128630798,0.0490849866,0.0668096728,0.000503189433,0.0,0.832755,29.36971232,60.288,14.7451,0.596378,24.72443994
bandGap+ElectronAffinity.iv,12,16,1.296,4.066,0.155474,28.9051131,2.17650154,31.3924751,0.0698078281,1.92895862,0.128640929,0.0490941588,0.0692605899,0.000547238175,0.0,0.832755,29.36971232,60.288,14.7451,0.596378,24.72443994
bandGap+ElectronAffinity.iv,12,17,1.296,4.066,0.175824,28.835166,2.22644852,31.3924751,0.0725065509,1.97618796,0.128651135,0.0491028787,0.0719104724,0.000596078522,0.0,0.832755,29.36971232,60.288,14.7451,0.596378,24.72443994
bandGap+ElectronAffinity.iv,12,18,1.296,4.066,0.196188,28.7624753,2.27913915,31.3924751,0.0754331978,2.02593338,0.128661422,0.0491111548,0.0747828734,0.000650324445,0.0,0.832755,29.36971232,60.288,14.7451,0.596378,24.72443994
bandGap+ElectronAffinity.iv,12,19,1.296,4.066,0.216566,28.6867926,2.33482178,31.3924751,0.0786155874,2.0784154,0.128671793,0.049118996,0.077904908,0.000710679354,0.0,0.832755,29.36971232,60.288,14.7451,0.596378,24.72443994
bandGap+ElectronAffinity.iv,12,20,1.296,4.066,0.236961,28.6078371,2.39377722,31.3924751,0.082085901,2.13388265,0.128682254,0.049126412,0.0813079503,0.00077795071,0.0,0.832755,29.36971232,60.288,14.7451,0.596378,24.72443994
bandGap+ElectronAffinity.iv,12,21,1.296,4.066,0.257374,28.5252889,2.45632523,31.3924751,0.0858815994,2.1926174,0.128692811,0.0491334132,0.0850285321,0.000853067365,0.0,0.832755,29.36971232,60.288,14.7451,0.596378,24.72443994
bandGap+ElectronAffinity.iv,12,22,1.296,4.066,0.277806,28.4387809,2.52283311,31.3924751,0.090046641,2.25494299,0.128703469,0.0491400108,0.0891095407,0.000937100251,0.0,0.832755,29.36971232,60.288,14.7451,0.596378,24.72443994
bandGap+ElectronAffinity.iv,12,23,1.296,4.066,0.298261,28.3478858,2.59372807,31.3924751,0.0946331637,2.32123446,0.128714234,0.0491462167,0.0936018765,0.00103128725,0.0,0.832755,29.36971232,60.288,14.7451,0.596378,24.72443994
bandGap+ElectronAffinity.iv,12,24,1.296,4.066,0.31874,28.2520982,2.6695155,31.3924751,0.0997039029,2.39193443,0.128725114,0.0491520435,0.0985668395,0.00113706334,0.0,0.832755,29.36971232,60.288,14.7451,0.596378,24.72443994
bandGap+ElectronAffinity.iv,12,25,1.296,4.066,0.339246,28.1508058,2.75080767,31.3924751,0.105335802,2.46757825,0.128736116,0.0491575048,0.104079704,0.0012560977,0.0,0.832755,29.36971232,60.288,14.7451,0.596378,24.72443994
bandGap+ElectronAffinity.iv,12,26,1.296,4.066,0.359784,28.0432425,2.83837078,31.3924751,0.111625584,2.54883533,0.128747247,0.049162615,0.110235244,0.0013903401,0.0,0.832755,29.36971232,60.288,14.7451,0.596378,24.72443994
bandGap+ElectronAffinity.iv,12,27,1.296,4.066,0.380358,27.9284084,2.93320463,31.3924751,0.118698547,2.63658018,0.128758516,0.0491673895,0.117156466,0.00154208055,0.0,0.832755,29.36971232,60.288,14.7451,0.596378,24.72443994
bandGap+ElectronAffinity.iv,12,28,1.296,4.066,0.400975,27.8049312,3.03668156,31.3924751,0.126722571,2.73201721,0.128769931,0.0491718453,0.125008542,0.00171402868,0.0,0.832755,29.36971232,60.288,14.7451,0.596378,24.72443994
bandGap+ElectronAffinity.iv,12,29,1.296,4.066,0.421646,27.6708196,3.15079277,31.3924751,0.135930438,2.83690483,0.128781501,0.049176001,0.134021013,0.00190942495,0.0,0.832755,29.36971232,60.288,14.7451,0.596378,24.72443994
bandGap+ElectronAffinity.iv,12,30,1.296,4.066,0.442385,27.523022,3.27859,31.3924751,0.146655004,2.95396188,0.128793237,0.0491798781,0.144522799,0.00213220571,0.0,0.832755,29.36971232,60.288,14.7451,0.596378,24.72443994
bandGap+ElectronAffinity.iv,12,31,1.296,4.066,0.463217,27.3566296,3.42498188,31.3924751,0.159383827,3.08760941,0.128805147,0.0491835031,0.156996561,0.0023872658,0.0,0.832755,29.36971232,60.288,14.7451,0.596378,24.72443994
bandGap+ElectronAffinity.iv,12,32,1.296,4.066,0.484183,27.1634394,3.59817157,31.3924751,0.174842687,3.24532473,0.128817241,0.0491869102,0.172161782,0.00268090449,0.0,0.832755,29.36971232,60.288,14.7451,0.596378,24.72443994
bandGap+ElectronAffinity.iv,12,33,1.296,4.066,0.505353,26.9293671,3.81224317,31.3924751,0.194121691,3.4401018,0.128829527,0.0491901482,0.191100065,0.00302162634,0.0,0.832755,29.36971232,60.288,14.7451,0.596378,24.72443994
bandGap+ElectronAffinity.iv,12,34,1.296,4.066,0.526851,26.6298365,4.09177296,31.3924751,0.218863568,3.69487409,0.128842012,0.0491932912,0.215441931,0.00342163701,0.0,0.832755,29.36971232,60.288,14.7451,0.596378,24.72443994
bandGap+ElectronAffinity.iv,12,35,1.296,4.066,0.548891,26.2217079,4.47990042,31.3924751,0.251539835,4.05030943,0.128854696,0.0491964593,0.247640146,0.0038996886,0.0,0.832755,29.36971232,60.288,14.7451,0.596378,24.72443994
bandGap+ElectronAffinity.iv,12,36,1.296,4.066,0.571852,25.6296314,5.0519752,31.3924751,0.295838443,4.57806933,0.128867572,0.0491998542,0.291351987,0.00448645602,0.0,0.832755,29.36971232,60.288,14.7451,0.596378,24.72443994
bandGap+ElectronAffinity.iv,12,37,1.296,4.066,0.596378,24.7244399,5.93716436,31.3924751,0.357149694,5.40193023,0.128880619,0.0492038205,0.351915419,0.00523427452,0.0,0.832755,29.36971232,60.288,14.7451,0.596378,24.72443994
bandGap+ElectronAffinity.iv,12,38,1.296,4.066,0.623534,23.2932801,7.34831869,31.3924751,0.442997549,6.72721841,0.128893787,0.0492089454,0.436764564,0.00623298517,0.0,0.832755,29.36971232,60.288,14.7451,0.596378,24.72443994
bandGap+ElectronAffinity.iv,12,39,1.296,4.066,0.654947,21.01067,9.61094397,31.3924751,0.562884776,8.86993601,0.128906978,0.049216214,0.555254774,0.00763000193,0.0,0.832755,29.36971232,60.288,14.7451,0.596378,24.72443994
bandGap+ElectronAffinity.iv,12,40,1.296,4.066,0.692772,17.4456018,13.1560105,31.3924751,0.726300706,12.2515626,0.128920031,0.0492271635,0.716666061,0.00963464542,0.0,0.832755,29.36971232,60.288,14.7451,0.596378,24.72443994
bandGap+ElectronAffinity.iv,12,41,1.296,4.066,0.739101,12.1797356,18.4018721,31.3924751,0.937073753,17.2866216,0.12893267,0.0492440442,0.924612909,0.0124608442,0.0,0.832755,29.36971232,60.288,14.7451,0.596378,24.72443994
bandGap+ElectronAffinity.iv,12,42,1.296,4.066,0.794444,5.11111523,25.4504942,31.3924751,1.1841721,24.0881079,0.128944467,0.0492697044,1.16802796,0.0161441461,0.0,0.832755,29.36971232,60.288,14.7451,0.596378,24.72443994
bandGap+ElectronAffinity.iv,12,43,1.296,4.066,0.855805,-3.16098778,33.7025733,31.3924751,1.43633086,32.0879807,0.128954854,0.0493069506,1.41602268,0.0203081772,0.0,0.832755,29.36971232,60.288,14.7451,0.596378,24.72443994
bandGap+ElectronAffinity.iv,12,44,1.296,4.066,0.916542,-11.3084147,41.8299221,31.3924751,1.6528476,39.9987536,0.128963227,0.0493576921,1.62864451,0.024203091,0.0,0.832755,29.36971232,60.288,14.7451,0.596378,24.72443994
bandGap+ElectronAffinity.iv,12,45,1.296,4.066,0.969717,-17.9434544,48.4450196,31.3924751,1.80771174,46.4589173,0.128969224,0.0494214092,1.78053147,0.0271802736,0.0,0.832755,29.36971232,60.288,14.7451,0.596378,24.72443994
bandGap+ElectronAffinity.iv,12,46,1.296,4.066,1.012289,-22.4578298,52.9393982,31.3924751,1.90228804,50.8586416,0.128973008,0.0494955537,1.87320848,0.029079558,0.0,0.832755,29.36971232,60.288,14.7451,0.596378,24.72443994
bandGap+ElectronAffinity.iv,12,47,1.296,4.066,1.045659,-25.1318967,55.5934343,31.3924751,1.95418523,53.4606981,0.128975164,0.0495757818,1.92403672,0.030148518,0.0,0.832755,29.36971232,60.288,14.7451,0.596378,24.72443994
bandGap+ElectronAffinity.iv,12,48,1.296,4.066,1.072973,-26.5945216,57.0360304,31.3924751,1.98114174,54.876254,0.128976314,0.0496582669,1.95042981,0.0307119346,0.0,0.832755,29.36971232,60.288,14.7451,0.596378,24.72443994
bandGap+ElectronAffinity.iv,12,49,1.296,4.066,1.0969,-27.3800089,57.8015012,31.3924751,1.99508511,55.6276973,0.128976918,0.0497418792,1.96407946,0.031005653,0.0,0.832755,29.36971232,60.288,14.7451,0.596378,24.72443994
bandGap+ElectronAffinity.iv,12,50,1.296,4.066,1.119091,-27.8181104,58.2195978,31.3924751,2.00259428,56.0382008,0.128977247,0.0498254451,1.97142976,0.0311645201,0.0,0.832755,29.36971232,60.288,14.7451,0.596378,24.72443994
bandGap+ElectronAffinity.iv,12,51,1.296,4.066,1.140425,-28.0850051,58.4664875,31.3924751,2.00699234,56.2806097,0.12897744,0.0499080182,1.97573453,0.0312578158,0.0,0.832755,29.36971232,60.288,14.7451,0.596378,24.72443994
bandGap+ElectronAffinity.iv,12,52,1.296,4.066,1.161341,-28.2682974,58.6297769,31.3924751,2.00988594,56.4409245,0.128977568,0.0499888629,1.97856663,0.0313193126,0.0,0.832755,29.36971232,60.288,14.7451,0.596378,24.72443994
bandGap+ElectronAffinity.iv,12,53,1.296,4.066,1.18205,-28.4099095,58.7513872,31.3924751,2.01203291,56.5603086,0.128977663,0.0500680022,1.9806679,0.0313650062,0.0,0.832755,29.36971232,60.288,14.7451,0.596378,24.72443994
bandGap+ElectronAffinity.iv,12,54,1.296,4.066,1.202653,-28.5305995,58.8520759,31.3924751,2.01380529,56.6591462,0.128977741,0.0501466478,1.98240252,0.0314027701,0.0,0.832755,29.36971232,60.288,14.7451,0.596378,24.72443994
bandGap+ElectronAffinity.iv,12,55,1.296,4.066,1.223198,-28.6395527,58.9410281,31.3924751,2.01536723,56.7464593,0.128977811,0.0502237428,1.98393115,0.0314360794,0.0,0.832755,29.36971232,60.288,14.7451,0.596378,24.72443994
bandGap+ElectronAffinity.iv,12,56,1.296,4.066,1.243707,-28.7413604,59.0228349,31.3924751,2.01680055,56.8267569,0.128977874,0.0502995538,1.98533388,0.0314666687,0.0,0.832755,29.36971232,60.288,14.7451,0.596378,24.72443994
bandGap+ElectronAffinity.iv,12,57,1.296,4.066,1.264191,-28.8382376,59.0998119,31.3924751,2.01802769,56.9024317,0.128977924,0.0503746316,1.98652961,0.0314980728,0.0,0.832755,29.36971232,60.288,14.7451,0.596378,24.72443994
bandGap+ElectronAffinity.iv,12,58,1.296,4.066,1.284656,-28.9311907,59.1726636,31.3924751,2.01941798,56.9738199,0.128977991,0.0504476992,1.9878954,0.0315225816,0.0,0.832755,29.36971232,60.288,14.7451,0.596378,24.72443994
bandGap+ElectronAffinity.iv,12,59,1.296,4.066,1.305106,-29.0212011,59.2426684,31.3924751,2.02063756,57.0425328,0.128978045,0.0505200249,1.9890889,0.0315486558,0.0,0.832755,29.36971232,60.288,14.7451,0.596378,24.72443994
bandGap+ElectronAffinity.iv,12,60,1.296,4.066,1.325542,-29.1084397,59.3099113,31.3924751,2.02180699,57.1085349,0.128978097,0.0505912371,1.99023332,0.0315736714,0.0,0.832755,29.36971232,60.288,14.7451,0.596378,24.72443994
bandGap+ElectronAffinity.iv,12,61,1.296,4.066,1.345966,-29.1932395,59.3747104,31.3924751,2.02293204,57.1721383,0.128978147,0.0506619192,1.99133429,0.0315977501,0.0,0.832755,29.36971232,60.288,14.7451,0.596378,24.72443994
bandGap+ElectronAffinity.iv,13,1,1.296,4.165,-0.148334,29.6667174,1.71471172,31.3924751,0.0435162222,1.49169737,0.128470907,0.0510272211,0.0434966383,1.95838857e-05,0.0,0.873586,29.26764783,60.0765,15.3602,0.639998,24.00047514
bandGap+ElectronAffinity.iv,13,2,1.296,4.165,-0.128083,29.6165762,1.74484835,31.3924751,0.0443949523,1.52090555,0.128479207,0.0510686345,0.04437353,2.1422355e-05,0.0,0.873586,29.26764783,60.0765,15.3602,0.639998,24.00047514
bandGap+ElectronAffinity.iv,13,3,1.296,4.165,-0.107826,29.5651989,1.77622535,31.3924751,0.0453132474,1.55131494,0.128487479,0.0511096788,0.0452897766,2.34707637e-05,0.0,0.873586,29.26764783,60.0765,15.3602,0.639998,24.00047514
bandGap+ElectronAffinity.iv,13,4,1.296,4.165,-0.087563,29.5125018,1.80892209,31.3924751,0.0462739785,1.58300205,0.12849572,0.0511503374,0.046248222,2.57565268e-05,0.0,0.873586,29.26764783,60.0765,15.3602,0.639998,24.00047514
bandGap+ElectronAffinity.iv,13,5,1.296,4.165,-0.067292,29.4583991,1.84302412,31.3924751,0.0472803202,1.61604927,0.128503929,0.0511905931,0.0472520091,2.83110695e-05,0.0,0.873586,29.26764783,60.0765,15.3602,0.639998,24.00047514
bandGap+ElectronAffinity.iv,13,6,1.296,4.165,-0.047014,29.4027989,1.87862394,31.3924751,0.0483357781,1.65054563,0.128512102,0.0512304273,0.0483046076,3.1170482e-05,0.0,0.873586,29.26764783,60.0765,15.3602,0.639998,24.00047514
bandGap+ElectronAffinity.iv,13,7,1.296,4.165,-0.026728,29.3456009,1.91582165,31.3924751,0.0494442336,1.68658736,0.128520238,0.0512698192,0.0494098573,3.43762861e-05,0.0,0.873586,29.26764783,60.0765,15.3602,0.639998,24.00047514
bandGap+ElectronAffinity.iv,13,8,1.296,4.165,-0.006433,29.2866958,1.95472559,31.3924751,0.0506099957,1.72427852,0.128528332,0.0513087466,0.0505720194,3.79763379e-05,0.0,0.873586,29.26764783,60.0765,15.3602,0.639998,24.00047514
bandGap+ElectronAffinity.iv,13,9,1.296,4.165,0.01387,29.2259679,1.99545304,31.3924751,0.0518378623,1.76373161,0.128536383,0.0513471849,0.0517958364,4.20258925e-05,0.0,0.873586,29.26764783,60.0765,15.3602,0.639998,24.00047514
bandGap+ElectronAffinity.iv,13,10,1.296,4.165,0.034184,29.163289,2.038131,31.3924751,0.0531331911,1.80506831,0.128544388,0.0513851074,0.0530866022,4.65888606e-05,0.0,0.873586,29.26764783,60.0765,15.3602,0.639998,24.00047514
bandGap+ElectronAffinity.iv,13,11,1.296,4.165,0.054507,29.0985224,2.082897,31.3924751,0.0545019851,1.84842019,0.128552343,0.051422485,0.0544502458,5.17392922e-05,0.0,0.873586,29.26764783,60.0765,15.3602,0.639998,24.00047514
bandGap+ElectronAffinity.iv,13,12,1.296,4.165,0.074842,29.0315188,2.12989999,31.3924751,0.0559509926,1.89392947,0.128560246,0.0514592862,0.0558934294,5.75631303e-05,0.0,0.873586,29.26764783,60.0765,15.3602,0.639998,24.00047514
bandGap+ElectronAffinity.iv,13,13,1.296,4.165,0.095189,28.9621162,2.17930128,31.3924751,0.0574878268,1.94174988,0.128568094,0.0514954769,0.0574236665,6.41602825e-05,0.0,0.873586,29.26764783,60.0765,15.3602,0.639998,24.00047514
bandGap+ElectronAffinity.iv,13,14,1.296,4.165,0.115549,28.8901412,2.23127555,31.3924751,0.0591211099,1.99204753,0.128575884,0.0515310205,0.0590494628,7.16470712e-05,0.0,0.873586,29.26764783,60.0765,15.3602,0.639998,24.00047514
bandGap+ElectronAffinity.iv,13,15,1.296,4.165,0.135923,28.8154032,2.286012,31.3924751,0.0608606458,2.04500186,0.128583615,0.0515658774,0.0607804866,8.01591284e-05,0.0,0.873586,29.26764783,60.0765,15.3602,0.639998,24.00047514
bandGap+ElectronAffinity.iv,13,16,1.296,4.165,0.156312,28.7376989,2.34371558,31.3924751,0.0627176315,2.10080666,0.128591282,0.051600006,0.0626277767,8.98548192e-05,0.0,0.873586,29.26764783,60.0765,15.3602,0.639998,24.00047514
bandGap+ElectronAffinity.iv,13,17,1.296,4.165,0.176716,28.6568044,2.40460836,31.3924751,0.0647049172,2.15967119,0.128598885,0.0516333618,0.0646039979,0.000100919289,0.0,0.873586,29.26764783,60.0765,15.3602,0.639998,24.00047514
bandGap+ElectronAffinity.iv,13,18,1.296,4.165,0.197138,28.5724799,2.46893113,31.3924751,0.0668373306,2.22182148,0.12860642,0.0516658984,0.0667237613,0.000113569252,0.0,0.873586,29.26764783,60.0765,15.3602,0.639998,24.00047514
bandGap+ElectronAffinity.iv,13,19,1.296,4.165,0.217578,28.4844816,2.53694533,31.3924751,0.0691322158,2.28750166,0.128613882,0.051697571,0.0690041574,0.000128058387,0.0,0.873586,29.26764783,60.0765,15.3602,0.639998,24.00047514
bandGap+ElectronAffinity.iv,13,20,1.296,4.165,0.238038,28.3924912,2.6089355,31.3924751,0.071609492,2.3569764,0.128621278,0.0517283235,0.0714648069,0.000144685144,0.0,0.873586,29.26764783,60.0765,15.3602,0.639998,24.00047514
bandGap+ElectronAffinity.iv,13,21,1.296,4.165,0.258519,28.2962148,2.6852117,31.3924751,0.0742930647,2.43053193,0.128628603,0.0517581088,0.0741292655,0.000163799206,0.0,0.873586,29.26764783,60.0765,15.3602,0.639998,24.00047514
bandGap+ElectronAffinity.iv,13,22,1.296,4.165,0.279023,28.1953126,2.76611378,31.3924751,0.0772113885,2.50847966,0.128635855,0.051786877,0.0770255764,0.00018581211,0.0,0.873586,29.26764783,60.0765,15.3602,0.639998,24.00047514
bandGap+ElectronAffinity.iv,13,23,1.296,4.165,0.299553,28.0894098,2.85201632,31.3924751,0.0803990261,2.59115968,0.128643034,0.0518145794,0.0801878175,0.000211208657,0.0,0.873586,29.26764783,60.0765,15.3602,0.639998,24.00047514
bandGap+ElectronAffinity.iv,13,24,1.296,4.165,0.32011,27.97809,2.94333584,31.3924751,0.0838988308,2.6789457,0.12865014,0.0518411694,0.0836582696,0.000240561219,0.0,0.873586,29.26764783,60.0765,15.3602,0.639998,24.00047514
bandGap+ElectronAffinity.iv,13,25,1.296,4.165,0.340696,27.8608844,3.04054118,31.3924751,0.0877653446,2.77225206,0.128657173,0.0518666042,0.0874907968,0.000274547736,0.0,0.873586,29.26764783,60.0765,15.3602,0.639998,24.00047514
bandGap+ElectronAffinity.iv,13,26,1.296,4.165,0.361314,27.7372562,3.14416906,31.3924751,0.09207023,2.87154385,0.128664132,0.0518908454,0.0917562549,0.000313975049,0.0,0.873586,29.26764783,60.0765,15.3602,0.639998,24.00047514
bandGap+ElectronAffinity.iv,13,27,1.296,4.165,0.381967,27.6065765,3.25484833,31.3924751,0.0969110933,2.97735236,0.128671018,0.0519138611,0.0965512827,0.000359810547,0.0,0.873586,29.26764783,60.0765,15.3602,0.639998,24.00047514
bandGap+ElectronAffinity.iv,13,28,1.296,4.165,0.40266,27.4680857,3.37333878,31.3924751,0.102425884,3.09029944,0.128677831,0.0519356267,0.102012657,0.000413227519,0.0,0.873586,29.26764783,60.0765,15.3602,0.639998,24.00047514
bandGap+ElectronAffinity.iv,13,29,1.296,4.165,0.423396,27.3208288,3.50059518,31.3924751,0.108816264,3.21113822,0.128684573,0.0519561261,0.10834059,0.000475674598,0.0,0.873586,29.26764783,60.0765,15.3602,0.639998,24.00047514
bandGap+ElectronAffinity.iv,13,30,1.296,4.165,0.444182,27.1635479,3.63787548,31.3924751,0.116385027,3.34082386,0.128691243,0.0519753526,0.115836037,0.000548989628,0.0,0.873586,29.26764783,60.0765,15.3602,0.639998,24.00047514
bandGap+ElectronAffinity.iv,13,31,1.296,4.165,0.465028,26.994495,3.78692787,31.3924751,0.125595067,3.48064165,0.128697843,0.0519933102,0.124959468,0.000635598817,0.0,0.873586,29.26764783,60.0765,15.3602,0.639998,24.00047514
bandGap+ElectronAffinity.iv,13,32,1.296,4.165,0.485944,26.811101,3.95032119,31.3924751,0.13716102,3.63244578,0.128704374,0.0520100143,0.136422136,0.000738884135,0.0,0.873586,29.26764783,60.0765,15.3602,0.639998,24.00047514
bandGap+ElectronAffinity.iv,13,33,1.296,4.165,0.506953,26.6093804,4.13204115,31.3924751,0.152190747,3.79911408,0.128710838,0.0520254926,0.151326858,0.000863888757,0.0,0.873586,29.26764783,60.0765,15.3602,0.639998,24.00047514
bandGap+ElectronAffinity.iv,13,34,1.296,4.165,0.528086,26.3828339,4.33858701,31.3924751,0.172404241,3.98542575,0.128717235,0.0520397869,0.171385533,0.00101870836,0.0,0.873586,29.26764783,60.0765,15.3602,0.639998,24.00047514
bandGap+ElectronAffinity.iv,13,35,1.296,4.165,0.549398,26.1204025,4.58101753,31.3924751,0.200474609,4.19976639,0.128723572,0.0520529567,0.199257332,0.00121727729,0.0,0.873586,29.26764783,60.0765,15.3602,0.639998,24.00047514
bandGap+ElectronAffinity.iv,13,36,1.296,4.165,0.570987,25.8026268,4.87879234,31.3924751,0.240560755,4.45743664,0.128729853,0.0520650855,0.239075781,0.0014849743,0.0,0.873586,29.26764783,60.0765,15.3602,0.639998,24.00047514
bandGap+ElectronAffinity.iv,13,37,1.296,4.165,0.593028,25.3944673,5.26695124,31.3924751,0.299130429,4.78700842,0.128736092,0.052076295,0.297260603,0.00186982508,0.0,0.873586,29.26764783,60.0765,15.3602,0.639998,24.00047514
bandGap+ElectronAffinity.iv,13,38,1.296,4.165,0.615839,24.8321711,5.80924634,31.3924751,0.386182799,5.24223445,0.128742315,0.0520867717,0.38371842,0.00246437868,0.0,0.873586,29.26764783,60.0765,15.3602,0.639998,24.00047514
bandGap+ElectronAffinity.iv,13,39,1.296,4.165,0.639998,24.0004751,6.62094101,31.3924751,0.51688919,5.92320643,0.128748566,0.0520968175,0.513442925,0.003446265,0.0,0.873586,29.26764783,60.0765,15.3602,0.639998,24.00047514
bandGap+ElectronAffinity.iv,13,40,1.296,4.165,0.666513,22.6974577,7.90395688,31.3924751,0.713238836,7.00985618,0.128754932,0.0521069386,0.708093491,0.0051453449,0.0,0.873586,29.26764783,60.0765,15.3602,0.639998,24.00047514
bandGap+ElectronAffinity.iv,13,41,1.296,4.165,0.697026,20.5948621,9.98655032,31.3924751,1.00399365,8.80167714,0.128761558,0.052117983,0.995865854,0.00812779181,0.0,0.873586,29.26764783,60.0765,15.3602,0.639998,24.00047514
bandGap+ElectronAffinity.iv,13,42,1.296,4.165,0.733818,17.2363438,13.3250696,31.3924751,1.41875926,11.7254104,0.128768658,0.0521312997,1.40553955,0.0132197078,0.0,0.873586,29.26764783,60.0765,15.3602,0.639998,24.00047514
bandGap+ElectronAffinity.iv,13,43,1.296,4.165,0.779135,12.1730339,18.3684274,31.3924751,1.97067062,16.2168315,0.12877646,0.0521488028,1.94940133,0.0212692881,0.0,0.873586,29.26764783,60.0765,15.3602,0.639998,24.00047514
bandGap+ElectronAffinity.iv,13,44,1.296,4.165,0.83346,5.30806815,25.2132558,31.3924751,2.63083555,22.4014625,0.128784996,0.0521727118,2.59836669,0.0324688624,0.0,0.873586,29.26764783,60.0765,15.3602,0.639998,24.00047514
bandGap+ElectronAffinity.iv,13,45,1.296,4.165,0.893647,-2.72931523,33.2308912,31.3924751,3.31867889,29.7312133,0.128793971,0.0522050331,3.2730131,0.0456657888,0.0,0.873586,29.26764783,60.0765,15.3602,0.639998,24.00047514
bandGap+ElectronAffinity.iv,13,46,1.296,4.165,0.953431,-10.6862028,41.1679627,31.3924751,3.93242457,37.0544886,0.128802511,0.0522469894,3.87386436,0.0585602099,0.0,0.873586,29.26764783,60.0765,15.3602,0.639998,24.00047514
bandGap+ElectronAffinity.iv,13,47,1.296,4.165,1.00654,-17.3079359,47.7687341,31.3924751,4.39996565,43.1876606,0.128809589,0.0522983103,4.33098459,0.0689810566,0.0,0.873586,29.26764783,60.0765,15.3602,0.639998,24.00047514
bandGap+ElectronAffinity.iv,13,48,1.296,4.165,1.049856,-21.9711937,52.4131482,31.3924751,4.70947919,47.5224963,0.128814719,0.0523579239,4.63328741,0.0761917837,0.0,0.873586,29.26764783,60.0765,15.3602,0.639998,24.00047514
bandGap+ElectronAffinity.iv,13,49,1.296,4.165,1.084201,-24.8402084,55.2609268,31.3924751,4.88961191,50.1900742,0.128817856,0.0524228069,4.80917833,0.0804335845,0.0,0.873586,29.26764783,60.0765,15.3602,0.639998,24.00047514
bandGap+ElectronAffinity.iv,13,50,1.296,4.165,1.112228,-26.4455762,56.847622,31.3924751,4.98899362,51.6773186,0.128819688,0.0524901617,4.90614144,0.0828521811,0.0,0.873586,29.26764783,60.0765,15.3602,0.639998,24.00047514
bandGap+ElectronAffinity.iv,13,51,1.296,4.165,1.136582,-27.3164802,57.6986953,31.3924751,5.0410882,52.4762276,0.128820661,0.0525587715,4.9569737,0.0841145021,0.0,0.873586,29.26764783,60.0765,15.3602,0.639998,24.00047514
bandGap+ElectronAffinity.iv,13,52,1.296,4.165,1.158998,-27.7996093,58.1619177,31.3924751,5.06921971,52.9112492,0.128821193,0.0526275379,4.98442131,0.0847983967,0.0,0.873586,29.26764783,60.0765,15.3602,0.639998,24.00047514
bandGap+ElectronAffinity.iv,13,53,1.296,4.165,1.180445,-28.0890632,58.4314168,31.3924751,5.08550644,53.1643935,0.128821503,0.0526953701,5.00031164,0.0851948019,0.0,0.873586,29.26764783,60.0765,15.3602,0.639998,24.00047514
bandGap+ElectronAffinity.iv,13,54,1.296,4.165,1.201423,-28.2846306,58.6055358,31.3924751,5.09467658,53.3292761,0.128821658,0.0527614734,5.00929625,0.0853803282,0.0,0.873586,29.26764783,60.0765,15.3602,0.639998,24.00047514
bandGap+ElectronAffinity.iv,13,55,1.296,4.165,1.222161,-28.4322121,58.733114,31.3924751,5.10232322,53.4491416,0.128821805,0.052827315,5.01675713,0.0855660919,0.0,0.873586,29.26764783,60.0765,15.3602,0.639998,24.00047514
bandGap+ElectronAffinity.iv,13,56,1.296,4.165,1.242779,-28.5558644,58.8367656,31.3924751,5.10852849,53.5465231,0.128821924,0.0528920624,5.02281152,0.0857169746,0.0,0.873586,29.26764783,60.0765,15.3602,0.639998,24.00047514
bandGap+ElectronAffinity.iv,13,57,1.296,4.165,1.263333,-28.6665014,58.9274035,31.3924751,5.11394929,53.6316767,0.128822028,0.0529554942,5.02810041,0.0858488784,0.0,0.873586,29.26764783,60.0765,15.3602,0.639998,24.00047514
bandGap+ElectronAffinity.iv,13,58,1.296,4.165,1.283847,-28.7693748,59.0102784,31.3924751,5.11890102,53.7095374,0.128822123,0.0530178308,5.03293158,0.0859694351,0.0,0.873586,29.26764783,60.0765,15.3602,0.639998,24.00047514
bandGap+ElectronAffinity.iv,13,59,1.296,4.165,1.304334,-28.8668108,59.087716,31.3924751,5.1235235,53.7822914,0.128822212,0.0530789393,5.03744148,0.0860820256,0.0,0.873586,29.26764783,60.0765,15.3602,0.639998,24.00047514
bandGap+ElectronAffinity.iv,13,60,1.296,4.165,1.324803,-28.9605357,59.1614427,31.3924751,5.12792045,53.8515607,0.128822297,0.0531392201,5.04173128,0.0861891638,0.0,0.873586,29.26764783,60.0765,15.3602,0.639998,24.00047514
bandGap+ElectronAffinity.iv,13,61,1.296,4.165,1.345255,-29.051088,59.2319968,31.3924751,5.13212441,53.9178511,0.128822378,0.0531988919,5.04583277,0.0862916345,0.0,0.873586,29.26764783,60.0765,15.3602,0.639998,24.00047514
bandGap+ElectronAffinity.iv,14,1,1.296,4.266,-0.148422,29.6843215,1.69729135,31.3924751,0.046481357,1.47124997,0.128351009,0.0512090171,0.0463608864,0.000120470556,0.0,0.856127,29.27446865,57.263,14.3516,0.600503,23.89935748
bandGap+ElectronAffinity.iv,14,2,1.296,4.266,-0.128169,29.633712,1.72789179,31.3924751,0.0475267065,1.50075352,0.128354924,0.0512566384,0.0473988658,0.00012784066,0.0,0.856127,29.27446865,57.263,14.3516,0.600503,23.89935748
bandGap+ElectronAffinity.iv,14,3,1.296,4.266,-0.107908,29.5816379,1.759965,31.3924751,0.0486212577,1.53168088,0.128358738,0.0513041307,0.0484856387,0.000135618982,0.0,0.856127,29.27446865,57.263,14.3516,0.600503,23.89935748
bandGap+ElectronAffinity.iv,14,4,1.296,4.266,-0.08764,29.5279712,1.79363124,31.3924751,0.049768362,1.56414894,0.12836246,0.0513514859,0.0496245254,0.000143836575,0.0,0.856127,29.27446865,57.263,14.3516,0.600503,23.89935748
bandGap+ElectronAffinity.iv,14,5,1.296,4.266,-0.067363,29.4725806,1.82902102,31.3924751,0.0509717425,1.59828448,0.128366093,0.0513987015,0.0508192232,0.000152519313,0.0,0.856127,29.27446865,57.263,14.3516,0.600503,23.89935748
bandGap+ElectronAffinity.iv,14,6,1.296,4.266,-0.047077,29.4153229,1.86627797,31.3924751,0.0522354739,1.63422708,0.128369639,0.051445775,0.0520737787,0.000161695203,0.0,0.856127,29.27446865,57.263,14.3516,0.600503,23.89935748
bandGap+ElectronAffinity.iv,14,7,1.296,4.266,-0.02678,29.3560401,1.90556029,31.3924751,0.0535640252,1.67213046,0.128373099,0.0514927038,0.0533926306,0.000171394638,0.0,0.856127,29.27446865,57.263,14.3516,0.600503,23.89935748
bandGap+ElectronAffinity.iv,14,8,1.296,4.266,-0.006473,29.294557,1.94704219,31.3924751,0.054962309,1.71216392,0.128376475,0.051539485,0.0547806583,0.0001816507,0.0,0.856127,29.27446865,57.263,14.3516,0.600503,23.89935748
bandGap+ElectronAffinity.iv,14,9,1.296,4.266,0.013847,29.2306985,1.99091458,31.3924751,0.0564358407,1.75451286,0.128379756,0.0515861243,0.0562433584,0.000192482235,0.0,0.856127,29.27446865,57.263,14.3516,0.600503,23.89935748
bandGap+ElectronAffinity.iv,14,10,1.296,4.266,0.034179,29.1642221,2.03739087,31.3924751,0.0579904039,1.7993849,0.128382969,0.0516326009,0.057786442,0.000203961846,0.0,0.856127,29.27446865,57.263,14.3516,0.600503,23.89935748
bandGap+ElectronAffinity.iv,14,11,1.296,4.266,0.054525,29.0949105,2.08670233,31.3924751,0.0596327264,1.84700458,0.128386104,0.0516789196,0.0594166093,0.000216117103,0.0,0.856127,29.27446865,57.263,14.3516,0.600503,23.89935748
bandGap+ElectronAffinity.iv,14,12,1.296,4.266,0.074887,29.0225081,2.13910454,31.3924751,0.0613701829,1.89762012,0.128389163,0.0517250763,0.061141187,0.000228995945,0.0,0.856127,29.27446865,57.263,14.3516,0.600503,23.89935748
bandGap+ElectronAffinity.iv,14,13,1.296,4.266,0.095266,28.9467343,2.1948782,31.3924751,0.063211007,1.95150398,0.128392148,0.0517710664,0.0629683555,0.000242651476,0.0,0.856127,29.27446865,57.263,14.3516,0.600503,23.89935748
bandGap+ElectronAffinity.iv,14,14,1.296,4.266,0.115664,28.8672813,2.25433108,31.3924751,0.0651644321,2.0089547,0.12839506,0.0518168845,0.0649072894,0.000257142778,0.0,0.856127,29.27446865,57.263,14.3516,0.600503,23.89935748
bandGap+ElectronAffinity.iv,14,15,1.296,4.266,0.136081,28.7838121,2.31780005,31.3924751,0.0672408659,2.07029876,0.128397901,0.0518625244,0.06696833,0.000272535921,0.0,0.856127,29.27446865,57.263,14.3516,0.600503,23.89935748
bandGap+ElectronAffinity.iv,14,16,1.296,4.266,0.15652,28.6959591,2.38565291,31.3924751,0.0694521096,2.13589215,0.128400675,0.0519079794,0.0691632045,0.000288905179,0.0,0.856127,29.27446865,57.263,14.3516,0.600503,23.89935748
bandGap+ElectronAffinity.iv,14,17,1.296,4.266,0.176983,28.6033217,2.45829018,31.3924751,0.07181164,2.20612192,0.128403382,0.0519532409,0.0715053054,0.00030633456,0.0,0.856127,29.27446865,57.263,14.3516,0.600503,23.89935748
bandGap+ElectronAffinity.iv,14,18,1.296,4.266,0.197473,28.5054649,2.53614665,31.3924751,0.0743349771,2.28140734,0.128406025,0.0519982994,0.0740100574,0.000324919706,0.0,0.856127,29.27446865,57.263,14.3516,0.600503,23.89935748
bandGap+ElectronAffinity.iv,14,19,1.296,4.266,0.21799,28.4019187,2.61969269,31.3924751,0.0770401776,2.36220076,0.128408606,0.0520431435,0.0766954073,0.000344770308,0.0,0.856127,29.27446865,57.263,14.3516,0.600503,23.89935748
bandGap+ElectronAffinity.iv,14,20,1.296,4.266,0.238539,28.2921756,2.7094355,31.3924751,0.0799485121,2.4489881,0.128411127,0.0520877595,0.0795824989,0.000366013195,0.0,0.856127,29.27446865,57.263,14.3516,0.600503,23.89935748
bandGap+ElectronAffinity.iv,14,21,1.296,4.266,0.259122,28.1756905,2.80592032,31.3924751,0.0830854202,2.54228918,0.12841359,0.0521321309,0.0826966239,0.000388796347,0.0,0.856127,29.27446865,57.263,14.3516,0.600503,23.89935748
bandGap+ElectronAffinity.iv,14,22,1.296,4.266,0.279741,28.0518784,2.90973218,31.3924751,0.086481898,2.64265805,0.128415999,0.0521762379,0.0860686038,0.000413294186,0.0,0.856127,29.27446865,57.263,14.3516,0.600503,23.89935748
bandGap+ElectronAffinity.iv,14,23,1.296,4.266,0.300399,27.9201111,3.02149919,31.3924751,0.0901765682,2.75068421,0.128418355,0.0522200564,0.0897368536,0.000439714675,0.0,0.856127,29.27446865,57.263,14.3516,0.600503,23.89935748
bandGap+ElectronAffinity.iv,14,24,1.296,4.266,0.321101,27.7797108,3.1418992,31.3924751,0.094218851,2.86699613,0.12842066,0.052263557,0.093750542,0.00046830906,0.0,0.856127,29.27446865,57.263,14.3516,0.600503,23.89935748
bandGap+ElectronAffinity.iv,14,25,1.296,4.266,0.34185,27.6299362,3.27167337,31.3924751,0.0986739283,2.99226982,0.128422918,0.052306704,0.0981745427,0.000499385589,0.0,0.856127,29.27446865,57.263,14.3516,0.600503,23.89935748
bandGap+ElectronAffinity.iv,14,26,1.296,4.266,0.36265,27.4699564,3.41165269,31.3924751,0.103630645,3.12724746,0.128425132,0.0523494535,0.103097316,0.000533329468,0.0,0.856127,29.27446865,57.263,14.3516,0.600503,23.89935748
bandGap+ElectronAffinity.iv,14,27,1.296,4.266,0.383506,27.2988005,3.56280818,31.3924751,0.109214211,3.27277491,0.128427304,0.0523917517,0.108643578,0.000570632953,0.0,0.856127,29.27446865,57.263,14.3516,0.600503,23.89935748
bandGap+ElectronAffinity.iv,14,28,1.296,4.266,0.404424,27.1152652,3.72634304,31.3924751,0.115606663,3.4298734,0.128429439,0.0524335332,0.114994721,0.000611942718,0.0,0.856127,29.27446865,57.263,14.3516,0.600503,23.89935748
bandGap+ElectronAffinity.iv,14,29,1.296,4.266,0.425411,26.9177498,3.9038579,31.3924751,0.123079689,3.59987196,0.128431541,0.0524747183,0.122421551,0.000658137717,0.0,0.856127,29.27446865,57.263,14.3516,0.600503,23.89935748
bandGap+ElectronAffinity.iv,14,30,1.296,4.266,0.44648,26.7039656,4.09764156,31.3924751,0.132046638,3.78464609,0.128433615,0.0525152108,0.131336175,0.000710462917,0.0,0.856127,29.27446865,57.263,14.3516,0.600503,23.89935748
bandGap+ElectronAffinity.iv,14,31,1.296,4.266,0.467648,26.4704313,4.31117526,31.3924751,0.143143647,3.98704105,0.12843567,0.052554896,0.142372879,0.000770768217,0.0,0.856127,29.27446865,57.263,14.3516,0.600503,23.89935748
bandGap+ElectronAffinity.iv,14,32,1.296,4.266,0.488942,26.2116069,4.54999921,31.3924751,0.157353862,4.211614,0.128437714,0.0525936397,0.156511912,0.000841949653,0.0,0.856127,29.27446865,57.263,14.3516,0.600503,23.89935748
bandGap+ElectronAffinity.iv,14,33,1.296,4.266,0.510408,25.9184142,4.82319107,31.3924751,0.176194437,4.46592558,0.128439764,0.0526312891,0.175265652,0.000928784579,0.0,0.856127,29.27446865,57.263,14.3516,0.600503,23.89935748
bandGap+ElectronAffinity.iv,14,34,1.296,4.266,0.532121,25.5757294,5.14587534,31.3924751,0.201993931,4.76277189,0.128441839,0.0526676771,0.200954394,0.00103953703,0.0,0.856127,29.27446865,57.263,14.3516,0.600503,23.89935748
bandGap+ElectronAffinity.iv,14,35,1.296,4.266,0.554209,25.1581563,5.5434479,31.3924751,0.238297218,5.12400407,0.128443976,0.0527026331,0.23710816,0.00118905726,0.0,0.856127,29.27446865,57.263,14.3516,0.600503,23.89935748
bandGap+ElectronAffinity.iv,14,36,1.296,4.266,0.576885,24.6230402,6.05856339,31.3924751,0.290439213,5.58694195,0.128446228,0.0527360025,0.289034503,0.00140471056,0.0,0.856127,29.27446865,57.263,14.3516,0.600503,23.89935748
bandGap+ElectronAffinity.iv,14,37,1.296,4.266,0.600503,23.8993575,6.76224559,31.3924751,0.366303798,6.21472543,0.12844868,0.0527676794,0.364566412,0.0017373864,0.0,0.856127,29.27446865,57.263,14.3516,0.600503,23.89935748
bandGap+ElectronAffinity.iv,14,38,1.296,4.266,0.625642,22.8715085,7.77009423,31.3924751,0.47716802,7.11167708,0.128451473,0.0527976586,0.474887353,0.00228066692,0.0,0.856127,29.27446865,57.263,14.3516,0.600503,23.89935748
bandGap+ElectronAffinity.iv,14,39,1.296,4.266,0.6532,21.360028,9.26157452,31.3924751,0.638198168,8.44209542,0.128454824,0.0528261084,0.634998163,0.00320000413,0.0,0.856127,29.27446865,57.263,14.3516,0.600503,23.89935748
bandGap+ElectronAffinity.iv,14,40,1.296,4.266,0.684447,19.1105932,11.491009,31.3924751,0.867473121,10.4422234,0.128459052,0.0528534624,0.862708278,0.0047648439,0.0,0.856127,29.27446865,57.263,14.3516,0.600503,23.89935748
bandGap+ElectronAffinity.iv,14,41,1.296,4.266,0.720896,15.8207311,14.7608705,31.3924751,1.18159704,13.3979284,0.128464568,0.0528805029,1.17424539,0.00735165516,0.0,0.856127,29.27446865,57.263,14.3516,0.600503,23.89935748
bandGap+ElectronAffinity.iv,14,42,1.296,4.266,0.763775,11.2450253,19.3165317,31.3924751,1.58655484,17.5485967,0.128471807,0.052908369,1.57520202,0.011352822,0.0,0.856127,29.27446865,57.263,14.3516,0.600503,23.89935748
bandGap+ElectronAffinity.iv,14,43,1.296,4.266,0.813107,5.37866457,25.1629001,31.3924751,2.06690536,22.9145754,0.128480936,0.0529384688,2.04995638,0.0169489887,0.0,0.856127,29.27446865,57.263,14.3516,0.600503,23.89935748
bandGap+ElectronAffinity.iv,14,44,1.296,4.266,0.866973,-1.39465535,31.9162695,31.3924751,2.58241358,29.152392,0.128491734,0.0529721558,2.55855697,0.0238566096,0.0,0.856127,29.27446865,57.263,14.3516,0.600503,23.89935748
bandGap+ElectronAffinity.iv,14,45,1.296,4.266,0.921768,-8.35360762,38.8552236,31.3924751,3.07862601,35.5950835,0.128503424,0.0530107286,3.0473377,0.0312883068,0.0,0.856127,29.27446865,57.263,14.3516,0.600503,23.89935748
bandGap+ElectronAffinity.iv,14,46,1.296,4.266,0.973375,-14.6750573,45.1565073,31.3924751,3.50536263,41.469575,0.128514723,0.0530549578,3.4671282,0.0382344296,0.0,0.856127,29.27446865,57.263,14.3516,0.600503,23.89935748
bandGap+ElectronAffinity.iv,14,47,1.296,4.266,1.018641,-19.7281478,50.1901513,31.3924751,3.83255138,46.1759703,0.128524355,0.0531052987,3.78866145,0.0438899267,0.0,0.856127,29.27446865,57.263,14.3516,0.600503,23.89935748
bandGap+ElectronAffinity.iv,15,1,1.296,4.37,-0.148599,29.719861,1.66182411,31.3924751,0.0549691969,1.42743149,0.127947245,0.0514761709,0.054454988,0.000514208868,0.0,0.778446,29.24380442,51.9804,11.8332,0.502182,23.56356794
bandGap+ElectronAffinity.iv,15,2,1.296,4.37,-0.128316,29.66324,1.69844783,31.3924751,0.0564348998,1.46253944,0.127949279,0.0515242087,0.0559024289,0.00053247083,0.0,0.778446,29.24380442,51.9804,11.8332,0.502182,23.56356794
bandGap+ElectronAffinity.iv,15,3,1.296,4.37,-0.108022,29.604339,1.73734876,31.3924751,0.0579791018,1.49984629,0.127951303,0.0515720627,0.0574275138,0.00055158803,0.0,0.778446,29.24380442,51.9804,11.8332,0.502182,23.56356794
bandGap+ElectronAffinity.iv,15,4,1.296,4.37,-0.087715,29.5429519,1.77873568,31.3924751,0.0596082612,1.53955438,0.127953299,0.0516197446,0.0590366856,0.000571575564,0.0,0.778446,29.24380442,51.9804,11.8332,0.502182,23.56356794
bandGap+ElectronAffinity.iv,15,5,1.296,4.37,-0.067394,29.4788483,1.82283897,31.3924751,0.0613292798,1.58188717,0.127955269,0.0516672538,0.0607367923,0.000592487411,0.0,0.778446,29.24380442,51.9804,11.8332,0.502182,23.56356794
bandGap+ElectronAffinity.iv,15,6,1.296,4.37,-0.047059,29.4117744,1.86991252,31.3924751,0.0631498232,1.6270909,0.127957214,0.0517145893,0.062535441,0.00061438228,0.0,0.778446,29.24380442,51.9804,11.8332,0.502182,23.56356794
bandGap+ElectronAffinity.iv,15,7,1.296,4.37,-0.026707,29.3414509,1.92023587,31.3924751,0.0650784388,1.67543654,0.127959136,0.0517617501,0.0644411146,0.000637324151,0.0,0.778446,29.24380442,51.9804,11.8332,0.502182,23.56356794
bandGap+ElectronAffinity.iv,15,8,1.296,4.37,-0.006338,29.2675703,1.97411627,31.3924751,0.0671246982,1.7272218,0.127961037,0.0518087351,0.0664633153,0.000661382932,0.0,0.778446,29.24380442,51.9804,11.8332,0.502182,23.56356794
bandGap+ElectronAffinity.iv,15,9,1.296,4.37,0.014051,29.1897984,2.03187761,31.3924751,0.0692985227,1.78276061,0.12796297,0.0518555104,0.0686117579,0.000686764844,0.0,0.778446,29.24380442,51.9804,11.8332,0.502182,23.56356794
bandGap+ElectronAffinity.iv,15,10,1.296,4.37,0.034461,29.1077624,2.09391309,31.3924751,0.0716137926,1.84243232,0.127964835,0.0519021406,0.0709004945,0.000713298136,0.0,0.778446,29.24380442,51.9804,11.8332,0.502182,23.56356794
bandGap+ElectronAffinity.iv,15,11,1.296,4.37,0.054895,29.0210602,2.16061451,31.3924751,0.0740835911,1.90661564,0.127966685,0.0519485908,0.0733423891,0.00074120205,0.0,0.778446,29.24380442,51.9804,11.8332,0.502182,23.56356794
bandGap+ElectronAffinity.iv,15,12,1.296,4.37,0.075354,28.9292535,2.23242039,31.3924751,0.0767239082,1.9757331,0.127968523,0.051994859,0.0759533285,0.000770579705,0.0,0.778446,29.24380442,51.9804,11.8332,0.502182,23.56356794
bandGap+ElectronAffinity.iv,15,13,1.296,4.37,0.095841,28.8318667,2.30980667,31.3924751,0.0795533028,2.05024207,0.127970352,0.0520409428,0.0787517571,0.000801545724,0.0,0.778446,29.24380442,51.9804,11.8332,0.502182,23.56356794
bandGap+ElectronAffinity.iv,15,14,1.296,4.37,0.116358,28.7283851,2.39328829,31.3924751,0.082593558,2.13063572,0.127972174,0.0520868397,0.0817593296,0.000834228344,0.0,0.778446,29.24380442,51.9804,11.8332,0.502182,23.56356794
bandGap+ElectronAffinity.iv,15,15,1.296,4.37,0.136909,28.6182516,2.48342121,31.3924751,0.0858705773,2.2174441,0.127973992,0.0521325464,0.0850018054,0.000868771883,0.0,0.778446,29.24380442,51.9804,11.8332,0.502182,23.56356794
bandGap+ElectronAffinity.iv,15,16,1.296,4.37,0.157496,28.5008663,2.58080529,31.3924751,0.0894156341,2.31123578,0.12797581,0.0521780591,0.0885102942,0.000905339867,0.0,0.778446,29.24380442,51.9804,11.8332,0.502182,23.56356794
bandGap+ElectronAffinity.iv,15,17,1.296,4.37,0.178122,28.3755819,2.68608933,31.3924751,0.0932671405,2.41262118,0.12797763,0.0522233732,0.0923230214,0.000944119066,0.0,0.778446,29.24380442,51.9804,11.8332,0.502182,23.56356794
bandGap+ElectronAffinity.iv,15,18,1.296,4.37,0.198792,28.2416895,2.79998073,31.3924751,0.0974731941,2.5222596,0.127979457,0.052268483,0.0964878693,0.000985324799,0.0,0.778446,29.24380442,51.9804,11.8332,0.502182,23.56356794
bandGap+ElectronAffinity.iv,15,19,1.296,4.37,0.219508,28.0984058,2.92326365,31.3924751,0.102095297,2.64087368,0.127981295,0.0523133817,0.101066089,0.00102920811,0.0,0.778446,29.24380442,51.9804,11.8332,0.502182,23.56356794
bandGap+ElectronAffinity.iv,15,20,1.296,4.37,0.240276,27.944836,3.05683279,31.3924751,0.10721385,2.76927773,0.127983147,0.0523580605,0.106137784,0.00107606569,0.0,0.778446,29.24380442,51.9804,11.8332,0.502182,23.56356794
bandGap+ElectronAffinity.iv,15,21,1.296,4.37,0.2611,27.7799136,3.20175439,31.3924751,0.112936351,2.90843051,0.12798502,0.0524025088,0.111810097,0.00112625417,0.0,0.778446,29.24380442,51.9804,11.8332,0.502182,23.56356794
bandGap+ElectronAffinity.iv,15,22,1.296,4.37,0.281989,27.6022936,3.35937356,31.3924751,0.119409686,3.05953024,0.127986919,0.0524467126,0.118229474,0.00118021119,0.0,0.778446,29.24380442,51.9804,11.8332,0.502182,23.56356794
bandGap+ElectronAffinity.iv,15,23,1.296,4.37,0.302949,27.4101682,3.53149806,31.3924751,0.12683858,3.22417997,0.127988854,0.0524906544,0.125600092,0.00123848794,0.0,0.778446,29.24380442,51.9804,11.8332,0.502182,23.56356794
bandGap+ElectronAffinity.iv,15,24,1.296,4.37,0.323995,27.2009593,3.72070586,31.3924751,0.135513213,3.4046675,0.127990837,0.0525343112,0.134211412,0.00130180099,0.0,0.778446,29.24380442,51.9804,11.8332,0.502182,23.56356794
bandGap+ElectronAffinity.iv,15,25,1.296,4.37,0.345146,26.9708174,3.93084726,31.3924751,0.145850122,3.6044266,0.127992886,0.0525776525,0.144479004,0.00137111769,0.0,0.778446,29.24380442,51.9804,11.8332,0.502182,23.56356794
bandGap+ElectronAffinity.iv,15,26,1.296,4.37,0.366431,26.7138195,4.16784451,31.3924751,0.158451803,3.82877704,0.127995031,0.0526206382,0.157004002,0.00144780087,0.0,0.778446,29.24380442,51.9804,11.8332,0.502182,23.56356794
bandGap+ElectronAffinity.iv,15,27,1.296,4.37,0.387896,26.4207346,4.4409285,31.3924751,0.174191294,4.08607668,0.127997313,0.0526632144,0.172657436,0.00153385857,0.0,0.778446,29.24380442,51.9804,11.8332,0.502182,23.56356794
bandGap+ElectronAffinity.iv,15,28,1.296,4.37,0.409614,26.0771796,4.76448391,31.3924751,0.194327547,4.38945126,0.1279998,0.0527053092,0.192695168,0.00163237892,0.0,0.778446,29.24380442,51.9804,11.8332,0.502182,23.56356794
bandGap+ElectronAffinity.iv,15,29,1.296,4.37,0.431695,25.6609942,5.16066819,31.3924751,0.220653296,4.75926547,0.128002597,0.0527468275,0.218905012,0.0017482836,0.0,0.778446,29.24380442,51.9804,11.8332,0.502182,23.56356794
bandGap+ElectronAffinity.iv,15,30,1.296,4.37,0.454306,25.1388054,5.66285841,31.3924751,0.255665347,5.22639956,0.12800586,0.0527876452,0.253775743,0.00188960318,0.0,0.778446,29.24380442,51.9804,11.8332,0.502182,23.56356794
bandGap+ElectronAffinity.iv,15,31,1.296,4.37,0.477689,24.462189,6.31943923,31.3924751,0.302711173,5.83589061,0.128009858,0.0528275813,0.300641326,0.00206984702,0.0,0.778446,29.24380442,51.9804,11.8332,0.502182,23.56356794
bandGap+ElectronAffinity.iv,15,32,1.296,4.37,0.502182,23.5635679,7.19806607,31.3924751,0.366090336,6.6510944,0.128014818,0.0528665083,0.363780621,0.0023097149,0.0,0.778446,29.24380442,51.9804,11.8332,0.502182,23.56356794
bandGap+ElectronAffinity.iv,15,33,1.296,4.37,0.528218,22.356425,8.38521671,31.3924751,0.450823656,7.75346765,0.128021196,0.0529042015,0.448180819,0.00264283715,0.0,0.778446,29.24380442,51.9804,11.8332,0.502182,23.56356794
bandGap+ElectronAffinity.iv,15,34,1.296,4.37,0.556299,20.7401404,9.98151107,31.3924751,0.56210953,9.23843158,0.128029478,0.052940488,0.558991964,0.00311756614,0.0,0.778446,29.24380442,51.9804,11.8332,0.502182,23.56356794
bandGap+ElectronAffinity.iv,15,35,1.296,4.37,0.586925,18.6149809,12.0866304,31.3924751,0.704227208,11.2013878,0.128040191,0.0529752498,0.700429912,0.00379729636,0.0,0.778446,29.24380442,51.9804,11.8332,0.502182,23.56356794
bandGap+ElectronAffinity.iv,15,36,1.296,4.37,0.620477,15.9046837,14.7769516,31.3924751,0.879274615,13.7166148,0.128053655,0.0530085711,0.874522462,0.00475215346,0.0,0.778446,29.24380442,51.9804,11.8332,0.502182,23.56356794
bandGap+ElectronAffinity.iv,15,37,1.296,4.37,0.657088,12.5823973,18.079186,31.3924751,1.08587445,16.8122008,0.128070152,0.0530406102,1.07982868,0.006045769,0.0,0.778446,29.24380442,51.9804,11.8332,0.502182,23.56356794
bandGap+ElectronAffinity.iv,15,38,1.296,4.37,0.696573,8.68538639,21.9562398,31.3924751,1.31910174,20.4559767,0.12808952,0.0530718024,1.31138805,0.00771369491,0.0,0.778446,29.24380442,51.9804,11.8332,0.502182,23.56356794
bandGap+ElectronAffinity.iv,15,39,1.296,4.37,0.738424,4.31529638,26.3062446,31.3924751,1.57083814,24.5541924,0.128111481,0.0531026283,1.56108857,0.0097495725,0.0,0.778446,29.24380442,51.9804,11.8332,0.502182,23.56356794
bandGap+ElectronAffinity.iv,15,40,1.296,4.37,0.781885,-0.376991765,30.9787197,31.3924751,1.83139006,28.9660605,0.1281354,0.0531337105,1.81929013,0.0120999263,0.0,0.778446,29.24380442,51.9804,11.8332,0.502182,23.56356794
bandGap+ElectronAffinity.iv,15,41,1.296,4.37,0.825959,-5.19171288,35.7736927,31.3924751,2.08980315,33.5025632,0.128160378,0.0531659449,2.07514279,0.0146603535,0.0,0.778446,29.24380442,51.9804,11.8332,0.502182,23.56356794
bandGap+ElectronAffinity.iv,15,42,1.296,4.37,0.869678,-9.93565518,40.4973202,31.3924751,2.336059,37.9798757,0.128185575,0.0531999375,2.31876054,0.0172984578,0.0,0.778446,29.24380442,51.9804,11.8332,0.502182,23.56356794
bandGap+ElectronAffinity.iv,15,43,1.296,4.37,0.911955,-14.3909126,44.9319823,31.3924751,2.56002669,42.1905091,0.128209958,0.0532365821,2.54016784,0.019858851,0.0,0.778446,29.24380442,51.9804,11.8332,0.502182,23.56356794
bandGap+ElectronAffinity.iv,15,44,1.296,4.37,0.951763,-18.3526472,48.8743457,31.3924751,2.75403299,45.9388037,0.128232159,0.053276906,2.73184033,0.0221926633,0.0,0.778446,29.24380442,51.9804,11.8332,0.502182,23.56356794
bandGap+ElectronAffinity.iv,15,45,1.296,4.37,0.988138,-21.6276701,52.1293694,31.3924751,2.91061633,49.0371816,0.128250981,0.0533205242,2.8864652,0.0241511228,0.0,0.778446,29.24380442,51.9804,11.8332,0.502182,23.56356794
bandGap+ElectronAffinity.iv,16,1,1.347,3.97,-0.14117,28.2339798,1.53854584,29.7822442,0.0463523671,1.31047808,0.128512373,0.05320302,0.0460109718,0.00034139523,0.0,0.792413,27.90893158,60.3076,13.3373,0.561164,23.76716299
bandGap+ElectronAffinity.iv,16,2,1.347,3.97,-0.120952,28.1903249,1.56220021,29.7822442,0.0475016002,1.3329643,0.128522012,0.0532122999,0.0471399677,0.000361632501,0.0,0.792413,27.90893158,60.3076,13.3373,0.561164,23.76716299
bandGap+ElectronAffinity.iv,16,3,1.347,3.97,-0.100729,28.1457906,1.58673451,29.7822442,0.0487159058,1.35626565,0.128531694,0.0532212606,0.0483324081,0.000383497745,0.0,0.792413,27.90893158,60.3076,13.3373,0.561164,23.76716299
bandGap+ElectronAffinity.iv,16,4,1.347,3.97,-0.080502,28.1003207,1.61220446,29.7822442,0.0500009779,1.38043216,0.128541422,0.0532299045,0.049593822,0.00040715591,0.0,0.792413,27.90893158,60.3076,13.3373,0.561164,23.76716299
bandGap+ElectronAffinity.iv,16,5,1.347,3.97,-0.060269,28.0538544,1.63867076,29.7822442,0.0513631564,1.40551817,0.128551197,0.0532382342,0.0509303646,0.00043279179,0.0,0.792413,27.90893158,60.3076,13.3373,0.561164,23.76716299
bandGap+ElectronAffinity.iv,16,6,1.347,3.97,-0.040032,28.0063254,1.66619968,29.7822442,0.0528095135,1.43158289,0.128561023,0.0532462527,0.0523489008,0.000460612698,0.0,0.792413,27.90893158,60.3076,13.3373,0.561164,23.76716299
bandGap+ElectronAffinity.iv,16,7,1.347,3.97,-0.019788,27.9576613,1.69486378,29.7822442,0.0543479535,1.45869096,0.128570901,0.0532539629,0.0538571019,0.000490851585,0.0,0.792413,27.90893158,60.3076,13.3373,0.561164,23.76716299
bandGap+ElectronAffinity.iv,16,8,1.347,3.97,0.000461,27.9077825,1.72474264,29.7822442,0.0559873281,1.48691311,0.128580835,0.0532613682,0.0554635575,0.000523770626,0.0,0.792413,27.90893158,60.3076,13.3373,0.561164,23.76716299
bandGap+ElectronAffinity.iv,16,9,1.347,3.97,0.020717,27.8566013,1.75592376,29.7822442,0.0577375704,1.51632689,0.128590828,0.0532684723,0.0571779051,0.000559665373,0.0,0.792413,27.90893158,60.3076,13.3373,0.561164,23.76716299
bandGap+ElectronAffinity.iv,16,10,1.347,3.97,0.04098,27.8040215,1.78850362,29.7822442,0.0596098498,1.5470176,0.128600882,0.0532752788,0.0590109803,0.000598869544,0.0,0.792413,27.90893158,60.3076,13.3373,0.561164,23.76716299
bandGap+ElectronAffinity.iv,16,11,1.347,3.97,0.06125,27.7499362,1.8225888,29.7822442,0.0616167525,1.57907925,0.128611002,0.0532817921,0.060974992,0.00064176058,0.0,0.792413,27.90893158,60.3076,13.3373,0.561164,23.76716299
bandGap+ElectronAffinity.iv,16,12,1.347,3.97,0.081529,27.6942275,1.85829746,29.7822442,0.0637724922,1.61261576,0.12862119,0.0532880164,0.0630837261,0.000688766088,0.0,0.792413,27.90893158,60.3076,13.3373,0.561164,23.76716299
bandGap+ElectronAffinity.iv,16,13,1.347,3.97,0.101816,27.6367641,1.89576093,29.7822442,0.0660931556,1.64774236,0.128631453,0.0532939566,0.0653527842,0.000740371327,0.0,0.792413,27.90893158,60.3076,13.3373,0.561164,23.76716299
bandGap+ElectronAffinity.iv,16,14,1.347,3.97,0.122113,27.5773994,1.93512567,29.7822442,0.0685969907,1.68458727,0.128641793,0.0532996176,0.0677998628,0.000797127924,0.0,0.792413,27.90893158,60.3076,13.3373,0.561164,23.76716299
bandGap+ElectronAffinity.iv,16,15,1.347,3.97,0.14242,27.5159694,1.97655559,29.7822442,0.0713047462,1.72329362,0.128652215,0.0533050049,0.0704450821,0.000859664047,0.0,0.792413,27.90893158,60.3076,13.3373,0.561164,23.76716299
bandGap+ElectronAffinity.iv,16,16,1.347,3.97,0.162739,27.4522901,2.02023487,29.7822442,0.0742400706,1.76402195,0.128662726,0.0533101243,0.0733113743,0.000928696294,0.0,0.792413,27.90893158,60.3076,13.3373,0.561164,23.76716299
bandGap+ElectronAffinity.iv,16,17,1.347,3.97,0.183069,27.3861535,2.06637148,29.7822442,0.0774299855,1.80695318,0.128673331,0.0533149818,0.0764249419,0.00100504363,0.0,0.792413,27.90893158,60.3076,13.3373,0.561164,23.76716299
bandGap+ElectronAffinity.iv,16,18,1.347,3.97,0.203413,27.3173233,2.11520162,29.7822442,0.0809054478,1.85229255,0.128684037,0.0533195842,0.0798158041,0.00108964374,0.0,0.792413,27.90893158,60.3076,13.3373,0.561164,23.76716299
bandGap+ElectronAffinity.iv,16,19,1.347,3.97,0.223772,27.2455294,2.16699554,29.7822442,0.0847020196,1.90027473,0.12869485,0.0533239383,0.0835184472,0.00118357237,0.0,0.792413,27.90893158,60.3076,13.3373,0.561164,23.76716299
bandGap+ElectronAffinity.iv,16,20,1.347,3.97,0.244148,27.1704593,2.2220656,29.7822442,0.0888606722,1.9511711,0.128705778,0.0533280515,0.0875726061,0.00128806607,0.0,0.792413,27.90893158,60.3076,13.3373,0.561164,23.76716299
bandGap+ElectronAffinity.iv,16,21,1.347,3.97,0.264541,27.0917471,2.28077776,29.7822442,0.0934287545,2.00530025,0.128716829,0.0533319319,0.0920242053,0.00140454927,0.0,0.792413,27.90893158,60.3076,13.3373,0.561164,23.76716299
bandGap+ElectronAffinity.iv,16,22,1.347,3.97,0.284955,27.0089558,2.34356904,29.7822442,0.0984611679,2.06304427,0.128728013,0.0533355879,0.0969265015,0.0015346665,0.0,0.792413,27.90893158,60.3076,13.3373,0.561164,23.76716299
bandGap+ElectronAffinity.iv,16,23,1.347,3.97,0.305392,26.9215497,2.41097521,29.7822442,0.104021802,2.12487504,0.12873934,0.0533390286,0.102341481,0.00168032081,0.0,0.792413,27.90893158,60.3076,13.3373,0.561164,23.76716299
bandGap+ElectronAffinity.iv,16,24,1.347,3.97,0.325856,26.8288481,2.48367674,29.7822442,0.110185304,2.19139835,0.128750821,0.0533422638,0.108341584,0.00184371999,0.0,0.792413,27.90893158,60.3076,13.3373,0.561164,23.76716299
bandGap+ElectronAffinity.iv,16,25,1.347,3.97,0.34635,26.7299471,2.56257768,29.7822442,0.117039292,2.26343061,0.128762468,0.0533453045,0.11501186,0.00202743218,0.0,0.792413,27.90893158,60.3076,13.3373,0.561164,23.76716299
bandGap+ElectronAffinity.iv,16,26,1.347,3.97,0.366882,26.6235806,2.64894421,29.7822442,0.124687145,2.34213461,0.128774294,0.0533481629,0.122452692,0.00223445305,0.0,0.792413,27.90893158,60.3076,13.3373,0.561164,23.76716299
bandGap+ElectronAffinity.iv,16,27,1.347,3.97,0.387461,26.5078723,2.74465246,29.7822442,0.133251595,2.42926369,0.128786315,0.0533508536,0.130783308,0.00246828733,0.0,0.792413,27.90893158,60.3076,13.3373,0.561164,23.76716299
bandGap+ElectronAffinity.iv,16,28,1.347,3.97,0.408101,26.3798895,2.85263527,29.7822442,0.142879424,2.52760391,0.128798545,0.0533533949,0.140146376,0.00273304746,0.0,0.792413,27.90893158,60.3076,13.3373,0.561164,23.76716299
bandGap+ElectronAffinity.iv,16,29,1.347,3.97,0.428826,26.234834,2.97769067,29.7822442,0.153747694,2.64177617,0.128811002,0.0533558114,0.150714121,0.00303357256,0.0,0.792413,27.90893158,60.3076,13.3373,0.561164,23.76716299
bandGap+ElectronAffinity.iv,16,30,1.347,3.97,0.449677,26.0645829,3.12794162,29.7822442,0.16607213,2.77968765,0.128823706,0.0533581387,0.16269656,0.00337557001,0.0,0.792413,27.90893158,60.3076,13.3373,0.561164,23.76716299
bandGap+ElectronAffinity.iv,16,31,1.347,3.97,0.470725,25.8550722,3.31745249,29.7822442,0.18011837,2.95513702,0.128836673,0.0533604324,0.176352591,0.00376577856,0.0,0.792413,27.90893158,60.3076,13.3373,0.561164,23.76716299
bandGap+ElectronAffinity.iv,16,32,1.347,3.97,0.492092,25.5816712,3.57085342,29.7822442,0.196216703,3.19242401,0.128849923,0.0533627838,0.192004559,0.00421214373,0.0,0.792413,27.90893158,60.3076,13.3373,0.561164,23.76716299
bandGap+ElectronAffinity.iv,16,33,1.347,3.97,0.513994,25.2012041,3.93132041,29.7822442,0.214779977,3.53431161,0.12886347,0.0533653477,0.210056001,0.00472397523,0.0,0.792413,27.90893158,60.3076,13.3373,0.561164,23.76716299
bandGap+ElectronAffinity.iv,16,34,1.347,3.97,0.536806,24.6387276,4.47379676,29.7822442,0.236321145,4.0552299,0.128877318,0.0533683904,0.231009135,0.00531200967,0.0,0.792413,27.90893158,60.3076,13.3373,0.561164,23.76716299
bandGap+ElectronAffinity.iv,16,35,1.347,3.97,0.561164,23.767163,5.32536119,29.7822442,0.261458608,4.88163876,0.128891453,0.0533723707,0.25547041,0.00598819865,0.0,0.792413,27.90893158,60.3076,13.3373,0.561164,23.76716299
bandGap+ElectronAffinity.iv,16,36,1.347,3.97,0.588099,22.3801482,6.69237553,29.7822442,0.290879296,6.21921234,0.128905825,0.0533780677,0.284114472,0.00676482445,0.0,0.792413,27.90893158,60.3076,13.3373,0.561164,23.76716299
bandGap+ElectronAffinity.iv,16,37,1.347,3.97,0.619164,20.1672407,8.88528214,29.7822442,0.325197328,8.37777773,0.128920317,0.0533867649,0.317545218,0.00765210984,0.0,0.792413,27.90893158,60.3076,13.3373,0.561164,23.76716299
bandGap+ElectronAffinity.iv,16,38,1.347,3.97,0.65639,16.7220893,12.3104356,29.7822442,0.364608249,11.7634922,0.128934705,0.0534004883,0.355954947,0.00865330217,0.0,0.792413,27.90893158,60.3076,13.3373,0.561164,23.76716299
bandGap+ElectronAffinity.iv,16,39,1.347,3.97,0.701761,11.6477359,17.3647885,29.7822442,0.408265934,16.7741518,0.128948618,0.0534221628,0.39851297,0.0097529641,0.0,0.792413,27.90893158,60.3076,13.3373,0.561164,23.76716299
bandGap+ElectronAffinity.iv,16,40,1.347,3.97,0.755876,4.8248265,24.1676954,29.7822442,0.453542989,23.5317353,0.128961496,0.0534555869,0.442640252,0.0109027367,0.0,0.792413,27.90893158,60.3076,13.3373,0.561164,23.76716299
bandGap+ElectronAffinity.iv,16,41,1.347,3.97,0.816129,-3.22586473,32.1983878,29.7822442,0.495905139,31.5200066,0.128972636,0.0535034608,0.483893725,0.0120114135,0.0,0.792413,27.90893158,60.3076,13.3373,0.561164,23.76716299
bandGap+ElectronAffinity.iv,16,42,1.347,3.97,0.876265,-11.2529059,40.2054292,29.7822442,0.530449289,39.4924274,0.128981397,0.0535711768,0.517490309,0.0129589798,0.0,0.792413,27.90893158,60.3076,13.3373,0.561164,23.76716299
bandGap+ElectronAffinity.iv,16,43,1.347,3.97,0.929309,-17.861743,46.7942623,29.7822442,0.554587263,46.0570304,0.128987514,0.0536570649,0.540930355,0.0136569074,0.0,0.792413,27.90893158,60.3076,13.3373,0.561164,23.76716299
bandGap+ElectronAffinity.iv,16,44,1.347,3.97,0.971944,-22.3887024,51.3012237,29.7822442,0.569209087,50.5492657,0.128991283,0.0537575734,0.555106599,0.0141024883,0.0,0.792413,27.90893158,60.3076,13.3373,0.561164,23.76716299
bandGap+ElectronAffinity.iv,16,45,1.347,3.97,1.005388,-25.0775509,53.9700699,29.7822442,0.577223267,53.2099864,0.128993391,0.0538667827,0.562868869,0.0143543984,0.0,0.792413,27.90893158,60.3076,13.3373,0.561164,23.76716299
bandGap+ElectronAffinity.iv,16,46,1.347,3.97,1.032746,-26.5491486,55.4216661,29.7822442,0.581389024,54.6573033,0.128994503,0.0539793009,0.566900963,0.0144880607,0.0,0.792413,27.90893158,60.3076,13.3373,0.561164,23.76716299
bandGap+ElectronAffinity.iv,16,47,1.347,3.97,1.056696,-27.3392453,56.1917614,29.7822442,0.583544907,55.4251277,0.128995083,0.0540937457,0.568986872,0.014558035,0.0,0.792413,27.90893158,60.3076,13.3373,0.561164,23.76716299
bandGap+ElectronAffinity.iv,16,48,1.347,3.97,1.078898,-27.7795847,56.6121002,29.7822442,0.584705761,55.8441915,0.128995397,0.0542076072,0.570109802,0.0145959588,0.0,0.792413,27.90893158,60.3076,13.3373,0.561164,23.76716299
bandGap+ElectronAffinity.iv,16,49,1.347,3.97,1.100238,-28.0475705,56.8600859,29.7822442,0.585385176,56.0913847,0.128995581,0.0543205033,0.570766931,0.0146182447,0.0,0.792413,27.90893158,60.3076,13.3373,0.561164,23.76716299
bandGap+ElectronAffinity.iv,16,50,1.347,3.97,1.121157,-28.2314069,57.0239222,29.7822442,0.585831702,56.2546636,0.128995702,0.0544311154,0.571198769,0.014632933,0.0,0.792413,27.90893158,60.3076,13.3373,0.561164,23.76716299
bandGap+ElectronAffinity.iv,16,51,1.347,3.97,1.141867,-28.3733057,57.1458212,29.7822442,0.586162667,56.3761232,0.128995793,0.0545395156,0.571518823,0.0146438434,0.0,0.792413,27.90893158,60.3076,13.3373,0.561164,23.76716299
bandGap+ElectronAffinity.iv,16,52,1.347,3.97,1.162471,-28.4941612,57.2466769,29.7822442,0.586435675,56.4765981,0.128995867,0.0546472658,0.571782816,0.0146528587,0.0,0.792413,27.90893158,60.3076,13.3373,0.561164,23.76716299
bandGap+ElectronAffinity.iv,16,53,1.347,3.97,1.183016,-28.6032231,57.3357379,29.7822442,0.586676164,56.5653128,0.128995933,0.0547529628,0.572015353,0.0146608106,0.0,0.792413,27.90893158,60.3076,13.3373,0.561164,23.76716299
bandGap+ElectronAffinity.iv,16,54,1.347,3.97,1.203526,-28.7051098,57.4176252,29.7822442,0.586896806,56.6468754,0.128995993,0.0548569684,0.572228692,0.0146681144,0.0,0.792413,27.90893158,60.3076,13.3373,0.561164,23.76716299
bandGap+ElectronAffinity.iv,16,55,1.347,3.97,1.224011,-28.8021191,57.4946334,29.7822442,0.587103895,56.7235734,0.128996049,0.0549599866,0.572428919,0.0146749762,0.0,0.792413,27.90893158,60.3076,13.3373,0.561164,23.76716299
bandGap+ElectronAffinity.iv,16,56,1.347,3.97,1.244475,-28.8950644,57.567579,29.7822442,0.587299707,56.7962227,0.128996103,0.0550604602,0.572618237,0.0146814699,0.0,0.792413,27.90893158,60.3076,13.3373,0.561164,23.76716299
bandGap+ElectronAffinity.iv,16,57,1.347,3.97,1.264926,-28.9851215,57.6376376,29.7822442,0.587487442,56.8659941,0.128996154,0.0551598791,0.572799741,0.0146877015,0.0,0.792413,27.90893158,60.3076,13.3373,0.561164,23.76716299
bandGap+ElectronAffinity.iv,16,58,1.347,3.97,1.285362,-29.0724162,57.7049311,29.7822442,0.587667473,56.9330095,0.128996204,0.0552578304,0.572973792,0.0146936818,0.0,0.792413,27.90893158,60.3076,13.3373,0.561164,23.76716299
bandGap+ElectronAffinity.iv,16,59,1.347,3.97,1.305786,-29.1572636,57.7697788,29.7822442,0.587840683,56.9975867,0.128996251,0.0553551111,0.573141243,0.0146994401,0.0,0.792413,27.90893158,60.3076,13.3373,0.561164,23.76716299
bandGap+ElectronAffinity.iv,16,60,1.347,3.97,1.326199,-29.2398067,57.8323215,29.7822442,0.588007481,57.0598666,0.128996297,0.0554511484,0.573302491,0.0147049892,0.0,0.792413,27.90893158,60.3076,13.3373,0.561164,23.76716299
bandGap+ElectronAffinity.iv,16,61,1.347,3.97,1.346601,-29.3201441,57.8926588,29.7822442,0.588168163,57.119949,0.128996341,0.0555453584,0.573457824,0.0147103385,0.0,0.792413,27.90893158,60.3076,13.3373,0.561164,23.76716299
bandGap+ElectronAffinity.iv,17,1,1.347,4.066,-0.140724,28.144795,1.62755493,29.7822442,0.0418250861,1.39817838,0.128481814,0.0590696453,0.0417695171,5.55689967e-05,0.0,0.879555,27.79279676,60.9409,14.8972,0.644413,23.11747701
bandGap+ElectronAffinity.iv,17,2,1.347,4.066,-0.120488,28.0975742,1.65477501,29.7822442,0.0426829403,1.42449572,0.128490874,0.0591054778,0.0426227353,6.02050423e-05,0.0,0.879555,27.79279676,60.9409,14.8972,0.644413,23.11747701
bandGap+ElectronAffinity.iv,17,3,1.347,4.066,-0.100247,28.0493071,1.68304216,29.7822442,0.0435813318,1.45182033,0.128499963,0.0591405338,0.0435160197,6.53120384e-05,0.0,0.879555,27.79279676,60.9409,14.8972,0.644413,23.11747701
bandGap+ElectronAffinity.iv,17,4,1.347,4.066,-0.08,27.9999313,1.7124179,29.7822442,0.0445233867,1.48021063,0.128509082,0.0591747943,0.0444524418,7.09448427e-05,0.0,0.879555,27.79279676,60.9409,14.8972,0.644413,23.11747701
bandGap+ElectronAffinity.iv,17,5,1.347,4.066,-0.059747,27.9493808,1.74296844,29.7822442,0.0455125576,1.50972941,0.128518234,0.0592082406,0.0454353923,7.71653605e-05,0.0,0.879555,27.79279676,60.9409,14.8972,0.644413,23.11747701
bandGap+ElectronAffinity.iv,17,6,1.347,4.066,-0.039488,27.897584,1.77476517,29.7822442,0.046552664,1.54044424,0.128527419,0.0592408541,0.0464686205,8.40434985e-05,0.0,0.879555,27.79279676,60.9409,14.8972,0.644413,23.11747701
bandGap+ElectronAffinity.iv,17,7,1.347,4.066,-0.019222,27.8444641,1.80788511,29.7822442,0.0476479384,1.57242791,0.12853664,0.0592726165,0.0475562802,9.16582679e-05,0.0,0.879555,27.79279676,60.9409,14.8972,0.644413,23.11747701
bandGap+ElectronAffinity.iv,17,8,1.347,4.066,0.00105,27.7899377,1.84241145,29.7822442,0.048803081,1.60575896,0.128545899,0.0593035101,0.048702982,0.000100099046,0.0,0.879555,27.79279676,60.9409,14.8972,0.644413,23.11747701
bandGap+ElectronAffinity.iv,17,9,1.347,4.066,0.02133,27.7339149,1.87843425,29.7822442,0.0500233203,1.64052221,0.128555197,0.0593335178,0.0499138533,0.000109467025,0.0,0.879555,27.79279676,60.9409,14.8972,0.644413,23.11747701
bandGap+ElectronAffinity.iv,17,10,1.347,4.066,0.041619,27.6762981,1.91605102,29.7822442,0.0513144844,1.67680938,0.128564538,0.0593626232,0.0511946075,0.000119876865,0.0,0.879555,27.79279676,60.9409,14.8972,0.644413,23.11747701
bandGap+ElectronAffinity.iv,17,11,1.347,4.066,0.061915,27.6169814,1.95536763,29.7822442,0.0526830825,1.71471981,0.128573924,0.0593908112,0.0525516239,0.0001314586,0.0,0.879555,27.79279676,60.9409,14.8972,0.644413,23.11747701
bandGap+ElectronAffinity.iv,17,12,1.347,4.066,0.082221,27.5558499,1.99649908,29.7822442,0.0541363992,1.75436126,0.128583358,0.0594180676,0.0539920394,0.000144359821,0.0,0.879555,27.79279676,60.9409,14.8972,0.644413,23.11747701
bandGap+ElectronAffinity.iv,17,13,1.347,4.066,0.102536,27.4927784,2.0395706,29.7822442,0.0556826046,1.79585078,0.128592842,0.0594443797,0.0555238564,0.000158748186,0.0,0.879555,27.79279676,60.9409,14.8972,0.644413,23.11747701
bandGap+ElectronAffinity.iv,17,14,1.347,4.066,0.122862,27.4276302,2.08471877,29.7822442,0.0573308814,1.83931577,0.128602381,0.0594697363,0.057156067,0.000174814312,0.0,0.879555,27.79279676,60.9409,14.8972,0.644413,23.11747701
bandGap+ElectronAffinity.iv,17,15,1.347,4.066,0.143199,27.3602561,2.13209283,29.7822442,0.0590915741,1.88489515,0.128611977,0.059494128,0.058898799,0.000192775111,0.0,0.879555,27.79279676,60.9409,14.8972,0.644413,23.11747701
bandGap+ElectronAffinity.iv,17,16,1.347,4.066,0.163548,27.2904926,2.18185623,29.7822442,0.0609763644,1.93274068,0.128621634,0.0595175479,0.0607634867,0.000212877633,0.0,0.879555,27.79279676,60.9409,14.8972,0.644413,23.11747701
bandGap+ElectronAffinity.iv,17,17,1.347,4.066,0.183909,27.2181604,2.23418837,29.7822442,0.0629984775,1.98301855,0.128631357,0.0595399902,0.062763074,0.000235403525,0.0,0.879555,27.79279676,60.9409,14.8972,0.644413,23.11747701
bandGap+ElectronAffinity.iv,17,18,1.347,4.066,0.204285,27.1430621,2.2892867,29.7822442,0.0651729278,2.03591117,0.128641149,0.0595614525,0.0649122536,0.000260674191,0.0,0.879555,27.79279676,60.9409,14.8972,0.644413,23.11747701
bandGap+ElectronAffinity.iv,17,19,1.347,4.066,0.224675,27.0649796,2.34736911,29.7822442,0.0675168125,2.09161935,0.128651016,0.0595819344,0.0672277558,0.00028905679,0.0,0.879555,27.79279676,60.9409,14.8972,0.644413,23.11747701
bandGap+ElectronAffinity.iv,17,20,1.347,4.066,0.245082,26.9836718,2.40867687,29.7822442,0.0700496669,2.1503648,0.128660961,0.0596014384,0.0697286957,0.000320971234,0.0,0.879555,27.79279676,60.9409,14.8972,0.644413,23.11747701
bandGap+ElectronAffinity.iv,17,21,1.347,4.066,0.265506,26.8988704,2.4734781,29.7822442,0.0727938988,2.21239324,0.128670991,0.0596199697,0.0724370004,0.000356898359,0.0,0.879555,27.79279676,60.9409,14.8972,0.644413,23.11747701
bandGap+ElectronAffinity.iv,17,22,1.347,4.066,0.285949,26.8102763,2.54207213,29.7822442,0.0757753299,2.27797815,0.128681111,0.0596375364,0.0753779404,0.000397389537,0.0,0.879555,27.79279676,60.9409,14.8972,0.644413,23.11747701
bandGap+ElectronAffinity.iv,17,23,1.347,4.066,0.306412,26.7175533,2.614795,29.7822442,0.079023887,2.34742564,0.128691327,0.0596541495,0.078580809,0.000443077994,0.0,0.879555,27.79279676,60.9409,14.8972,0.644413,23.11747701
bandGap+ElectronAffinity.iv,17,24,1.347,4.066,0.326898,26.6203215,2.6920267,29.7822442,0.0825745131,2.42108072,0.128701645,0.0596698233,0.0820798208,0.000494692253,0.0,0.879555,27.79279676,60.9409,14.8972,0.644413,23.11747701
bandGap+ElectronAffinity.iv,17,25,1.347,4.066,0.347409,26.518147,2.77420111,29.7822442,0.0864684181,2.49933604,0.128712073,0.0596845748,0.0859153459,0.000553072198,0.0,0.879555,27.79279676,60.9409,14.8972,0.644413,23.11747701
bandGap+ElectronAffinity.iv,17,26,1.347,4.066,0.367947,26.4105276,2.86182035,29.7822442,0.0907548699,2.58264444,0.128722617,0.0596984242,0.0901356814,0.000619188454,0.0,0.879555,27.79279676,60.9409,14.8972,0.644413,23.11747701
bandGap+ElectronAffinity.iv,17,27,1.347,4.066,0.388516,26.2968712,2.95547661,29.7822442,0.0954938639,2.67153807,0.128733285,0.0597113944,0.0947996978,0.000694166078,0.0,0.879555,27.79279676,60.9409,14.8972,0.644413,23.11747701
bandGap+ElectronAffinity.iv,17,28,1.347,4.066,0.409118,26.1764607,3.05588695,29.7822442,0.100760244,2.76665911,0.128744085,0.0597235116,0.09998093,0.000779314038,0.0,0.879555,27.79279676,60.9409,14.8972,0.644413,23.11747701
bandGap+ElectronAffinity.iv,17,29,1.347,4.066,0.429758,26.0483963,3.16395108,29.7822442,0.106650218,2.86881103,0.128755025,0.0597348045,0.105774055,0.000876162838,0.0,0.879555,27.79279676,60.9409,14.8972,0.644413,23.11747701
bandGap+ElectronAffinity.iv,17,30,1.347,4.066,0.450443,25.9114965,3.28085064,29.7822442,0.113291793,2.97904742,0.128766116,0.0597453049,0.112305279,0.000986514257,0.0,0.879555,27.79279676,60.9409,14.8972,0.644413,23.11747701
bandGap+ElectronAffinity.iv,17,31,1.347,4.066,0.471179,25.7641233,3.40822351,29.7822442,0.120861502,3.0988296,0.128777365,0.0597550478,0.119748991,0.0011125103,0.0,0.879555,27.79279676,60.9409,14.8972,0.644413,23.11747701
bandGap+ElectronAffinity.iv,17,32,1.347,4.066,0.491981,25.6038718,3.54847473,29.7822442,0.129610987,3.23031089,0.128788783,0.0597640717,0.128354252,0.00125673464,0.0,0.879555,27.79279676,60.9409,14.8972,0.644413,23.11747701
bandGap+ElectronAffinity.iv,17,33,1.347,4.066,0.512865,25.4270104,3.70533577,29.7822442,0.139908602,3.37685437,0.12880038,0.05977242,0.13848623,0.0014223721,0.0,0.879555,27.79279676,60.9409,14.8972,0.644413,23.11747701
bandGap+ElectronAffinity.iv,17,34,1.347,4.066,0.533863,25.2274708,3.88487484,29.7822442,0.15230342,3.54397911,0.128812165,0.0597801431,0.150689943,0.00161347694,0.0,0.879555,27.79279676,60.9409,14.8972,0.644413,23.11747701
bandGap+ElectronAffinity.iv,17,35,1.347,4.066,0.555025,24.9950245,4.09732072,29.7822442,0.167622208,3.74108706,0.128824148,0.059787303,0.165786757,0.00183545085,0.0,0.879555,27.79279676,60.9409,14.8972,0.644413,23.11747701
bandGap+ElectronAffinity.iv,17,36,1.347,4.066,0.57644,24.7120068,4.36033769,29.7822442,0.187114636,3.98459274,0.128836336,0.0597939816,0.185018704,0.00209593156,0.0,0.879555,27.79279676,60.9409,14.8972,0.644413,23.11747701
bandGap+ElectronAffinity.iv,17,37,1.347,4.066,0.598262,24.3475123,4.70483148,29.7822442,0.212667791,4.30351466,0.128848734,0.0598002957,0.210261306,0.00240648479,0.0,0.879555,27.79279676,60.9409,14.8972,0.644413,23.11747701
bandGap+ElectronAffinity.iv,17,38,1.347,4.066,0.620763,23.8473516,5.18499098,29.7822442,0.247114087,4.74920913,0.12886134,0.0598064246,0.244328255,0.00278583258,0.0,0.879555,27.79279676,60.9409,14.8972,0.644413,23.11747701
bandGap+ElectronAffinity.iv,17,39,1.347,4.066,0.644413,23.117477,5.89486354,29.7822442,0.294642097,5.41153464,0.12887414,0.0598126587,0.291376242,0.0032658557,0.0,0.879555,27.79279676,60.9409,14.8972,0.644413,23.11747701
bandGap+ElectronAffinity.iv,17,40,1.347,4.066,0.670005,21.9990255,6.99331215,29.7822442,0.361246642,6.44335893,0.1288871,0.0598194804,0.357344658,0.00390198405,0.0,0.879555,27.79279676,60.9409,14.8972,0.644413,23.11747701
bandGap+ElectronAffinity.iv,17,41,1.347,4.066,0.698811,20.2377647,8.73456627,29.7822442,0.454929842,8.09090858,0.128900151,0.0598276914,0.450141463,0.00478837867,0.0,0.879555,27.79279676,60.9409,14.8972,0.644413,23.11747701
bandGap+ElectronAffinity.iv,17,42,1.347,4.066,0.732668,17.4664774,11.4858704,29.7822442,0.584848932,10.7122697,0.128913161,0.0598386001,0.578777324,0.00607160867,0.0,0.879555,27.79279676,60.9409,14.8972,0.644413,23.11747701
bandGap+ElectronAffinity.iv,17,43,1.347,4.066,0.773733,13.2534331,15.6789125,29.7822442,0.757914234,14.7322182,0.128925916,0.0598541586,0.749979922,0.00793431207,0.0,0.879555,27.79279676,60.9409,14.8972,0.644413,23.11747701
bandGap+ElectronAffinity.iv,17,44,1.347,4.066,0.823493,7.3013004,21.61104,29.7822442,0.971613449,20.4506114,0.128938067,0.0598770489,0.961111481,0.0105019688,0.0,0.879555,27.79279676,60.9409,14.8972,0.644413,23.11747701
bandGap+ElectronAffinity.iv,17,45,1.347,4.066,0.880945,-0.188992677,29.0813321,29.7822442,1.20607676,27.6863959,0.128949102,0.0599102748,1.1924212,0.0136555627,0.0,0.879555,27.79279676,60.9409,14.8972,0.644413,23.11747701
bandGap+ElectronAffinity.iv,17,46,1.347,4.066,0.941266,-8.25326873,37.1255792,29.7822442,1.42584321,35.5108211,0.12895842,0.0599564771,1.40892493,0.0169182819,0.0,0.879555,27.79279676,60.9409,14.8972,0.644413,23.11747701
bandGap+ElectronAffinity.iv,17,47,1.347,4.066,0.997379,-15.4758026,44.3281346,29.7822442,1.59785972,42.5412931,0.128965506,0.0600163439,1.57818131,0.0196784062,0.0,0.879555,27.79279676,60.9409,14.8972,0.644413,23.11747701
bandGap+ElectronAffinity.iv,17,48,1.347,4.066,1.044158,-20.8315562,49.663856,29.7822442,1.71125216,47.7635453,0.128970269,0.0600882633,1.68965496,0.0215972011,0.0,0.879555,27.79279676,60.9409,14.8972,0.644413,23.11747701
bandGap+ElectronAffinity.iv,17,49,1.347,4.066,1.081051,-24.2102382,53.0225446,29.7822442,1.77647556,51.0569273,0.128973101,0.0601686323,1.75373417,0.0227413822,0.0,0.879555,27.79279676,60.9409,14.8972,0.644413,23.11747701
bandGap+ElectronAffinity.iv,17,50,1.347,4.066,1.110603,-26.1206827,54.9129713,29.7822442,1.81119164,52.9125517,0.128974655,0.0602532282,1.78783009,0.0233615545,0.0,0.879555,27.79279676,60.9409,14.8972,0.644413,23.11747701
bandGap+ElectronAffinity.iv,17,51,1.347,4.066,1.135752,-27.1504,55.9226798,29.7822442,1.82912968,53.904236,0.128975474,0.0603386177,1.80544428,0.0236854,0.0,0.879555,27.79279676,60.9409,14.8972,0.644413,23.11747701
bandGap+ElectronAffinity.iv,17,52,1.347,4.066,1.158562,-27.7124804,56.4647496,29.7822442,1.83858536,54.4367638,0.128975911,0.0604245155,1.81472829,0.023857077,0.0,0.879555,27.79279676,60.9409,14.8972,0.644413,23.11747701
bandGap+ElectronAffinity.iv,17,53,1.347,4.066,1.180201,-28.0402584,56.7725263,29.7822442,1.8438993,54.7391409,0.128976158,0.0605099621,1.81994543,0.0239538678,0.0,0.879555,27.79279676,60.9409,14.8972,0.644413,23.11747701
bandGap+ElectronAffinity.iv,17,54,1.347,4.066,1.201267,-28.2533844,56.9656498,29.7822442,1.84721303,54.9288664,0.128976312,0.0605939799,1.82319868,0.0240143506,0.0,0.879555,27.79279676,60.9409,14.8972,0.644413,23.11747701
bandGap+ElectronAffinity.iv,17,55,1.347,4.066,1.222049,-28.4098715,57.1021354,29.7822442,1.84954518,55.0629381,0.128976421,0.060675672,1.8254882,0.0240569794,0.0,0.879555,27.79279676,60.9409,14.8972,0.644413,23.11747701
bandGap+ElectronAffinity.iv,17,56,1.347,4.066,1.242692,-28.5383552,57.2106181,29.7822442,1.85139298,55.1694915,0.128976508,0.0607570774,1.82730219,0.024090794,0.0,0.879555,27.79279676,60.9409,14.8972,0.644413,23.11747701
bandGap+ElectronAffinity.iv,17,57,1.347,4.066,1.263259,-28.6517164,57.3039825,29.7822442,1.85297919,55.2611899,0.128976582,0.0608368341,1.82885934,0.0241198472,0.0,0.879555,27.79279676,60.9409,14.8972,0.644413,23.11747701
bandGap+ElectronAffinity.iv,17,58,1.347,4.066,1.283782,-28.7563045,57.3885659,29.7822442,1.85441297,55.3442611,0.12897665,0.0609152196,1.83026684,0.0241461285,0.0,0.879555,27.79279676,60.9409,14.8972,0.644413,23.11747701
bandGap+ElectronAffinity.iv,17,59,1.347,4.066,1.304276,-28.8552299,57.4674949,29.7822442,1.85574815,55.4217772,0.128976712,0.0609927637,1.83157753,0.0241706187,0.0,0.879555,27.79279676,60.9409,14.8972,0.644413,23.11747701
bandGap+ElectronAffinity.iv,17,60,1.347,4.066,1.324748,-28.9496915,57.541956,29.7822442,1.85700534,55.4949055,0.128976772,0.0610683174,1.83281165,0.024193692,0.0,0.879555,27.79279676,60.9409,14.8972,0.644413,23.11747701
bandGap+ElectronAffinity.iv,17,61,1.347,4.066,1.345205,-29.0410199,57.6132838,29.7822442,1.85820742,55.5649566,0.128976828,0.0611429766,1.83399165,0.0242157668,0.0,0.879555,27.79279676,60.9409,14.8972,0.644413,23.11747701
bandGap+ElectronAffinity.iv,18,1,1.347,4.165,-0.140596,28.1191136,1.65321094,29.7822442,0.0415515671,1.42348645,0.128469781,0.059703143,0.0415422513,9.31577392e-06,0.0,0.913999,27.74762219,59.6921,15.1387,0.666417,22.71656669
bandGap+ElectronAffinity.iv,18,2,1.347,4.165,-0.120349,28.0697565,1.68256393,29.7822442,0.0423651137,1.45196559,0.128478031,0.0597552001,0.0423549608,1.01528504e-05,0.0,0.913999,27.74762219,59.6921,15.1387,0.666417,22.71656669
bandGap+ElectronAffinity.iv,18,3,1.347,4.165,-0.100096,28.0191421,1.71317817,29.7822442,0.0432128205,1.48167207,0.128486247,0.0598070365,0.0432017412,1.10793607e-05,0.0,0.913999,27.74762219,59.6921,15.1387,0.666417,22.71656669
bandGap+ElectronAffinity.iv,18,4,1.347,4.165,-0.079836,27.9671807,1.74513906,29.7822442,0.0440969041,1.51268908,0.128494429,0.059858649,0.0440847983,1.21057932e-05,0.0,0.913999,27.74762219,59.6921,15.1387,0.666417,22.71656669
bandGap+ElectronAffinity.iv,18,5,1.347,4.165,-0.059569,27.9137801,1.77853928,29.7822442,0.0450197844,1.54510689,0.128502574,0.0599100346,0.0450065404,1.32439591e-05,0.0,0.913999,27.74762219,59.6921,15.1387,0.666417,22.71656669
bandGap+ElectronAffinity.iv,18,6,1.347,4.165,-0.039294,27.8588391,1.8134797,29.7822442,0.0459840989,1.57902374,0.128510677,0.0599611901,0.0459695917,1.45072022e-05,0.0,0.913999,27.74762219,59.6921,15.1387,0.666417,22.71656669
bandGap+ElectronAffinity.iv,18,7,1.347,4.165,-0.019011,27.8022482,1.85007011,29.7822442,0.046992727,1.61454654,0.128518736,0.0600121113,0.0469768163,1.59106255e-05,0.0,0.913999,27.74762219,59.6921,15.1387,0.666417,22.71656669
bandGap+ElectronAffinity.iv,18,8,1.347,4.165,0.001281,27.7438876,1.88843014,29.7822442,0.0480488177,1.65179178,0.128526747,0.0600627937,0.0480313463,1.7471359e-05,0.0,0.913999,27.74762219,59.6921,15.1387,0.666417,22.71656669
bandGap+ElectronAffinity.iv,18,9,1.347,4.165,0.021582,27.6836272,1.92869012,29.7822442,0.0491558229,1.69088636,0.128534707,0.0601132315,0.049136614,1.92088757e-05,0.0,0.913999,27.74762219,59.6921,15.1387,0.666417,22.71656669
bandGap+ElectronAffinity.iv,18,10,1.347,4.165,0.041893,27.6213244,1.97099213,29.7822442,0.050317534,1.73196857,0.128542611,0.0601634183,0.0502963887,2.11453693e-05,0.0,0.913999,27.74762219,59.6921,15.1387,0.666417,22.71656669
bandGap+ElectronAffinity.iv,18,11,1.347,4.165,0.062216,27.5568248,2.01549104,29.7822442,0.0515381259,1.77518911,0.128550457,0.0602133463,0.0515148197,2.33062035e-05,0.0,0.913999,27.74762219,59.6921,15.1387,0.666417,22.71656669
bandGap+ElectronAffinity.iv,18,12,1.347,4.165,0.08255,27.4899594,2.06235564,29.7822442,0.0528222073,1.82071218,0.128558241,0.0602630061,0.0527964868,2.57204549e-05,0.0,0.913999,27.74762219,59.6921,15.1387,0.666417,22.71656669
bandGap+ElectronAffinity.iv,18,13,1.347,4.165,0.102897,27.4205445,2.11176977,29.7822442,0.0541748802,1.86871654,0.128565958,0.0603123871,0.0541464587,2.84215662e-05,0.0,0.913999,27.74762219,59.6921,15.1387,0.666417,22.71656669
bandGap+ElectronAffinity.iv,18,14,1.347,4.165,0.123258,27.3483796,2.1639336,29.7822442,0.055601811,1.91939671,0.128573605,0.0603614762,0.0555703629,3.14481417e-05,0.0,0.913999,27.74762219,59.6921,15.1387,0.666417,22.71656669
bandGap+ElectronAffinity.iv,18,15,1.347,4.165,0.143634,27.2732472,2.21906481,29.7822442,0.0571093141,1.97296406,0.128581178,0.0604102586,0.0570744692,3.48449152e-05,0.0,0.913999,27.74762219,59.6921,15.1387,0.666417,22.71656669
bandGap+ElectronAffinity.iv,18,16,1.347,4.165,0.164025,27.1949118,2.27739984,29.7822442,0.0587044539,2.02964799,0.128588673,0.0604587164,0.05866579,3.86639375e-05,0.0,0.913999,27.74762219,59.6921,15.1387,0.666417,22.71656669
bandGap+ElectronAffinity.iv,18,17,1.347,4.165,0.184434,27.1131147,2.33919506,29.7822442,0.0603951688,2.08969698,0.128596088,0.0605068286,0.0603522028,4.29660355e-05,0.0,0.913999,27.74762219,59.6921,15.1387,0.666417,22.71656669
bandGap+ElectronAffinity.iv,18,18,1.347,4.165,0.204862,27.0275804,2.40472794,29.7822442,0.0621904239,2.15337953,0.128603417,0.0605545709,0.0621426013,4.78226137e-05,0.0,0.913999,27.74762219,59.6921,15.1387,0.666417,22.71656669
bandGap+ElectronAffinity.iv,18,19,1.347,4.165,0.22531,26.9380089,2.47429803,29.7822442,0.0641004028,2.22098505,0.128610659,0.0606019144,0.0640470849,5.33178839e-05,0.0,0.913999,27.74762219,59.6921,15.1387,0.666417,22.71656669
bandGap+ElectronAffinity.iv,18,20,1.347,4.165,0.24578,26.8440935,2.54822898,29.7822442,0.0661368448,2.2928255,0.128617805,0.0606488305,0.0660772943,5.95505582e-05,0.0,0.913999,27.74762219,59.6921,15.1387,0.666417,22.71656669
bandGap+ElectronAffinity.iv,18,21,1.347,4.165,0.266273,26.745457,2.62686528,29.7822442,0.0683130032,2.36923214,0.128624862,0.0606952704,0.0682463618,6.66413578e-05,0.0,0.913999,27.74762219,59.6921,15.1387,0.666417,22.71656669
bandGap+ElectronAffinity.iv,18,22,1.347,4.165,0.286791,26.6417438,2.7105783,29.7822442,0.0706445866,2.45056069,0.128631825,0.0607411928,0.0705698551,7.47315285e-05,0.0,0.913999,27.74762219,59.6921,15.1387,0.666417,22.71656669
bandGap+ElectronAffinity.iv,18,23,1.347,4.165,0.307337,26.5325584,2.79976351,29.7822442,0.0731500006,2.53718827,0.128638691,0.0607865448,0.0730660088,8.39918767e-05,0.0,0.913999,27.74762219,59.6921,15.1387,0.666417,22.71656669
bandGap+ElectronAffinity.iv,18,24,1.347,4.165,0.327913,26.4174799,2.89484184,29.7822442,0.0758512409,2.62951388,0.128645459,0.0608312651,0.0757566123,9.46286163e-05,0.0,0.913999,27.74762219,59.6921,15.1387,0.666417,22.71656669
bandGap+ElectronAffinity.iv,18,25,1.347,4.165,0.34852,26.2960607,2.99626083,29.7822442,0.0787750752,2.72795834,0.128652129,0.0608752835,0.0786681834,0.000106891817,0.0,0.913999,27.74762219,59.6921,15.1387,0.666417,22.71656669
bandGap+ElectronAffinity.iv,18,26,1.347,4.165,0.369161,26.1678244,3.10449684,29.7822442,0.0819548226,2.83296479,0.128658702,0.0609185198,0.0818337365,0.000121086079,0.0,0.913999,27.74762219,59.6921,15.1387,0.666417,22.71656669
bandGap+ElectronAffinity.iv,18,27,1.347,4.165,0.389839,26.0322612,3.22005973,29.7822442,0.0854331115,2.94500055,0.128665179,0.0609608837,0.0852955273,0.000137584147,0.0,0.913999,27.74762219,59.6921,15.1387,0.666417,22.71656669
bandGap+ElectronAffinity.iv,18,28,1.347,4.165,0.410556,25.8888186,3.34350202,29.7822442,0.0892662643,3.06456192,0.128671562,0.0610022744,0.0891094197,0.000156844578,0.0,0.913999,27.74762219,59.6921,15.1387,0.666417,22.71656669
bandGap+ElectronAffinity.iv,18,29,1.347,4.165,0.431316,25.7368839,3.4754363,29.7822442,0.0935313837,3.19218448,0.128677856,0.061042581,0.0933519485,0.000179435267,0.0,0.913999,27.74762219,59.6921,15.1387,0.666417,22.71656669
bandGap+ElectronAffinity.iv,18,30,1.347,4.165,0.452121,25.5757526,3.61656717,29.7822442,0.0983378905,3.32846354,0.128684063,0.0610816838,0.0981318244,0.000206066106,0.0,0.913999,27.74762219,59.6921,15.1387,0.666417,22.71656669
bandGap+ElectronAffinity.iv,18,31,1.347,4.165,0.472977,25.4045705,3.76774875,29.7822442,0.103846271,3.47409283,0.128690189,0.0611194564,0.103608634,0.000237636914,0.0,0.913999,27.74762219,59.6921,15.1387,0.666417,22.71656669
bandGap+ElectronAffinity.iv,18,32,1.347,4.165,0.493889,25.222232,3.93008676,29.7822442,0.110298225,3.62993652,0.128696241,0.061155769,0.110022912,0.000275312686,0.0,0.913999,27.74762219,59.6921,15.1387,0.666417,22.71656669
bandGap+ElectronAffinity.iv,18,33,1.347,4.165,0.514864,25.0271994,4.10511885,29.7822442,0.118064381,3.79716175,0.128702224,0.0611904933,0.117743731,0.00032065034,0.0,0.913999,27.74762219,59.6921,15.1387,0.666417,22.71656669
bandGap+ElectronAffinity.iv,18,34,1.347,4.165,0.535914,24.8171839,4.29513373,29.7822442,0.127718525,3.97748354,0.128708148,0.0612235083,0.127342699,0.000375826011,0.0,0.913999,27.74762219,59.6921,15.1387,0.666417,22.71656669
bandGap+ElectronAffinity.iv,18,35,1.347,4.165,0.557057,24.5885767,4.50374034,29.7822442,0.140151566,4.17362004,0.12871402,0.0612547077,0.139707503,0.000444062943,0.0,0.913999,27.74762219,59.6921,15.1387,0.666417,22.71656669
bandGap+ElectronAffinity.iv,18,36,1.347,4.165,0.578323,24.335422,4.73689436,29.7822442,0.156745596,4.3901449,0.128719849,0.0612840087,0.156215132,0.000530463855,0.0,0.913999,27.74762219,59.6921,15.1387,0.666417,22.71656669
bandGap+ElectronAffinity.iv,18,37,1.347,4.165,0.599762,24.0475462,5.0047694,29.7822442,0.179640166,4.63509222,0.128725645,0.0613113614,0.178996505,0.000643660707,0.0,0.913999,27.74762219,59.6921,15.1387,0.666417,22.71656669
bandGap+ElectronAffinity.iv,18,38,1.347,4.165,0.621464,23.7071271,5.32518793,29.7822442,0.21214025,4.92297949,0.12873142,0.0613367613,0.211341144,0.000799106291,0.0,0.913999,27.74762219,59.6921,15.1387,0.666417,22.71656669
bandGap+ElectronAffinity.iv,18,39,1.347,4.165,0.643588,23.2824259,5.72988839,29.7822442,0.259334911,5.28045602,0.128737191,0.0613602672,0.258309305,0.00102560625,0.0,0.913999,27.74762219,59.6921,15.1387,0.666417,22.71656669
bandGap+ElectronAffinity.iv,18,40,1.347,4.165,0.666417,22.7165667,6.27574695,29.7822442,0.329000484,5.75662145,0.128742983,0.0613820286,0.327622473,0.00137801133,0.0,0.913999,27.74762219,59.6921,15.1387,0.666417,22.71656669
bandGap+ElectronAffinity.iv,18,41,1.347,4.165,0.690458,21.9084068,7.06390571,29.7822442,0.432795532,6.440959,0.128748839,0.0614023343,0.430834796,0.00196073544,0.0,0.913999,27.74762219,59.6921,15.1387,0.666417,22.71656669
bandGap+ElectronAffinity.iv,18,42,1.347,4.165,0.716583,20.6833631,8.26894792,29.7822442,0.587460847,7.49131054,0.128754834,0.0614216963,0.584493704,0.00296714316,0.0,0.913999,27.74762219,59.6921,15.1387,0.666417,22.71656669
bandGap+ElectronAffinity.iv,18,43,1.347,4.165,0.746201,18.7598825,10.1724274,29.7822442,0.814894942,9.16733035,0.128761092,0.061440979,0.810163363,0.00473157955,0.0,0.913999,27.74762219,59.6921,15.1387,0.666417,22.71656669
bandGap+ElectronAffinity.iv,18,44,1.347,4.165,0.781285,15.7429451,13.1693639,29.7822442,1.13833655,11.840798,0.128767795,0.0614615557,1.13058008,0.00775646544,0.0,0.913999,27.74762219,59.6921,15.1387,0.666417,22.71656669
bandGap+ElectronAffinity.iv,18,45,1.347,4.165,0.823896,11.2207088,17.6716145,29.7822442,1.57078542,15.9105686,0.128775143,0.0614853926,1.55817859,0.0126068319,0.0,0.913999,27.74762219,59.6921,15.1387,0.666417,22.71656669
bandGap+ElectronAffinity.iv,18,46,1.347,4.165,0.874824,5.03512979,23.8371582,29.7822442,2.09652501,21.5503351,0.128783201,0.0615148681,2.0769776,0.0195474129,0.0,0.913999,27.74762219,59.6921,15.1387,0.666417,22.71656669
bandGap+ElectronAffinity.iv,18,47,1.347,4.165,0.931914,-2.38279628,31.234998,29.7822442,2.66033092,28.3843231,0.128791738,0.0615522164,2.63226339,0.0280675325,0.0,0.913999,27.74762219,59.6921,15.1387,0.666417,22.71656669
bandGap+ElectronAffinity.iv,18,48,1.347,4.165,0.989937,-9.98733745,38.8194644,29.7822442,3.18347049,35.4455947,0.128800053,0.0615991198,3.14663716,0.0368333265,0.0,0.913999,27.74762219,59.6921,15.1387,0.666417,22.71656669
bandGap+ElectronAffinity.iv,18,49,1.347,4.165,1.042899,-16.5798049,45.3923515,29.7822442,3.60099122,41.6008973,0.128807229,0.061655805,3.55662791,0.0443633046,0.0,0.913999,27.74762219,59.6921,15.1387,0.666417,22.71656669
bandGap+ElectronAffinity.iv,18,50,1.347,4.165,1.08716,-21.4319848,50.2237443,29.7822442,3.88834231,46.144868,0.128812538,0.0617214273,3.83856873,0.0497735787,0.0,0.913999,27.74762219,59.6921,15.1387,0.666417,22.71656669
bandGap+ElectronAffinity.iv,18,51,1.347,4.165,1.122584,-24.5168877,53.2888319,29.7822442,4.06326247,49.0349601,0.128815982,0.0617933391,4.01009199,0.0531704799,0.0,0.913999,27.74762219,59.6921,15.1387,0.666417,22.71656669
bandGap+ElectronAffinity.iv,18,52,1.347,4.165,1.15143,-26.2860974,55.0377892,29.7822442,4.16019561,50.6869074,0.128817961,0.0618683228,4.10512062,0.0550749911,0.0,0.913999,27.74762219,59.6921,15.1387,0.666417,22.71656669
bandGap+ElectronAffinity.iv,18,53,1.347,4.165,1.176256,-27.2512022,55.9839498,29.7822442,4.21264993,51.5805357,0.128819073,0.0619450766,4.1565138,0.0561361263,0.0,0.913999,27.74762219,59.6921,15.1387,0.666417,22.71656669
bandGap+ElectronAffinity.iv,18,54,1.347,4.165,1.198923,-27.7846574,56.4974497,29.7822442,4.2405341,52.0660738,0.128819664,0.0620221442,4.18384115,0.0566929486,0.0,0.913999,27.74762219,59.6921,15.1387,0.666417,22.71656669
bandGap+ElectronAffinity.iv,18,55,1.347,4.165,1.220497,-28.0993154,56.7921235,29.7822442,4.25645601,52.3447493,0.128820004,0.0620982417,4.19944458,0.0570114307,0.0,0.913999,27.74762219,59.6921,15.1387,0.666417,22.71656669
bandGap+ElectronAffinity.iv,18,56,1.347,4.165,1.24153,-28.30592,56.9787295,29.7822442,4.26650553,52.5212312,0.128820219,0.0621724995,4.20929298,0.0572125538,0.0,0.913999,27.74762219,59.6921,15.1387,0.666417,22.71656669
bandGap+ElectronAffinity.iv,18,57,1.347,4.165,1.262299,-28.459745,57.1125493,29.7822442,4.27369504,52.6477875,0.128820373,0.0622464023,4.2163386,0.0573564495,0.0,0.913999,27.74762219,59.6921,15.1387,0.666417,22.71656669
bandGap+ElectronAffinity.iv,18,58,1.347,4.165,1.282933,-28.5866405,57.2194372,29.7822442,4.27942728,52.7488706,0.128820497,0.0623187886,4.22195609,0.0574711846,0.0,0.913999,27.74762219,59.6921,15.1387,0.666417,22.71656669
bandGap+ElectronAffinity.iv,18,59,1.347,4.165,1.303496,-28.6991146,57.3119028,29.7822442,4.28437911,52.8363132,0.128820604,0.0623898995,4.2268088,0.0575703174,0.0,0.913999,27.74762219,59.6921,15.1387,0.666417,22.71656669
bandGap+ElectronAffinity.iv,18,60,1.347,4.165,1.324016,-28.8031865,57.3959661,29.7822442,4.28887582,52.9158094,0.128820701,0.0624601959,4.23121545,0.0576603658,0.0,0.913999,27.74762219,59.6921,15.1387,0.666417,22.71656669
bandGap+ElectronAffinity.iv,18,61,1.347,4.165,1.344507,-28.9014505,57.4742218,29.7822442,4.29305772,52.9898145,0.128820791,0.0625287685,4.23531358,0.0577441412,0.0,0.913999,27.74762219,59.6921,15.1387,0.666417,22.71656669
bandGap+ElectronAffinity.iv,19,1,1.347,4.266,-0.140688,28.1376477,1.63484178,29.7822442,0.0445643169,1.40211502,0.128352244,0.0598101974,0.0444546855,0.000109631484,0.0,0.875332,27.75974658,56.8709,13.819,0.630393,21.92130574
bandGap+ElectronAffinity.iv,19,2,1.347,4.266,-0.120441,28.0881062,1.66437533,29.7822442,0.0455598907,1.43059336,0.128356176,0.0598659066,0.0454435277,0.000116363042,0.0,0.875332,27.75974658,56.8709,13.819,0.630393,21.92130574
bandGap+ElectronAffinity.iv,19,3,1.347,4.266,-0.100186,28.0371295,1.69535155,29.7822442,0.0466017867,1.46046829,0.128360006,0.0599214732,0.0464783195,0.000123467148,0.0,0.875332,27.75974658,56.8709,13.819,0.630393,21.92130574
bandGap+ElectronAffinity.iv,19,4,1.347,4.266,-0.079923,27.9845922,1.72788825,29.7822442,0.0476930999,1.49185452,0.128363745,0.059976889,0.0475621289,0.000130970939,0.0,0.875332,27.75974658,56.8709,13.819,0.630393,21.92130574
bandGap+ElectronAffinity.iv,19,5,1.347,4.266,-0.059652,27.9303661,1.76211373,29.7822442,0.0488372564,1.52487693,0.128367394,0.0600321524,0.048698359,0.000138897399,0.0,0.875332,27.75974658,56.8709,13.819,0.630393,21.92130574
bandGap+ElectronAffinity.iv,19,6,1.347,4.266,-0.039372,27.8743101,1.7981692,29.7822442,0.0500379953,1.55967299,0.128370955,0.0600872617,0.049890724,0.0001472713,0.0,0.875332,27.75974658,56.8709,13.819,0.630393,21.92130574
bandGap+ElectronAffinity.iv,19,7,1.347,4.266,-0.019081,27.8162683,1.83621014,29.7822442,0.0512994044,1.59639409,0.128374429,0.060142215,0.051143285,0.000156119392,0.0,0.875332,27.75974658,56.8709,13.819,0.630393,21.92130574
bandGap+ElectronAffinity.iv,19,8,1.347,4.266,0.00122,27.7560699,1.87640779,29.7822442,0.0526259621,1.635207,0.128377819,0.0601970105,0.0524604915,0.00016547063,0.0,0.875332,27.75974658,56.8709,13.819,0.630393,21.92130574
bandGap+ElectronAffinity.iv,19,9,1.347,4.266,0.021532,27.6935263,1.91895071,29.7822442,0.0540225863,1.67629535,0.128381125,0.0602516465,0.0538472298,0.000175356423,0.0,0.875332,27.75974658,56.8709,13.819,0.630393,21.92130574
bandGap+ElectronAffinity.iv,19,10,1.347,4.266,0.041858,27.628429,1.9640465,29.7822442,0.05549469,1.71986134,0.128384351,0.060306121,0.0553088791,0.000185810924,0.0,0.875332,27.75974658,56.8709,13.819,0.630393,21.92130574
bandGap+ElectronAffinity.iv,19,11,1.347,4.266,0.062197,27.5605513,2.01192361,29.7822442,0.0570482486,1.76612743,0.128387498,0.0603604321,0.0568513773,0.000196871364,0.0,0.875332,27.75974658,56.8709,13.819,0.630393,21.92130574
bandGap+ElectronAffinity.iv,19,12,1.347,4.266,0.082552,27.4896411,2.0628332,29.7822442,0.0586898784,1.81533818,0.128390568,0.0604145777,0.0584813,0.000208578433,0.0,0.875332,27.75974658,56.8709,13.819,0.630393,21.92130574
bandGap+ElectronAffinity.iv,19,13,1.347,4.266,0.102923,27.4154225,2.11705111,29.7822442,0.0604269314,1.86776206,0.128393563,0.0604685558,0.0602059547,0.000220976737,0.0,0.875332,27.75974658,56.8709,13.819,0.630393,21.92130574
bandGap+ElectronAffinity.iv,19,14,1.347,4.266,0.123312,27.3376077,2.17488131,29.7822442,0.0622677183,1.92369475,0.128396472,0.0605223741,0.0620336238,0.000234094444,0.0,0.875332,27.75974658,56.8709,13.819,0.630393,21.92130574
bandGap+ElectronAffinity.iv,19,15,1.347,4.266,0.143721,27.2558364,2.23665245,29.7822442,0.064221224,1.98345589,0.128399323,0.0605760102,0.0639731984,0.000248025676,0.0,0.875332,27.75974658,56.8709,13.819,0.630393,21.92130574
bandGap+ElectronAffinity.iv,19,16,1.347,4.266,0.164151,27.1697617,2.30272703,29.7822442,0.0662979187,2.04739754,0.128402104,0.0606294713,0.0660351076,0.000262811064,0.0,0.875332,27.75974658,56.8709,13.819,0.630393,21.92130574
bandGap+ElectronAffinity.iv,19,17,1.347,4.266,0.184605,27.0789898,2.37349876,29.7822442,0.0685095641,2.11590163,0.128404817,0.0606827543,0.0682310469,0.000278517195,0.0,0.875332,27.75974658,56.8709,13.819,0.630393,21.92130574
bandGap+ElectronAffinity.iv,19,18,1.347,4.266,0.205085,26.9830933,2.44939506,29.7822442,0.0708696081,2.18938213,0.128407466,0.0607358559,0.0705743896,0.000295218433,0.0,0.875332,27.75974658,56.8709,13.819,0.630393,21.92130574
bandGap+ElectronAffinity.iv,19,19,1.347,4.266,0.225592,26.8816099,2.53087838,29.7822442,0.073393567,2.26828599,0.128410052,0.060788772,0.0730805688,0.000312998236,0.0,0.875332,27.75974658,56.8709,13.819,0.630393,21.92130574
bandGap+ElectronAffinity.iv,19,20,1.347,4.266,0.24613,26.7740406,2.61844734,29.7822442,0.0760995383,2.35309373,0.128412576,0.0608414982,0.0757675875,0.000331950802,0.0,0.875332,27.75974658,56.8709,13.819,0.630393,21.92130574
bandGap+ElectronAffinity.iv,19,21,1.347,4.266,0.266701,26.6598501,2.71263773,29.7822442,0.0790089019,2.44431976,0.128415041,0.060894029,0.0786567188,0.000352183129,0.0,0.875332,27.75974658,56.8709,13.819,0.630393,21.92130574
bandGap+ElectronAffinity.iv,19,22,1.347,4.266,0.287308,26.5384636,2.81402394,29.7822442,0.0821473007,2.54251283,0.12841745,0.0609463579,0.081773483,0.000373817658,0.0,0.875332,27.75974658,56.8709,13.819,0.630393,21.92130574
bandGap+ElectronAffinity.iv,19,23,1.347,4.266,0.307954,26.4092659,2.92322135,29.7822442,0.0855460391,2.64825703,0.128419804,0.0609984771,0.0851490434,0.000396995689,0.0,0.875332,27.75974658,56.8709,13.819,0.630393,21.92130574
bandGap+ElectronAffinity.iv,19,24,1.347,4.266,0.328642,26.2715956,3.0408914,29.7822442,0.0892441197,2.7621748,0.128422105,0.061050377,0.0888222377,0.000421881944,0.0,0.875332,27.75974658,56.8709,13.819,0.630393,21.92130574
bandGap+ElectronAffinity.iv,19,25,1.347,4.266,0.349376,26.1247348,3.16775188,29.7822442,0.0932912655,2.88493421,0.128424356,0.0611020459,0.0928425947,0.000448670759,0.0,0.875332,27.75974658,56.8709,13.819,0.630393,21.92130574
bandGap+ElectronAffinity.iv,19,26,1.347,4.266,0.370161,25.967889,3.3045973,29.7822442,0.097752481,3.01726479,0.12842656,0.0611534692,0.0972748862,0.000477594788,0.0,0.875332,27.75974658,56.8709,13.819,0.630393,21.92130574
bandGap+ElectronAffinity.iv,19,27,1.347,4.266,0.390999,25.8001484,3.45233751,29.7822442,0.102715031,3.15998913,0.128428718,0.0612046288,0.102206094,0.000508937624,0.0,0.875332,27.75974658,56.8709,13.819,0.630393,21.92130574
bandGap+ElectronAffinity.iv,19,28,1.347,4.266,0.411898,25.6204174,3.61206812,29.7822442,0.108299226,3.31408256,0.128430833,0.0612555019,0.107756173,0.000543052813,0.0,0.875332,27.75974658,56.8709,13.819,0.630393,21.92130574
bandGap+ElectronAffinity.iv,19,29,1.347,4.266,0.432864,25.4272894,3.78519559,29.7822442,0.114675169,3.48078145,0.128432909,0.06130606,0.114094775,0.000580393664,0.0,0.875332,27.75974658,56.8709,13.819,0.630393,21.92130574
bandGap+ElectronAffinity.iv,19,30,1.347,4.266,0.453906,25.218831,3.97365344,29.7822442,0.122088781,3.66177344,0.12843495,0.0613562671,0.121467219,0.000621561866,0.0,0.875332,27.75974658,56.8709,13.819,0.630393,21.92130574
bandGap+ElectronAffinity.iv,19,31,1.347,4.266,0.475039,24.9922153,4.18026864,29.7822442,0.130902013,3.85952359,0.128436961,0.061406078,0.130234623,0.00066738984,0.0,0.875332,27.75974658,56.8709,13.819,0.630393,21.92130574
bandGap+ElectronAffinity.iv,19,32,1.347,4.266,0.496284,24.7431126,4.40937071,29.7822442,0.141654337,4.07782199,0.128438948,0.061455436,0.140935252,0.000719084945,0.0,0.875332,27.75974658,56.8709,13.819,0.630393,21.92130574
bandGap+ElectronAffinity.iv,19,33,1.347,4.266,0.517677,24.4646948,4.66778772,29.7822442,0.155155379,4.32268714,0.128440922,0.0615042699,0.15437689,0.000778488939,0.0,0.875332,27.75974658,56.8709,13.819,0.630393,21.92130574
bandGap+ElectronAffinity.iv,19,34,1.347,4.266,0.53927,24.146033,4.96644875,29.7822442,0.172621781,4.60383158,0.128442899,0.0615524922,0.171773227,0.000848554222,0.0,0.875332,27.75974658,56.8709,13.819,0.630393,21.92130574
bandGap+ElectronAffinity.iv,19,35,1.347,4.266,0.561152,23.7695623,5.32291864,29.7822442,0.195874705,4.93699904,0.1284449,0.0615999968,0.194940477,0.000934228053,0.0,0.875332,27.75974658,56.8709,13.819,0.630393,21.92130574
bandGap+ElectronAffinity.iv,19,36,1.347,4.266,0.583464,23.3071554,5.76532479,29.7822442,0.227616119,5.34761505,0.128446962,0.0616466593,0.226572022,0.00104409685,0.0,0.875332,27.75974658,56.8709,13.819,0.630393,21.92130574
bandGap+ElectronAffinity.iv,19,37,1.347,4.266,0.606429,22.7142223,6.33825699,29.7822442,0.271797049,5.87631845,0.128449142,0.0616923423,0.27060364,0.00119340871,0.0,0.875332,27.75974658,56.8709,13.819,0.630393,21.92130574
bandGap+ElectronAffinity.iv,19,38,1.347,4.266,0.630393,21.9213057,7.11117267,29.7822442,0.334065331,6.58691891,0.128451526,0.0617369096,0.332655871,0.0014094596,0.0,0.875332,27.75974658,56.8709,13.819,0.630393,21.92130574
bandGap+ElectronAffinity.iv,19,39,1.347,4.266,0.655883,20.8233091,8.18916856,29.7822442,0.422202796,7.57673126,0.128454245,0.0617802564,0.420462196,0.00174059955,0.0,0.875332,27.75974658,56.8709,13.819,0.630393,21.92130574
bandGap+ElectronAffinity.iv,19,40,1.347,4.266,0.683656,19.2688351,9.72364242,29.7822442,0.54627854,8.98708402,0.128457492,0.0618223638,0.544009054,0.00226948607,0.0,0.875332,27.75974658,56.8709,13.819,0.630393,21.92130574
bandGap+ElectronAffinity.iv,19,41,1.347,4.266,0.714711,17.0577422,11.914736,29.7822442,0.717914774,11.0064963,0.128461533,0.061863381,0.714787146,0.00312762716,0.0,0.875332,27.75974658,56.8709,13.819,0.630393,21.92130574
bandGap+ElectronAffinity.iv,19,42,1.347,4.266,0.750179,13.9641569,14.9883212,29.7822442,0.947722924,13.8502278,0.128466695,0.0619037241,0.943224117,0.00449880649,0.0,0.875332,27.75974658,56.8709,13.819,0.630393,21.92130574
bandGap+ElectronAffinity.iv,19,43,1.347,4.266,0.790967,9.8066361,19.1258249,29.7822442,1.24026247,17.695145,0.128473321,0.0619441457,1.23367648,0.00658598409,0.0,0.875332,27.75974658,56.8709,13.819,0.630393,21.92130574
bandGap+ElectronAffinity.iv,19,44,1.347,4.266,0.837167,4.56659914,24.3458117,29.7822442,1.58782466,22.5675197,0.128481569,0.0619857339,1.57830641,0.00951824606,0.0,0.875332,27.75974658,56.8709,13.819,0.630393,21.92130574
bandGap+ElectronAffinity.iv,19,45,1.347,4.266,0.887516,-1.50310502,30.3955969,29.7822442,1.96723543,28.2378404,0.128491298,0.0620297572,1.95400783,0.0132276005,0.0,0.875332,27.75974658,56.8709,13.819,0.630393,21.92130574
bandGap+ElectronAffinity.iv,19,46,1.347,4.266,0.939367,-7.87330473,36.7458176,29.7822442,2.3437483,34.2114897,0.128502004,0.0620776055,2.32636205,0.0173862482,0.0,0.875332,27.75974658,56.8709,13.819,0.630393,21.92130574
bandGap+ElectronAffinity.iv,19,47,1.347,4.266,0.989406,-13.8811257,42.7333612,29.7822442,2.68132799,39.8613903,0.128512675,0.0621302263,2.65984569,0.0214822943,0.0,0.875332,27.75974658,56.8709,13.819,0.630393,21.92130574
bandGap+ElectronAffinity.iv,19,48,1.347,4.266,1.034587,-18.9173299,47.7499355,29.7822442,2.95287633,44.6063494,0.128522175,0.0621876637,2.92786087,0.0250154618,0.0,0.875332,27.75974658,56.8709,13.819,0.630393,21.92130574
bandGap+ElectronAffinity.iv,19,49,1.347,4.266,1.07326,-22.6519606,51.4643518,29.7822442,3.1474638,48.1261076,0.128529581,0.0622508125,3.119799,0.0276647989,0.0,0.875332,27.75974658,56.8709,13.819,0.630393,21.92130574
bandGap+ElectronAffinity.iv,20,1,1.347,4.37,-0.140818,28.1636331,1.60892555,29.7822442,0.0525298748,1.36832592,0.127954799,0.0601149573,0.0520622589,0.000467615903,0.0,0.777575,27.72545701,52.5032,11.319,0.508759,22.24818906
bandGap+ElectronAffinity.iv,20,2,1.347,4.37,-0.12054,28.1080953,1.64445711,29.7822442,0.0539223765,1.40240681,0.127956867,0.0601710583,0.0534379477,0.000484428802,0.0,0.777575,27.72545701,52.5032,11.319,0.508759,22.24818906
bandGap+ElectronAffinity.iv,20,3,1.347,4.37,-0.100252,28.0503421,1.68221031,29.7822442,0.0553897203,1.43863474,0.127958869,0.0602269888,0.0548877916,0.000501928718,0.0,0.777575,27.72545701,52.5032,11.319,0.508759,22.24818906
bandGap+ElectronAffinity.iv,20,4,1.347,4.37,-0.079951,27.9901642,1.72238771,29.7822442,0.0569373446,1.4772068,0.127960842,0.060282719,0.056417119,0.000520225579,0.0,0.777575,27.72545701,52.5032,11.319,0.508759,22.24818906
bandGap+ElectronAffinity.iv,20,5,1.347,4.37,-0.059637,27.9273387,1.76521321,29.7822442,0.0585717265,1.51834045,0.12796279,0.0603382481,0.0580323577,0.000539368817,0.0,0.777575,27.72545701,52.5032,11.319,0.508759,22.24818906
bandGap+ElectronAffinity.iv,20,6,1.347,4.37,-0.039308,27.8616179,1.81093351,29.7822442,0.0603000552,1.56227516,0.127964712,0.0603935751,0.0597406431,0.000559412085,0.0,0.777575,27.72545701,52.5032,11.319,0.508759,22.24818906
bandGap+ElectronAffinity.iv,20,7,1.347,4.37,-0.018964,27.7927313,1.85981999,29.7822442,0.0621303392,1.60927434,0.127966612,0.0604486991,0.0615499254,0.000580413833,0.0,0.777575,27.72545701,52.5032,11.319,0.508759,22.24818906
bandGap+ElectronAffinity.iv,20,8,1.347,4.37,0.001398,27.7203802,1.91217082,29.7822442,0.0640715394,1.65962717,0.127968491,0.0605036189,0.0634691015,0.000602437901,0.0,0.777575,27.72545701,52.5032,11.319,0.508759,22.24818906
bandGap+ElectronAffinity.iv,20,9,1.347,4.37,0.021779,27.6442376,1.96831289,29.7822442,0.0661337323,1.71365047,0.12797035,0.0605583332,0.0655081781,0.000625554219,0.0,0.777575,27.72545701,52.5032,11.319,0.508759,22.24818906
bandGap+ElectronAffinity.iv,20,10,1.347,4.37,0.04218,27.5639461,2.02860379,29.7822442,0.0683283166,1.77169044,0.127972192,0.0606128408,0.067678477,0.000649839629,0.0,0.777575,27.72545701,52.5032,11.319,0.508759,22.24818906
bandGap+ElectronAffinity.iv,20,11,1.347,4.37,0.062604,27.479116,2.0934336,29.7822442,0.0706682753,1.83412417,0.12797402,0.0606671398,0.0699928964,0.000675378868,0.0,0.777575,27.72545701,52.5032,11.319,0.508759,22.24818906
bandGap+ElectronAffinity.iv,20,12,1.347,4.37,0.083053,27.389323,2.16322661,29.7822442,0.0731685168,1.90136103,0.127975835,0.0607212284,0.072466251,0.000702265748,0.0,0.777575,27.72545701,52.5032,11.319,0.508759,22.24818906
bandGap+ElectronAffinity.iv,20,13,1.347,4.37,0.103529,27.2941063,2.23844277,29.7822442,0.075846324,1.9738437,0.127977641,0.0607751044,0.0751157194,0.00073060458,0.0,0.777575,27.72545701,52.5032,11.319,0.508759,22.24818906
bandGap+ElectronAffinity.iv,20,14,1.347,4.37,0.124035,27.1929694,2.31957921,29.7822442,0.0787219582,2.05204904,0.127979439,0.060828765,0.0779614462,0.00076051194,0.0,0.777575,27.72545701,52.5032,11.319,0.508759,22.24818906
bandGap+ElectronAffinity.iv,20,15,1.347,4.37,0.144573,27.0853761,2.40717184,29.7822442,0.0818194839,2.13648891,0.127981234,0.0608822073,0.0810273651,0.000792118846,0.0,0.777575,27.72545701,52.5032,11.319,0.508759,22.24818906
bandGap+ElectronAffinity.iv,20,16,1.347,4.37,0.165146,26.9707494,2.50179784,29.7822442,0.0851679165,2.22771146,0.127983026,0.0609354273,0.0843423429,0.000825573521,0.0,0.777575,27.72545701,52.5032,11.319,0.508759,22.24818906
bandGap+ElectronAffinity.iv,20,17,1.347,4.37,0.185758,26.8484665,2.60408001,29.7822442,0.0888028447,2.32630392,0.127984822,0.0609884207,0.0879417998,0.000861044932,0.0,0.777575,27.72545701,52.5032,11.319,0.508759,22.24818906
bandGap+ElectronAffinity.iv,20,18,1.347,4.37,0.206411,26.7178508,2.71469522,29.7822442,0.0927687637,2.43289866,0.127986622,0.0610411818,0.0918700362,0.00089872743,0.0,0.777575,27.72545701,52.5032,11.319,0.508759,22.24818906
bandGap+ElectronAffinity.iv,20,19,1.347,4.37,0.227109,26.5781549,2.83439065,29.7822442,0.0971224715,2.54818604,0.127988432,0.061093704,0.0961836245,0.000938846982,0.0,0.777575,27.72545701,52.5032,11.319,0.508759,22.24818906
bandGap+ElectronAffinity.iv,20,20,1.347,4.37,0.247857,26.428531,2.96401426,29.7822442,0.101938078,2.67293995,0.127990256,0.0611459788,0.100956408,0.000981669749,0.0,0.777575,27.72545701,52.5032,11.319,0.508759,22.24818906
bandGap+ElectronAffinity.iv,20,21,1.347,4.37,0.26866,26.2679746,3.10457036,29.7822442,0.107314449,2.80806581,0.127992098,0.0611979955,0.106286935,0.0010275143,0.0,0.777575,27.72545701,52.5032,11.319,0.508759,22.24818906
bandGap+ElectronAffinity.iv,20,22,1.347,4.37,0.289524,26.0952269,3.25731771,29.7822442,0.11338634,2.95468767,0.127993966,0.0612497409,0.112309571,0.0010767696,0.0,0.777575,27.72545701,52.5032,11.319,0.508759,22.24818906
bandGap+ElectronAffinity.iv,20,23,1.347,4.37,0.310457,25.908605,3.42393847,29.7822442,0.120341052,3.11430036,0.127995866,0.0613011974,0.11921113,0.00112992242,0.0,0.777575,27.72545701,52.5032,11.319,0.508759,22.24818906
bandGap+ElectronAffinity.iv,20,24,1.347,4.37,0.331471,25.7057214,3.60682149,29.7822442,0.128443278,3.28902806,0.127997811,0.0613523423,0.127255677,0.00118760073,0.0,0.777575,27.72545701,52.5032,11.319,0.508759,22.24818906
bandGap+ElectronAffinity.iv,20,25,1.347,4.37,0.352585,25.4830161,3.8095262,29.7822442,0.138071815,3.48205142,0.127999818,0.0614031457,0.136821171,0.00125064468,0.0,0.777575,27.72545701,52.5032,11.319,0.508759,22.24818906
bandGap+ElectronAffinity.iv,20,26,1.347,4.37,0.373825,25.2350195,4.03752262,29.7822442,0.149772959,3.69829418,0.128001913,0.0614535674,0.148452733,0.00132022595,0.0,0.777575,27.72545701,52.5032,11.319,0.508759,22.24818906
bandGap+ElectronAffinity.iv,20,27,1.347,4.37,0.395234,24.9532031,4.29933832,29.7822442,0.164336206,3.94549442,0.128004136,0.0615035531,0.162938153,0.00139805248,0.0,0.777575,27.72545701,52.5032,11.319,0.508759,22.24818906
bandGap+ElectronAffinity.iv,20,28,1.347,4.37,0.416879,24.6242675,4.60827308,29.7822442,0.182897626,4.23581588,0.12800655,0.0615530299,0.181410902,0.00148672347,0.0,0.777575,27.72545701,52.5032,11.319,0.508759,22.24818906
bandGap+ElectronAffinity.iv,20,29,1.347,4.37,0.438861,24.227809,4.98470165,29.7822442,0.207067891,4.58802259,0.128009293,0.0616018692,0.205477273,0.00159061804,0.0,0.777575,27.72545701,52.5032,11.319,0.508759,22.24818906
bandGap+ElectronAffinity.iv,20,30,1.347,4.37,0.461337,23.7326576,5.45985422,29.7822442,0.239106018,5.03108577,0.128012423,0.0616500065,0.237390197,0.00171582134,0.0,0.777575,27.72545701,52.5032,11.319,0.508759,22.24818906
bandGap+ElectronAffinity.iv,20,31,1.347,4.37,0.484531,23.0937282,6.07878481,29.7822442,0.282039255,5.60703211,0.128016198,0.0616972443,0.280165771,0.00187348373,0.0,0.777575,27.72545701,52.5032,11.319,0.508759,22.24818906
bandGap+ElectronAffinity.iv,20,32,1.347,4.37,0.508759,22.2481891,6.90432897,29.7822442,0.339750727,6.37481395,0.128020914,0.0617433842,0.337669525,0.00208120181,0.0,0.777575,27.72545701,52.5032,11.319,0.508759,22.24818906
bandGap+ElectronAffinity.iv,20,33,1.347,4.37,0.534428,21.1144703,8.0180524,29.7822442,0.416848443,7.41138879,0.128026959,0.061788208,0.41448195,0.00236649337,0.0,0.777575,27.72545701,52.5032,11.319,0.508759,22.24818906
bandGap+ElectronAffinity.iv,20,34,1.347,4.37,0.562017,19.5966494,9.51588108,29.7822442,0.518188644,8.80782613,0.128034794,0.0618315109,0.515418901,0.0027697422,0.0,0.777575,27.72545701,52.5032,11.319,0.508759,22.24818906
bandGap+ElectronAffinity.iv,20,35,1.347,4.37,0.592013,17.5973438,11.4951517,29.7822442,0.647944026,10.6572896,0.12804493,0.0618731363,0.644599133,0.0033448928,0.0,0.777575,27.72545701,52.5032,11.319,0.508759,22.24818906
bandGap+ElectronAffinity.iv,20,36,1.347,4.37,0.624808,15.0384789,14.0340352,29.7822442,0.808447186,13.0356172,0.128057706,0.0619131323,0.804293728,0.00415345771,0.0,0.777575,27.72545701,52.5032,11.319,0.508759,22.24818906
bandGap+ElectronAffinity.iv,20,37,1.347,4.37,0.66057,11.8859292,17.1665395,29.7822442,0.998969169,15.9775453,0.128073423,0.0619516338,0.993714994,0.00525417543,0.0,0.777575,27.72545701,52.5032,11.319,0.508759,22.24818906
bandGap+ElectronAffinity.iv,20,38,1.347,4.37,0.699171,8.16585603,20.8666485,29.7822442,1.21545205,19.4611154,0.128091974,0.0619890841,1.20876784,0.0066842104,0.0,0.777575,27.72545701,52.5032,11.319,0.508759,22.24818906
bandGap+ElectronAffinity.iv,20,39,1.347,4.37,0.740163,3.96738078,25.0450511,29.7822442,1.45071991,23.404192,0.128113126,0.0620260002,1.44227405,0.00844586104,0.0,0.777575,27.72545701,52.5032,11.319,0.508759,22.24818906
bandGap+ElectronAffinity.iv,20,40,1.347,4.37,0.782849,-0.569712491,29.5623324,29.7822442,1.69587435,27.6762587,0.128136296,0.0620630686,1.68537477,0.0104995785,0.0,0.777575,27.72545701,52.5032,11.319,0.508759,22.24818906
bandGap+ElectronAffinity.iv,20,41,1.347,4.37,0.826274,-5.25471278,34.2275625,29.7822442,1.94052298,32.0967776,0.128160636,0.0621013099,1.92776509,0.0127578951,0.0,0.777575,27.72545701,52.5032,11.319,0.508759,22.24818906
bandGap+ElectronAffinity.iv,20,42,1.347,4.37,0.869495,-9.89899019,38.8515541,29.7822442,2.17511915,36.4861082,0.128185314,0.062141431,2.1600123,0.0151068529,0.0,0.777575,27.72545701,52.5032,11.319,0.508759,22.24818906
bandGap+ElectronAffinity.iv,20,43,1.347,4.37,0.911445,-14.2890322,43.2219468,29.7822442,2.39005936,40.6414936,0.128209314,0.0621844894,2.37264727,0.0174120965,0.0,0.777575,27.72545701,52.5032,11.319,0.508759,22.24818906
bandGap+ElectronAffinity.iv,20,44,1.347,4.37,0.951109,-18.2218318,47.1344481,29.7822442,2.57719742,44.3667878,0.12823135,0.0622315468,2.55767076,0.0195266611,0.0,0.777575,27.72545701,52.5032,11.319,0.508759,22.24818906
bandGap+ElectronAffinity.iv,20,45,1.347,4.37,0.987473,-21.4945492,50.3866699,29.7822442,2.72912317,47.4670143,0.128250154,0.0622822907,2.70780947,0.0213137031,0.0,0.777575,27.72545701,52.5032,11.319,0.508759,22.24818906
bandGap+ElectronAffinity.iv,21,1,1.4,3.97,-0.132122,26.4244687,1.51042507,27.9436031,0.0411831329,1.27350974,0.128492092,0.0672401065,0.0410310974,0.000152035505,0.0,0.841718,26.12368762,61.6049,13.5462,0.608735,22.25294506
bandGap+ElectronAffinity.iv,21,2,1.4,3.97,-0.111905,26.3810348,1.53385862,27.9436031,0.0421052507,1.29598739,0.12850146,0.0672645173,0.0419426343,0.000162616365,0.0,0.841718,26.12368762,61.6049,13.5462,0.608735,22.25294506
bandGap+ElectronAffinity.iv,21,3,1.4,3.97,-0.091684,26.3367383,1.55815507,27.9436031,0.0430751179,1.3192809,0.128510868,0.0672881773,0.042901003,0.000174114976,0.0,0.841718,26.12368762,61.6049,13.5462,0.608735,22.25294506
bandGap+ElectronAffinity.iv,21,4,1.4,3.97,-0.071458,26.2915269,1.58336647,27.9436031,0.0440966355,1.34343843,0.128520315,0.0673110859,0.0439100092,0.000186626375,0.0,0.841718,26.12368762,61.6049,13.5462,0.608735,22.25294506
bandGap+ElectronAffinity.iv,21,5,1.4,3.97,-0.051227,26.2453441,1.60954921,27.9436031,0.0451741229,1.36851203,0.128529805,0.0673332433,0.044973866,0.000200256944,0.0,0.841718,26.12368762,61.6049,13.5462,0.608735,22.25294506
bandGap+ElectronAffinity.iv,21,6,1.4,3.97,-0.030991,26.1981289,1.63676444,27.9436031,0.0463123705,1.39455808,0.128539339,0.0673546505,0.0460972446,0.000215125911,0.0,0.841718,26.12368762,61.6049,13.5462,0.608735,22.25294506
bandGap+ElectronAffinity.iv,21,7,1.4,3.97,-0.010749,26.1498147,1.66507866,27.9436031,0.0475167009,1.42163773,0.128548919,0.0673753089,0.0472853339,0.000231367075,0.0,0.841718,26.12368762,61.6049,13.5462,0.608735,22.25294506
bandGap+ElectronAffinity.iv,21,8,1.4,3.97,0.009498,26.1003291,1.69456426,27.9436031,0.0487930384,1.44981745,0.128558549,0.0673952208,0.0485439076,0.000249130792,0.0,0.841718,26.12368762,61.6049,13.5462,0.608735,22.25294506
bandGap+ElectronAffinity.iv,21,9,1.4,3.97,0.029752,26.0495931,1.72530022,27.9436031,0.0501479892,1.47916961,0.12856823,0.0674143891,0.049879403,0.000268586253,0.0,0.841718,26.12368762,61.6049,13.5462,0.608735,22.25294506
bandGap+ElectronAffinity.iv,21,10,1.4,3.97,0.050012,25.9975204,1.75737286,27.9436031,0.0515889336,1.50977314,0.128577965,0.0674328177,0.0512990095,0.000289924105,0.0,0.841718,26.12368762,61.6049,13.5462,0.608735,22.25294506
bandGap+ElectronAffinity.iv,21,11,1.4,3.97,0.07028,25.9440166,1.79087672,27.9436031,0.0531241324,1.54171432,0.128587757,0.0674505111,0.0528107729,0.000313359467,0.0,0.841718,26.12368762,61.6049,13.5462,0.608735,22.25294506
bandGap+ElectronAffinity.iv,21,12,1.4,3.97,0.090555,25.8889777,1.82591557,27.9436031,0.0547628497,1.57508764,0.12859761,0.0674674749,0.0544237143,0.000339135408,0.0,0.841718,26.12368762,61.6049,13.5462,0.608735,22.25294506
bandGap+ElectronAffinity.iv,21,13,1.4,3.97,0.110839,25.8322898,1.86260354,27.9436031,0.0565154956,1.6099968,0.128607527,0.0674837155,0.0561479687,0.000367526961,0.0,0.841718,26.12368762,61.6049,13.5462,0.608735,22.25294506
bandGap+ElectronAffinity.iv,21,14,1.4,3.97,0.131131,25.7738268,1.90106645,27.9436031,0.0583937916,1.64655591,0.128617511,0.0674992401,0.0579949458,0.000398845762,0.0,0.841718,26.12368762,61.6049,13.5462,0.608735,22.25294506
bandGap+ElectronAffinity.iv,21,15,1.4,3.97,0.151433,25.7134494,1.94144339,27.9436031,0.0604109627,1.6848908,0.128627568,0.0675140571,0.0599775173,0.000433445423,0.0,0.841718,26.12368762,61.6049,13.5462,0.608735,22.25294506
bandGap+ElectronAffinity.iv,21,16,1.4,3.97,0.171745,25.6510048,1.98388847,27.9436031,0.0625819628,1.72514063,0.128637701,0.0675281759,0.062110235,0.000471727758,0.0,0.841718,26.12368762,61.6049,13.5462,0.608735,22.25294506
bandGap+ElectronAffinity.iv,21,17,1.4,3.97,0.192068,25.5863203,2.02857298,27.9436031,0.0649237372,1.76745972,0.128647915,0.0675416068,0.0644095872,0.000514150019,0.0,0.841718,26.12368762,61.6049,13.5462,0.608735,22.25294506
bandGap+ElectronAffinity.iv,21,18,1.4,3.97,0.212404,25.5192053,2.07568795,27.9436031,0.0674555318,1.81201984,0.128658216,0.0675543612,0.0668942985,0.000561233315,0.0,0.841718,26.12368762,61.6049,13.5462,0.608735,22.25294506
bandGap+ElectronAffinity.iv,21,19,1.4,3.97,0.232753,25.449446,2.12544717,27.9436031,0.0701992571,1.85901285,0.128668609,0.0675664516,0.0695856846,0.000613572431,0.0,0.841718,26.12368762,61.6049,13.5462,0.608735,22.25294506
bandGap+ElectronAffinity.iv,21,20,1.4,3.97,0.253116,25.3768021,2.17809106,27.9436031,0.0731799181,1.90865415,0.1286791,0.0675778917,0.0725080708,0.000671847312,0.0,0.841718,26.12368762,61.6049,13.5462,0.608735,22.25294506
bandGap+ElectronAffinity.iv,21,21,1.4,3.97,0.273495,25.3010016,2.23389149,27.9436031,0.0764261261,1.96118697,0.128689697,0.0675886963,0.0756892896,0.000736836514,0.0,0.841718,26.12368762,61.6049,13.5462,0.608735,22.25294506
bandGap+ElectronAffinity.iv,21,22,1.4,3.97,0.293891,25.2217346,2.29315823,27.9436031,0.079970708,2.01688824,0.128700406,0.0675988811,0.079161275,0.000809433033,0.0,0.841718,26.12368762,61.6049,13.5462,0.608735,22.25294506
bandGap+ElectronAffinity.iv,21,23,1.4,3.97,0.314307,25.1386454,2.3562478,27.9436031,0.083851438,2.07607666,0.128711236,0.0676084632,0.0829607751,0.000890662964,0.0,0.841718,26.12368762,61.6049,13.5462,0.608735,22.25294506
bandGap+ElectronAffinity.iv,21,24,1.4,3.97,0.334743,25.0513168,2.42357637,27.9436031,0.0881119206,2.13912479,0.128722196,0.0676174609,0.087130213,0.000981707603,0.0,0.841718,26.12368762,61.6049,13.5462,0.608735,22.25294506
bandGap+ElectronAffinity.iv,21,25,1.4,3.97,0.355204,24.9592535,2.49563958,27.9436031,0.0928026644,2.20647773,0.128733295,0.0676258936,0.0917187347,0.00108392971,0.0,0.841718,26.12368762,61.6049,13.5462,0.608735,22.25294506
bandGap+ElectronAffinity.iv,21,26,1.4,3.97,0.375691,24.8618488,2.57304428,27.9436031,0.0979824011,2.27868356,0.128744544,0.0676337818,0.0967834962,0.00119890484,0.0,0.841718,26.12368762,61.6049,13.5462,0.608735,22.25294506
bandGap+ElectronAffinity.iv,21,27,1.4,3.97,0.396208,24.7583312,2.65656191,27.9436031,0.103719723,2.35644509,0.128755954,0.0676411476,0.102391264,0.00132845893,0.0,0.841718,26.12368762,61.6049,13.5462,0.608735,22.25294506
bandGap+ElectronAffinity.iv,21,28,1.4,3.97,0.416762,24.6476724,2.74722069,27.9436031,0.110095146,2.44070999,0.128767538,0.0676480148,0.108620432,0.00147471352,0.0,0.841718,26.12368762,61.6049,13.5462,0.608735,22.25294506
bandGap+ElectronAffinity.iv,21,29,1.4,3.97,0.437358,24.5284242,2.84646888,27.9436031,0.117203753,2.53283141,0.12877931,0.067654409,0.115563612,0.00164014032,0.0,0.841718,26.12368762,61.6049,13.5462,0.608735,22.25294506
bandGap+ElectronAffinity.iv,21,30,1.4,3.97,0.458008,24.3984254,2.95646765,27.9436031,0.125158647,2.63485736,0.128791285,0.0676603591,0.12333102,0.00182762728,0.0,0.841718,26.12368762,61.6049,13.5462,0.608735,22.25294506
bandGap+ElectronAffinity.iv,21,31,1.4,3.97,0.478729,24.2542726,3.08062041,27.9436031,0.134095554,2.75005548,0.12880348,0.0676658982,0.132054996,0.00204055841,0.0,0.841718,26.12368762,61.6049,13.5462,0.608735,22.25294506
bandGap+ElectronAffinity.iv,21,32,1.4,3.97,0.499548,24.0903622,3.2245308,27.9436031,0.144179063,2.88386475,0.128815912,0.0676710678,0.141896154,0.00228290958,0.0,0.841718,26.12368762,61.6049,13.5462,0.608735,22.25294506
bandGap+ElectronAffinity.iv,21,33,1.4,3.97,0.520514,23.8971629,3.39773004,27.9436031,0.155611163,3.04561435,0.128828599,0.0676759223,0.153051802,0.00255936132,0.0,0.841718,26.12368762,61.6049,13.5462,0.608735,22.25294506
bandGap+ElectronAffinity.iv,21,34,1.4,3.97,0.541709,23.6581308,3.6167621,27.9436031,0.168642842,3.25159715,0.12884156,0.0676805405,0.165767415,0.00287542639,0.0,0.841718,26.12368762,61.6049,13.5462,0.608735,22.25294506
bandGap+ElectronAffinity.iv,21,35,1.4,3.97,0.563279,23.344292,3.91060068,27.9436031,0.183589242,3.53047158,0.128854813,0.067685044,0.180351661,0.00323758065,0.0,0.841718,26.12368762,61.6049,13.5462,0.608735,22.25294506
bandGap+ElectronAffinity.iv,21,36,1.4,3.97,0.585475,22.9050023,4.32989051,27.9436031,0.200847463,3.93248505,0.128868368,0.0676896308,0.197194098,0.00365336496,0.0,0.841718,26.12368762,61.6049,13.5462,0.608735,22.25294506
bandGap+ElectronAffinity.iv,21,37,1.4,3.97,0.608735,22.2529451,4.96194762,27.9436031,0.220911764,4.544459,0.128882225,0.067694632,0.216780387,0.00413137777,0.0,0.841718,26.12368762,61.6049,13.5462,0.608735,22.25294506
bandGap+ElectronAffinity.iv,21,38,1.4,3.97,0.63379,21.2419182,5.95297428,27.9436031,0.244370399,5.51200692,0.128896357,0.0677006069,0.239689426,0.00468097379,0.0,0.841718,26.12368762,61.6049,13.5462,0.608735,22.25294506
bandGap+ElectronAffinity.iv,21,39,1.4,3.97,0.661801,19.6397687,7.53512323,27.9436031,0.271846953,7.06665709,0.128910695,0.0677084881,0.26653569,0.00531126355,0.0,0.841718,26.12368762,61.6049,13.5462,0.608735,22.25294506
bandGap+ElectronAffinity.iv,21,40,1.4,3.97,0.694445,17.1110941,10.0437967,27.9436031,0.30381549,9.54333636,0.128925087,0.0677197824,0.29778691,0.00602857924,0.0,0.841718,26.12368762,61.6049,13.5462,0.608735,22.25294506
bandGap+ElectronAffinity.iv,21,41,1.4,3.97,0.733748,13.2503272,13.8845659,27.9436031,0.340192258,13.3476975,0.128939259,0.0677368079,0.333360728,0.00683152979,0.0,0.841718,26.12368762,61.6049,13.5462,0.608735,22.25294506
bandGap+ElectronAffinity.iv,21,42,1.4,3.97,0.781319,7.7361174,19.3787749,27.9436031,0.379692503,18.8023669,0.128952771,0.0677627755,0.371992714,0.00769978916,0.0,0.841718,26.12368762,61.6049,13.5462,0.608735,22.25294506
bandGap+ElectronAffinity.iv,21,43,1.4,3.97,0.83678,0.643936394,26.4509564,27.9436031,0.419259731,25.8349302,0.128964998,0.0678015523,0.410675855,0.00858387629,0.0,0.841718,26.12368762,61.6049,13.5462,0.608735,22.25294506
bandGap+ElectronAffinity.iv,21,44,1.4,3.97,0.896221,-7.24418611,34.3190764,27.9436031,0.454467912,33.6677763,0.128975236,0.0678569592,0.445067713,0.00940019866,0.0,0.841718,26.12368762,61.6049,13.5462,0.608735,22.25294506
bandGap+ElectronAffinity.iv,21,45,1.4,3.97,0.952878,-14.5755853,41.6304762,27.9436031,0.481466065,40.9520964,0.128982943,0.067930736,0.471405058,0.0100610069,0.0,0.841718,26.12368762,61.6049,13.5462,0.608735,22.25294506
bandGap+ElectronAffinity.iv,21,46,1.4,3.97,1.000967,-20.1933091,47.2281953,27.9436031,0.499221616,46.5319646,0.128988074,0.0680209948,0.488702206,0.0105194093,0.0,0.841718,26.12368762,61.6049,13.5462,0.608735,22.25294506
bandGap+ElectronAffinity.iv,21,47,1.4,3.97,1.039095,-23.8190941,50.8339835,27.9436031,0.509474048,50.1273948,0.128991104,0.06812353,0.49867578,0.0107982674,0.0,0.841718,26.12368762,61.6049,13.5462,0.608735,22.25294506
bandGap+ElectronAffinity.iv,21,48,1.4,3.97,1.06947,-25.893948,52.8888354,27.9436031,0.514943888,52.1766664,0.128992755,0.0682324127,0.503993015,0.0109508735,0.0,0.841718,26.12368762,61.6049,13.5462,0.608735,22.25294506
bandGap+ElectronAffinity.iv,21,49,1.4,3.97,1.095077,-27.0153172,53.9902035,27.9436031,0.517766442,53.2751005,0.128993618,0.0683429075,0.506735416,0.0110310259,0.0,0.841718,26.12368762,61.6049,13.5462,0.608735,22.25294506
bandGap+ElectronAffinity.iv,21,50,1.4,3.97,1.118121,-27.6241937,54.5790796,27.9436031,0.519244772,53.8623865,0.128994074,0.0684542948,0.508171348,0.0110734238,0.0,0.841718,26.12368762,61.6049,13.5462,0.608735,22.25294506
bandGap+ElectronAffinity.iv,21,51,1.4,3.97,1.139875,-27.9749938,54.9098789,27.9436031,0.520065739,54.1922536,0.128994328,0.0685652525,0.508968633,0.0110971056,0.0,0.841718,26.12368762,61.6049,13.5462,0.608735,22.25294506
bandGap+ElectronAffinity.iv,21,52,1.4,3.97,1.160997,-28.1993532,55.1142386,27.9436031,0.520569409,54.3960002,0.128994485,0.0686744385,0.509457719,0.01111169,0.0,0.841718,26.12368762,61.6049,13.5462,0.608735,22.25294506
bandGap+ElectronAffinity.iv,21,53,1.4,3.97,1.181807,-28.3614152,55.2563001,27.9436031,0.520917914,54.5376069,0.128994593,0.068780708,0.509796105,0.0111218088,0.0,0.841718,26.12368762,61.6049,13.5462,0.608735,22.25294506
bandGap+ElectronAffinity.iv,21,54,1.4,3.97,1.202464,-28.4927789,55.3676638,27.9436031,0.521190148,54.6485924,0.128994678,0.0688865974,0.510060417,0.0111297313,0.0,0.841718,26.12368762,61.6049,13.5462,0.608735,22.25294506
bandGap+ElectronAffinity.iv,21,55,1.4,3.97,1.223039,-28.6077447,55.4626294,27.9436031,0.52142165,54.7432226,0.12899475,0.0689903749,0.510285171,0.0111364792,0.0,0.841718,26.12368762,61.6049,13.5462,0.608735,22.25294506
bandGap+ElectronAffinity.iv,21,56,1.4,3.97,1.243567,-28.7133152,55.5482002,27.9436031,0.521629749,54.8284833,0.128994815,0.0690923987,0.510487196,0.0111425531,0.0,0.841718,26.12368762,61.6049,13.5462,0.608735,22.25294506
bandGap+ElectronAffinity.iv,21,57,1.4,3.97,1.264065,-28.8129314,55.6278167,27.9436031,0.521822944,54.9078055,0.128994875,0.069193353,0.510674745,0.0111481992,0.0,0.841718,26.12368762,61.6049,13.5462,0.608735,22.25294506
bandGap+ElectronAffinity.iv,21,58,1.4,3.97,1.28454,-28.9079297,55.7028146,27.9436031,0.522004577,54.9825233,0.128994932,0.0692917933,0.510851065,0.0111535121,0.0,0.841718,26.12368762,61.6049,13.5462,0.608735,22.25294506
bandGap+ElectronAffinity.iv,21,59,1.4,3.97,1.304999,-28.9997052,55.7745898,27.9436031,0.522178069,55.0540277,0.128994986,0.0693890497,0.511019476,0.0111585929,0.0,0.841718,26.12368762,61.6049,13.5462,0.608735,22.25294506
bandGap+ElectronAffinity.iv,21,60,1.4,3.97,1.325443,-29.0885724,55.8434569,27.9436031,0.522344234,55.1226323,0.128995039,0.0694853993,0.511180771,0.0111634633,0.0,0.841718,26.12368762,61.6049,13.5462,0.608735,22.25294506
bandGap+ElectronAffinity.iv,21,61,1.4,3.97,1.345874,-29.1747625,55.909647,27.9436031,0.522503666,55.1885685,0.128995088,0.06957977,0.511335525,0.0111681403,0.0,0.841718,26.12368762,61.6049,13.5462,0.608735,22.25294506
bandGap+ElectronAffinity.iv,22,1,1.4,4.066,-0.131797,26.3594151,1.57532897,27.9436031,0.0388274646,1.33836616,0.128476722,0.0696586223,0.0388167566,1.07079394e-05,0.0,0.927694,26.02835607,60.7633,14.6721,0.694346,21.13083947
bandGap+ElectronAffinity.iv,22,2,1.4,4.066,-0.11156,26.3120343,1.60270915,27.9436031,0.0395653153,1.36494273,0.128485543,0.0697155657,0.0395536611,1.16541922e-05,0.0,0.927694,26.02835607,60.7633,14.6721,0.694346,21.13083947
bandGap+ElectronAffinity.iv,22,3,1.4,4.066,-0.091318,26.2635027,1.63124072,27.9436031,0.0403335434,1.39264077,0.128494377,0.0697720211,0.040320833,1.27103912e-05,0.0,0.927694,26.02835607,60.7633,14.6721,0.694346,21.13083947
bandGap+ElectronAffinity.iv,22,4,1.4,4.066,-0.071069,26.2137464,1.66099704,27.9436031,0.0411341571,1.42153169,0.128503226,0.0698279688,0.0411202653,1.38917643e-05,0.0,0.927694,26.02835607,60.7633,14.6721,0.694346,21.13083947
bandGap+ElectronAffinity.iv,22,5,1.4,4.066,-0.050813,26.1626862,1.69205719,27.9436031,0.0419693499,1.45169236,0.128512091,0.069883387,0.0419541339,1.52159257e-05,0.0,0.927694,26.02835607,60.7633,14.6721,0.694346,21.13083947
bandGap+ElectronAffinity.iv,22,6,1.4,4.066,-0.030551,26.110237,1.72450637,27.9436031,0.042841522,1.48320562,0.128520971,0.0699382521,0.0428248187,1.67032787e-05,0.0,0.927694,26.02835607,60.7633,14.6721,0.694346,21.13083947
bandGap+ElectronAffinity.iv,22,7,1.4,4.066,-0.010282,26.056307,1.7584364,27.9436031,0.0437533056,1.51616069,0.128529868,0.0699925385,0.0437349281,1.83774932e-05,0.0,0.927694,26.02835607,60.7633,14.6721,0.694346,21.13083947
bandGap+ElectronAffinity.iv,22,8,1.4,4.066,0.009996,26.0007971,1.79394624,27.9436031,0.0447075929,1.55065364,0.128538783,0.070046218,0.0446873268,2.02660666e-05,0.0,0.927694,26.02835607,60.7633,14.6721,0.694346,21.13083947
bandGap+ElectronAffinity.iv,22,9,1.4,4.066,0.030282,25.9436009,1.83114246,27.9436031,0.0457075692,1.58678791,0.128547717,0.0700992601,0.0456851683,2.24009858e-05,0.0,0.927694,26.02835607,60.7633,14.6721,0.694346,21.13083947
bandGap+ElectronAffinity.iv,22,10,1.4,4.066,0.050577,25.8846034,1.87013986,27.9436031,0.0467567511,1.62467481,0.128556671,0.0701516314,0.0467319316,2.48195035e-05,0.0,0.927694,26.02835607,60.7633,14.6721,0.694346,21.13083947
bandGap+ElectronAffinity.iv,22,11,1.4,4.066,0.070882,25.8236813,1.91106199,27.9436031,0.0478590297,1.66443402,0.128565646,0.0702032958,0.0478314647,2.75650523e-05,0.0,0.927694,26.02835607,60.7633,14.6721,0.694346,21.13083947
bandGap+ElectronAffinity.iv,22,12,1.4,4.066,0.091196,25.7607015,1.95404173,27.9436031,0.0490187224,1.70619415,0.128574645,0.0702542139,0.0489880341,3.06883162e-05,0.0,0.927694,26.02835607,60.7633,14.6721,0.694346,21.13083947
bandGap+ElectronAffinity.iv,22,13,1.4,4.066,0.111522,25.6955213,1.99922192,27.9436031,0.050240631,1.75009328,0.128583669,0.0703043435,0.0502063825,3.42484861e-05,0.0,0.927694,26.02835607,60.7633,14.6721,0.694346,21.13083947
bandGap+ElectronAffinity.iv,22,14,1.4,4.066,0.13186,25.6279872,2.04675596,27.9436031,0.051530111,1.79627949,0.12859272,0.0703536388,0.0514917963,3.83147276e-05,0.0,0.927694,26.02835607,60.7633,14.6721,0.694346,21.13083947
bandGap+ElectronAffinity.iv,22,15,1.4,4.066,0.15221,25.5579347,2.09680842,27.9436031,0.0528931519,1.84491142,0.128601801,0.0704020506,0.052850184,4.29678932e-05,0.0,0.927694,26.02835607,60.7633,14.6721,0.694346,21.13083947
bandGap+ElectronAffinity.iv,22,16,1.4,4.066,0.172574,25.4851873,2.14955574,27.9436031,0.0543364714,1.89615883,0.128610915,0.0704495265,0.0542881689,4.83025139e-05,0.0,0.927694,26.02835607,60.7633,14.6721,0.694346,21.13083947
bandGap+ElectronAffinity.iv,22,17,1.4,4.066,0.192952,25.4095562,2.20518687,27.9436031,0.0558676265,1.95020317,0.128620065,0.0704960109,0.0558131974,5.44291089e-05,0.0,0.927694,26.02835607,60.7633,14.6721,0.694346,21.13083947
bandGap+ElectronAffinity.iv,22,18,1.4,4.066,0.213346,25.3308389,2.26390404,27.9436031,0.0574951445,2.0072382,0.128629254,0.0705414449,0.0574336676,6.14768567e-05,0.0,0.927694,26.02835607,60.7633,14.6721,0.694346,21.13083947
bandGap+ElectronAffinity.iv,22,19,1.4,4.066,0.233756,25.2488193,2.32592361,27.9436031,0.0592286786,2.06747068,0.128638486,0.0705857671,0.0591590819,6.95966734e-05,0.0,0.927694,26.02835607,60.7633,14.6721,0.694346,21.13083947
bandGap+ElectronAffinity.iv,22,20,1.4,4.066,0.254184,25.1632659,2.391477,27.9436031,0.0610791936,2.13112112,0.128647767,0.0706289138,0.0610002289,7.89647504e-05,0.0,0.927694,26.02835607,60.7633,14.6721,0.694346,21.13083947
bandGap+ElectronAffinity.iv,22,21,1.4,4.066,0.27463,25.0739309,2.4608119,27.9436031,0.0630591886,2.19842479,0.128657102,0.0706708199,0.062969402,8.97866093e-05,0.0,0.927694,26.02835607,60.7633,14.6721,0.694346,21.13083947
bandGap+ElectronAffinity.iv,22,22,1.4,4.066,0.295097,24.9805489,2.53419381,27.9436031,0.0651829661,2.26963293,0.128666495,0.0707114194,0.0650806644,0.00010230174,0.0,0.927694,26.02835607,60.7633,14.6721,0.694346,21.13083947
bandGap+ElectronAffinity.iv,22,23,1.4,4.066,0.315586,24.8828347,2.61190798,27.9436031,0.0674669624,2.34501441,0.128675955,0.070750647,0.0673501735,0.000116788908,0.0,0.927694,26.02835607,60.7633,14.6721,0.694346,21.13083947
bandGap+ElectronAffinity.iv,22,24,1.4,4.066,0.336098,24.7804805,2.69426208,27.9436031,0.0699301564,2.42485799,0.128685487,0.0707884391,0.0697965842,0.00013357222,0.0,0.927694,26.02835607,60.7633,14.6721,0.694346,21.13083947
bandGap+ElectronAffinity.iv,22,25,1.4,4.066,0.356634,24.6731526,2.78158989,27.9436031,0.0725945891,2.50947547,0.1286951,0.0708247349,0.072441561,0.000153028106,0.0,0.927694,26.02835607,60.7633,14.6721,0.694346,21.13083947
bandGap+ElectronAffinity.iv,22,26,1.4,4.066,0.377198,24.560486,2.87425641,27.9436031,0.0754860397,2.59920609,0.128704802,0.0708594789,0.0753104464,0.000175593367,0.0,0.927694,26.02835607,60.7633,14.6721,0.694346,21.13083947
bandGap+ElectronAffinity.iv,22,27,1.4,4.066,0.39779,24.4420771,2.9726651,27.9436031,0.0786349405,2.69442294,0.128714601,0.0708926217,0.0784331659,0.000201774585,0.0,0.927694,26.02835607,60.7633,14.6721,0.694346,21.13083947
bandGap+ElectronAffinity.iv,22,28,1.4,4.066,0.418413,24.3174735,3.0772686,27.9436031,0.0820776679,2.7955423,0.128724509,0.070924122,0.0818455087,0.00023215923,0.0,0.927694,26.02835607,60.7633,14.6721,0.694346,21.13083947
bandGap+ElectronAffinity.iv,22,29,1.4,4.066,0.439069,24.1861572,3.18858478,27.9436031,0.0858584491,2.90303785,0.128734535,0.0709539482,0.08559102,0.000267429048,0.0,0.927694,26.02835607,60.7633,14.6721,0.694346,21.13083947
bandGap+ElectronAffinity.iv,22,30,1.4,4.066,0.459762,24.04752,3.30722184,27.9436031,0.0900322892,3.01746278,0.12874469,0.0709820799,0.0897239127,0.000308376545,0.0,0.927694,26.02835607,60.7633,14.6721,0.694346,21.13083947
bandGap+ElectronAffinity.iv,22,31,1.4,4.066,0.480496,23.9008226,3.43391904,27.9436031,0.0946696019,3.13948595,0.128754985,0.0710085088,0.094313676,0.000355925941,0.0,0.927694,26.02835607,60.7633,14.6721,0.694346,21.13083947
bandGap+ElectronAffinity.iv,22,32,1.4,4.066,0.501274,23.7451264,3.569615,27.9436031,0.0998636543,3.26995268,0.128765432,0.0710332398,0.0994524935,0.00041116082,0.0,0.927694,26.02835607,60.7633,14.6721,0.694346,21.13083947
bandGap+ElectronAffinity.iv,22,33,1.4,4.066,0.522104,23.5791757,3.71556541,27.9436031,0.105742593,3.40999048,0.128776044,0.0710562915,0.10526723,0.00047536245,0.0,0.927694,26.02835607,60.7633,14.6721,0.694346,21.13083947
bandGap+ElectronAffinity.iv,22,34,1.4,4.066,0.542994,23.4011904,3.87355046,27.9436031,0.112488736,3.56119719,0.128786832,0.0710776964,0.11193867,0.000550066054,0.0,0.927694,26.02835607,60.7633,14.6721,0.694346,21.13083947
bandGap+ElectronAffinity.iv,22,35,1.4,4.066,0.563958,23.208495,4.04624555,27.9436031,0.120369067,3.72598117,0.128797808,0.0710975017,0.119731918,0.000637148952,0.0,0.927694,26.02835607,60.7633,14.6721,0.694346,21.13083947
bandGap+ElectronAffinity.iv,22,36,1.4,4.066,0.585016,22.9968509,4.23788926,27.9436031,0.129782523,3.90818198,0.128808986,0.0711157701,0.129043546,0.000738977805,0.0,0.927694,26.02835607,60.7633,14.6721,0.694346,21.13083947
bandGap+ElectronAffinity.iv,22,37,1.4,4.066,0.606204,22.7592486,4.45549125,27.9436031,0.141331999,4.1142063,0.128820375,0.0711325819,0.14047333,0.000858669089,0.0,0.927694,26.02835607,60.7633,14.6721,0.694346,21.13083947
bandGap+ElectronAffinity.iv,22,38,1.4,4.066,0.627581,22.4837257,4.7110135,27.9436031,0.155932367,4.35510111,0.128831988,0.0711480401,0.154931797,0.00100057056,0.0,0.927694,26.02835607,60.7633,14.6721,0.694346,21.13083947
bandGap+ElectronAffinity.iv,22,39,1.4,4.066,0.649253,22.1494584,5.02528017,27.9436031,0.174970615,4.65030344,0.128843831,0.0711622804,0.173799439,0.00117117613,0.0,0.927694,26.02835607,60.7633,14.6721,0.694346,21.13083947
bandGap+ElectronAffinity.iv,22,40,1.4,4.066,0.671401,21.7198662,5.43487142,27.9436031,0.20053885,5.03430117,0.128855907,0.0711754914,0.199157969,0.00138088072,0.0,0.927694,26.02835607,60.7633,14.6721,0.694346,21.13083947
bandGap+ElectronAffinity.iv,22,41,1.4,4.066,0.694346,21.1308395,6.00389687,27.9436031,0.235758413,5.5680823,0.128868212,0.0711879508,0.234111109,0.00164730435,0.0,0.927694,26.02835607,60.7633,14.6721,0.694346,21.13083947
bandGap+ElectronAffinity.iv,22,42,1.4,4.066,0.718641,20.271826,6.84290812,27.9436031,0.285181497,6.35764581,0.128880726,0.0712000907,0.283180184,0.00200131256,0.0,0.927694,26.02835607,60.7633,14.6721,0.694346,21.13083947
bandGap+ElectronAffinity.iv,22,43,1.4,4.066,0.745205,18.9590798,8.13570134,27.9436031,0.355139102,7.58045624,0.128893399,0.0712126027,0.352642297,0.00249680519,0.0,0.927694,26.02835607,60.7633,14.6721,0.694346,21.13083947
bandGap+ElectronAffinity.iv,22,44,1.4,4.066,0.77546,16.9079317,10.166842,27.9436031,0.453606006,9.51310326,0.128906143,0.0712266064,0.450382825,0.00322318022,0.0,0.927694,26.02835607,60.7633,14.6721,0.694346,21.13083947
bandGap+ElectronAffinity.iv,22,45,1.4,4.066,0.811331,13.7338149,13.3209774,27.9436031,0.588547788,12.532267,0.128918788,0.0712438539,0.584237755,0.00431003264,0.0,0.927694,26.02835607,60.7633,14.6721,0.694346,21.13083947
bandGap+ElectronAffinity.iv,22,46,1.4,4.066,0.854759,9.0482137,17.9865764,27.9436031,0.7633624,17.0230161,0.128931071,0.0712668237,0.757468672,0.00589372833,0.0,0.927694,26.02835607,60.7633,14.6721,0.694346,21.13083947
bandGap+ElectronAffinity.iv,22,47,1.4,4.066,0.906393,2.72149602,24.2932903,27.9436031,0.96946699,23.1235821,0.128942576,0.0712986105,0.961454472,0.00801251777,0.0,0.927694,26.02835607,60.7633,14.6721,0.694346,21.13083947
bandGap+ElectronAffinity.iv,22,48,1.4,4.066,0.963826,-4.76520874,31.7599896,27.9436031,1.18174833,30.377946,0.128952744,0.0713425194,1.17128392,0.0104644052,0.0,0.927694,26.02835607,60.7633,14.6721,0.694346,21.13083947
bandGap+ElectronAffinity.iv,22,49,1.4,4.066,1.021258,-12.2515444,39.2262913,27.9436031,1.3667377,37.659192,0.128960996,0.0714005339,1.35392491,0.0128127918,0.0,0.927694,26.02835607,60.7633,14.6721,0.694346,21.13083947
bandGap+ElectronAffinity.iv,22,50,1.4,4.066,1.072275,-18.4550896,45.4097615,27.9436031,1.50172944,43.7075928,0.128966977,0.0714722504,1.48708143,0.0146480123,0.0,0.927694,26.02835607,60.7633,14.6721,0.694346,21.13083947
bandGap+ElectronAffinity.iv,22,51,1.4,4.066,1.113741,-22.7482122,49.6829681,27.9436031,1.58577435,47.8966677,0.128970791,0.071555303,1.56992652,0.0158478336,0.0,0.927694,26.02835607,60.7633,14.6721,0.694346,21.13083947
bandGap+ElectronAffinity.iv,22,52,1.4,4.066,1.146629,-25.3258827,52.2406491,27.9436031,1.6325198,50.4075113,0.128972977,0.0716450033,1.61598642,0.0165333716,0.0,0.927694,26.02835607,60.7633,14.6721,0.694346,21.13083947
bandGap+ElectronAffinity.iv,22,53,1.4,4.066,1.173743,-26.7486941,53.6434499,27.9436031,1.65707882,51.7856598,0.128974153,0.0717371314,1.6401802,0.0168986159,0.0,0.927694,26.02835607,60.7633,14.6721,0.694346,21.13083947
bandGap+ElectronAffinity.iv,22,54,1.4,4.066,1.197588,-27.5175412,54.3922893,27.9436031,1.66986573,52.5216183,0.128974775,0.0718305157,1.6527754,0.0170903371,0.0,0.927694,26.02835607,60.7633,14.6721,0.694346,21.13083947
bandGap+ElectronAffinity.iv,22,55,1.4,4.066,1.219742,-27.9484057,54.8031559,27.9436031,1.67678569,52.9254713,0.128975114,0.0719238069,1.65959114,0.0171945484,0.0,0.927694,26.02835607,60.7633,14.6721,0.694346,21.13083947
bandGap+ElectronAffinity.iv,22,56,1.4,4.066,1.24106,-28.2120312,55.0467753,27.9436031,1.6808565,53.1649275,0.128975314,0.0720159412,1.66360049,0.0172560095,0.0,0.927694,26.02835607,60.7633,14.6721,0.694346,21.13083947
bandGap+ElectronAffinity.iv,22,57,1.4,4.066,1.261967,-28.3934427,55.208184,27.9436031,1.68354031,53.3235631,0.128975446,0.0721051757,1.66624372,0.0172965947,0.0,0.927694,26.02835607,60.7633,14.6721,0.694346,21.13083947
bandGap+ElectronAffinity.iv,22,58,1.4,4.066,1.282673,-28.5346318,55.3293763,27.9436031,1.68554818,53.4426583,0.128975546,0.0721942629,1.66822118,0.017326998,0.0,0.927694,26.02835607,60.7633,14.6721,0.694346,21.13083947
bandGap+ElectronAffinity.iv,22,59,1.4,4.066,1.303275,-28.6549216,55.4296627,27.9436031,1.68720518,53.5412,0.128975628,0.0722818606,1.66985307,0.0173521103,0.0,0.927694,26.02835607,60.7633,14.6721,0.694346,21.13083947
bandGap+ElectronAffinity.iv,22,60,1.4,4.066,1.323818,-28.7636408,55.5183802,27.9436031,1.68866759,53.6283692,0.1289757,0.0723676797,1.6712933,0.0173742908,0.0,0.927694,26.02835607,60.7633,14.6721,0.694346,21.13083947
bandGap+ElectronAffinity.iv,22,61,1.4,4.066,1.344326,-28.8652924,55.6000332,27.9436031,1.69001071,53.7085947,0.128975767,0.0724520193,1.67261604,0.017394676,0.0,0.927694,26.02835607,60.7633,14.6721,0.694346,21.13083947
bandGap+ElectronAffinity.iv,23,1,1.4,4.165,-0.131775,26.3549677,1.57977681,27.9436031,0.0392732259,1.34225247,0.128469432,0.0697816864,0.0392661609,7.06498823e-06,0.0,0.950716,26.01977227,59.059,14.6097,0.718304,20.33911004
bandGap+ElectronAffinity.iv,23,2,1.4,4.165,-0.111536,26.3071491,1.60759186,27.9436031,0.0400325905,1.36923839,0.128477682,0.0698432022,0.0400249042,7.68637117e-06,0.0,0.950716,26.01977227,59.059,14.6097,0.718304,20.33911004
bandGap+ElectronAffinity.iv,23,3,1.4,4.165,-0.091291,26.2581204,1.63662028,27.9436031,0.0408228949,1.39740698,0.128485898,0.0699045064,0.0408145234,8.37153132e-06,0.0,0.950716,26.01977227,59.059,14.6097,0.718304,20.33911004
bandGap+ElectronAffinity.iv,23,4,1.4,4.165,-0.071039,26.2077949,1.66694544,27.9436031,0.0416460433,1.42683971,0.12849408,0.0699655997,0.0416369159,9.12736086e-06,0.0,0.950716,26.01977227,59.059,14.6097,0.718304,20.33911004
bandGap+ElectronAffinity.iv,23,5,1.4,4.165,-0.05078,26.156082,1.69865799,27.9436031,0.0425041014,1.45762518,0.128502223,0.0700264836,0.0424941399,9.96149215e-06,0.0,0.950716,26.01977227,59.059,14.6097,0.718304,20.33911004
bandGap+ElectronAffinity.iv,23,6,1.4,4.165,-0.030514,26.1028829,1.73185673,27.9436031,0.0433993052,1.48985994,0.128510325,0.07008716,0.0433884228,1.0882396e-05,0.0,0.950716,26.01977227,59.059,14.6097,0.718304,20.33911004
bandGap+ElectronAffinity.iv,23,7,1.4,4.165,-0.01024,26.0480899,1.76664937,27.9436031,0.0443340778,1.52364928,0.128518382,0.0701476304,0.0443221783,1.18994762e-05,0.0,0.950716,26.01977227,59.059,14.6097,0.718304,20.33911004
bandGap+ElectronAffinity.iv,23,8,1.4,4.165,0.010042,25.9915851,1.80315347,27.9436031,0.0453110491,1.55910814,0.12852639,0.0702078964,0.0452980259,1.30231758e-05,0.0,0.950716,26.01977227,59.059,14.6097,0.718304,20.33911004
bandGap+ElectronAffinity.iv,23,9,1.4,4.165,0.030334,25.9332408,1.84149739,27.9436031,0.0463330771,1.59636201,0.128534346,0.0702679597,0.046318812,1.42650974e-05,0.0,0.950716,26.01977227,59.059,14.6097,0.718304,20.33911004
bandGap+ElectronAffinity.iv,23,10,1.4,4.165,0.050635,25.8729163,1.88182132,27.9436031,0.0474032733,1.63554798,0.128542246,0.0703278217,0.0473876352,1.56381401e-05,0.0,0.950716,26.01977227,59.059,14.6097,0.718304,20.33911004
bandGap+ElectronAffinity.iv,23,11,1.4,4.165,0.070948,25.8104582,1.92427843,27.9436031,0.0485250305,1.67681583,0.128550085,0.0703874836,0.0485078738,1.71566553e-05,0.0,0.950716,26.01977227,59.059,14.6097,0.718304,20.33911004
bandGap+ElectronAffinity.iv,23,12,1.4,4.165,0.091271,25.7457002,1.96903606,27.9436031,0.0497020552,1.7203292,0.12855786,0.0704469464,0.0496832186,1.88366267e-05,0.0,0.950716,26.01977227,59.059,14.6097,0.718304,20.33911004
bandGap+ElectronAffinity.iv,23,13,1.4,4.165,0.111608,25.6784587,2.01627702,27.9436031,0.0509384052,1.76626684,0.128565566,0.070506211,0.0509177093,2.06958786e-05,0.0,0.950716,26.01977227,59.059,14.6097,0.718304,20.33911004
bandGap+ElectronAffinity.iv,23,14,1.4,4.165,0.131957,25.6085337,2.06620092,27.9436031,0.0522385323,1.81482391,0.1285732,0.0705652778,0.052215778,2.2754319e-05,0.0,0.950716,26.01977227,59.059,14.6097,0.718304,20.33911004
bandGap+ElectronAffinity.iv,23,15,1.4,4.165,0.152321,25.535708,2.11902557,27.9436031,0.0536073336,1.86621333,0.128580757,0.0706241467,0.0535822994,2.5034226e-05,0.0,0.950716,26.01977227,59.059,14.6097,0.718304,20.33911004
bandGap+ElectronAffinity.iv,23,16,1.4,4.165,0.172701,25.4597439,2.17498838,27.9436031,0.0550502103,1.92066712,0.128588232,0.070682817,0.0550226497,2.75605876e-05,0.0,0.950716,26.01977227,59.059,14.6097,0.718304,20.33911004
bandGap+ElectronAffinity.iv,23,17,1.4,4.165,0.193098,25.3803836,2.23434785,27.9436031,0.0565731391,1.9784378,0.128595622,0.0707412873,0.0565427776,3.03615099e-05,0.0,0.950716,26.01977227,59.059,14.6097,0.718304,20.33911004
bandGap+ElectronAffinity.iv,23,18,1.4,4.165,0.213513,25.2973453,2.29738487,27.9436031,0.0581827579,2.03979963,0.128602922,0.0707995554,0.0581492892,3.3468709e-05,0.0,0.950716,26.01977227,59.059,14.6097,0.718304,20.33911004
bandGap+ElectronAffinity.iv,23,19,1.4,4.165,0.233948,25.2103252,2.36440409,27.9436031,0.0598864704,2.10504987,0.128610128,0.070857618,0.0598495523,3.6918113e-05,0.0,0.950716,26.01977227,59.059,14.6097,0.718304,20.33911004
bandGap+ElectronAffinity.iv,23,20,1.4,4.165,0.254405,25.1189921,2.43573508,27.9436031,0.0616925762,2.17450979,0.128617236,0.0709154701,0.0616518256,4.0750602e-05,0.0,0.950716,26.01977227,59.059,14.6097,0.718304,20.33911004
bandGap+ElectronAffinity.iv,23,21,1.4,4.165,0.274885,25.0230077,2.51173493,27.9436031,0.0636105124,2.24852707,0.128624237,0.0709731115,0.0635655007,4.50116901e-05,0.0,0.950716,26.01977227,59.059,14.6097,0.718304,20.33911004
bandGap+ElectronAffinity.iv,23,22,1.4,4.165,0.29539,24.9219595,2.59278299,27.9436031,0.0656507645,2.32747057,0.128631138,0.0710305225,0.0656010072,4.97573406e-05,0.0,0.950716,26.01977227,59.059,14.6097,0.718304,20.33911004
bandGap+ElectronAffinity.iv,23,23,1.4,4.165,0.315923,24.8154526,2.6792897,27.9436031,0.0678255814,2.41173849,0.12863793,0.0710876976,0.0677705326,5.50488066e-05,0.0,0.950716,26.01977227,59.059,14.6097,0.718304,20.33911004
bandGap+ElectronAffinity.iv,23,24,1.4,4.165,0.336485,24.7030507,2.77169148,27.9436031,0.0701490658,2.50175318,0.12864461,0.071144623,0.0700881071,6.09586867e-05,0.0,0.950716,26.01977227,59.059,14.6097,0.718304,20.33911004
bandGap+ElectronAffinity.iv,23,25,1.4,4.165,0.357079,24.58429,2.87045191,27.9436031,0.0726377585,2.59796169,0.128651176,0.0712012812,0.0725701862,6.75723278e-05,0.0,0.950716,26.01977227,59.059,14.6097,0.718304,20.33911004
bandGap+ElectronAffinity.iv,23,26,1.4,4.165,0.377707,24.4586803,2.97606145,27.9436031,0.0753113697,2.70083481,0.128657626,0.0712576504,0.0752363787,7.49909551e-05,0.0,0.950716,26.01977227,59.059,14.6097,0.718304,20.33911004
bandGap+ElectronAffinity.iv,23,27,1.4,4.165,0.398371,24.3257038,3.08903766,27.9436031,0.0781938445,2.81086616,0.128663958,0.071313703,0.0781105087,8.33357988e-05,0.0,0.950716,26.01977227,59.059,14.6097,0.718304,20.33911004
bandGap+ElectronAffinity.iv,23,28,1.4,4.165,0.419076,24.1848148,3.20992634,27.9436031,0.0813149613,2.9285718,0.12867017,0.071369405,0.0812222077,9.27536133e-05,0.0,0.950716,26.01977227,59.059,14.6097,0.718304,20.33911004
bandGap+ElectronAffinity.iv,23,29,1.4,4.165,0.439823,24.0354355,3.33930537,27.9436031,0.084712791,3.05449161,0.128676263,0.0714247142,0.0846093668,0.000103424184,0.0,0.950716,26.01977227,59.059,14.6097,0.718304,20.33911004
bandGap+ElectronAffinity.iv,23,30,1.4,4.165,0.460615,23.8769468,3.47779363,27.9436031,0.0884375617,3.18919425,0.128682236,0.0714795784,0.088321991,0.000115570761,0.0,0.950716,26.01977227,59.059,14.6097,0.718304,20.33911004
bandGap+ElectronAffinity.iv,23,31,1.4,4.165,0.481457,23.7086704,3.62606962,27.9436031,0.0925578362,3.33328976,0.128688092,0.0715339336,0.0924283612,0.00012947494,0.0,0.950716,26.01977227,59.059,14.6097,0.718304,20.33911004
bandGap+ElectronAffinity.iv,23,32,1.4,4.165,0.502351,23.5298319,3.78490768,27.9436031,0.0971704686,3.48745568,0.128693831,0.0715877013,0.09702497,0.000145498626,0.0,0.950716,26.01977227,59.059,14.6097,0.718304,20.33911004
bandGap+ElectronAffinity.iv,23,33,1.4,4.165,0.523303,23.3394938,3.95524525,27.9436031,0.102416682,3.65248832,0.128699458,0.0716407858,0.102252564,0.000164117704,0.0,0.950716,26.01977227,59.059,14.6097,0.718304,20.33911004
bandGap+ElectronAffinity.iv,23,34,1.4,4.165,0.544318,23.1364342,4.13830432,27.9436031,0.108507864,3.8293984,0.128704977,0.0716930719,0.108321888,0.000185976024,0.0,0.950716,26.01977227,59.059,14.6097,0.718304,20.33911004
bandGap+ElectronAffinity.iv,23,35,1.4,4.165,0.565405,22.9189313,4.33580654,27.9436031,0.115766433,4.01958529,0.128710394,0.0717444221,0.115554457,0.000211976035,0.0,0.950716,26.01977227,59.059,14.6097,0.718304,20.33911004
bandGap+ElectronAffinity.iv,23,36,1.4,4.165,0.586578,22.6843871,4.55035011,27.9436031,0.124689486,4.22515023,0.128715719,0.0717946751,0.124446048,0.000243437854,0.0,0.950716,26.01977227,59.059,14.6097,0.718304,20.33911004
bandGap+ElectronAffinity.iv,23,37,1.4,4.165,0.607857,22.4286701,4.78606629,27.9436031,0.13604617,4.44945551,0.128720962,0.0718436457,0.13576378,0.000282389589,0.0,0.950716,26.01977227,59.059,14.6097,0.718304,20.33911004
bandGap+ElectronAffinity.iv,23,38,1.4,4.165,0.629275,22.1449738,5.04976176,27.9436031,0.151024463,4.69812004,0.128726135,0.0718911287,0.150692349,0.000332113813,0.0,0.950716,26.01977227,59.059,14.6097,0.718304,20.33911004
bandGap+ElectronAffinity.iv,23,39,1.4,4.165,0.650891,21.8218264,5.35290837,27.9436031,0.171450216,4.98078999,0.128731257,0.0719369072,0.171052018,0.000398198144,0.0,0.950716,26.01977227,59.059,14.6097,0.718304,20.33911004
bandGap+ElectronAffinity.iv,23,40,1.4,4.165,0.672801,21.4397052,5.71507786,27.9436031,0.200111778,5.31424896,0.12873635,0.0719807731,0.199621211,0.000490567656,0.0,0.950716,26.01977227,59.059,14.6097,0.718304,20.33911004
bandGap+ElectronAffinity.iv,23,41,1.4,4.165,0.695176,20.9647415,6.17004081,27.9436031,0.241229229,5.72804759,0.128741441,0.072022544,0.240601762,0.000627466348,0.0,0.950716,26.01977227,59.059,14.6097,0.718304,20.33911004
bandGap+ElectronAffinity.iv,23,42,1.4,4.165,0.718304,20.33911,6.77567109,27.9436031,0.301110599,6.27375179,0.128746572,0.0720621271,0.300267692,0.000842907107,0.0,0.950716,26.01977227,59.059,14.6097,0.718304,20.33911004
bandGap+ElectronAffinity.iv,23,43,1.4,4.165,0.742677,19.4646503,7.6301299,27.9436031,0.388953986,7.04032454,0.128751796,0.0720995806,0.387753757,0.00120022884,0.0,0.950716,26.01977227,59.059,14.6097,0.718304,20.33911004
bandGap+ElectronAffinity.iv,23,44,1.4,4.165,0.769098,18.1804552,8.89432422,27.9436031,0.517537022,8.17589478,0.128757197,0.0721352235,0.515722959,0.0018140627,0.0,0.950716,26.01977227,59.059,14.6097,0.718304,20.33911004
bandGap+ElectronAffinity.iv,23,45,1.4,4.165,0.798797,16.2406837,10.8140953,27.9436031,0.702944808,9.91021784,0.128762896,0.0721697806,0.700066558,0.00287824945,0.0,0.950716,26.01977227,59.059,14.6097,0.718304,20.33911004
bandGap+ElectronAffinity.iv,23,46,1.4,4.165,0.833407,13.3186973,13.7160819,27.9436031,0.961519176,12.5535892,0.128769048,0.0722045399,0.956840012,0.00467916402,0.0,0.950716,26.01977227,59.059,14.6097,0.718304,20.33911004
bandGap+ElectronAffinity.iv,23,47,1.4,4.165,0.874543,9.09135173,17.9234258,27.9436031,1.30184537,16.4205632,0.128775813,0.0722414242,1.29430538,0.007539991,0.0,0.950716,26.01977227,59.059,14.6097,0.718304,20.33911004
bandGap+ElectronAffinity.iv,23,48,1.4,4.165,0.922772,3.44563856,23.5491542,27.9436031,1.7128104,21.6352777,0.128783242,0.0722828211,1.70117478,0.0116356199,0.0,0.950716,26.01977227,59.059,14.6097,0.718304,20.33911004
bandGap+ElectronAffinity.iv,23,49,1.4,4.165,0.976396,-3.27914419,30.2539546,27.9436031,2.15656228,27.8962702,0.128791107,0.0723310493,2.13982318,0.0167391046,0.0,0.950716,26.01977227,59.059,14.6097,0.718304,20.33911004
bandGap+ElectronAffinity.iv,23,50,1.4,4.165,1.031272,-10.2543881,37.2093239,27.9436031,2.57763731,34.4304998,0.128798861,0.0723879943,2.55548198,0.022155329,0.0,0.950716,26.01977227,59.059,14.6097,0.718304,20.33911004
bandGap+ElectronAffinity.iv,23,51,1.4,4.165,1.082384,-16.476726,43.4112531,27.9436031,2.92544441,40.2845488,0.128805681,0.0724541556,2.89844626,0.0269981546,0.0,0.950716,26.01977227,59.059,14.6097,0.718304,20.33911004
bandGap+ElectronAffinity.iv,23,52,1.4,4.165,1.126113,-21.222652,48.1371593,27.9436031,3.17554144,44.7602779,0.128810942,0.0725290297,3.1448668,0.0306746338,0.0,0.950716,26.01977227,59.059,14.6097,0.718304,20.33911004
bandGap+ElectronAffinity.iv,23,53,1.4,4.165,1.161765,-24.3530062,51.2481983,27.9436031,3.33393761,47.7128361,0.128814468,0.0726101018,3.30084851,0.0330890959,0.0,0.950716,26.01977227,59.059,14.6097,0.718304,20.33911004
bandGap+ElectronAffinity.iv,23,54,1.4,4.165,1.191004,-26.2008973,53.0752806,27.9436031,3.42388084,49.4498888,0.128816539,0.072694371,3.38941087,0.0344699698,0.0,0.950716,26.01977227,59.059,14.6097,0.718304,20.33911004
bandGap+ElectronAffinity.iv,23,55,1.4,4.165,1.216115,-27.2230508,54.0784412,27.9436031,3.47336874,50.4034733,0.128817711,0.0727814649,3.43811237,0.0352563643,0.0,0.950716,26.01977227,59.059,14.6097,0.718304,20.33911004
bandGap+ElectronAffinity.iv,23,56,1.4,4.165,1.23895,-27.7900132,54.6252909,27.9436031,3.49974606,50.9238576,0.128818341,0.0728689216,3.46407691,0.0356691455,0.0,0.950716,26.01977227,59.059,14.6097,0.718304,20.33911004
bandGap+ElectronAffinity.iv,23,57,1.4,4.165,1.26061,-28.1219354,54.9373303,27.9436031,3.51483384,51.2207224,0.128818705,0.0729553932,3.4789255,0.035908333,0.0,0.950716,26.01977227,59.059,14.6097,0.718304,20.33911004
bandGap+ElectronAffinity.iv,23,58,1.4,4.165,1.281693,-28.338593,55.1329571,27.9436031,3.5236295,51.407468,0.128818914,0.0730407648,3.48759612,0.0360333793,0.0,0.950716,26.01977227,59.059,14.6097,0.718304,20.33911004
bandGap+ElectronAffinity.iv,23,59,1.4,4.165,1.302484,-28.4967483,55.2711155,27.9436031,3.53025125,51.5389206,0.128819075,0.0731245797,3.49411327,0.0361379792,0.0,0.950716,26.01977227,59.059,14.6097,0.718304,20.33911004
bandGap+ElectronAffinity.iv,23,60,1.4,4.165,1.323125,-28.6249599,55.3803707,27.9436031,3.53608492,51.6422594,0.128819219,0.0732071417,3.49984086,0.0362440585,0.0,0.950716,26.01977227,59.059,14.6097,0.718304,20.33911004
bandGap+ElectronAffinity.iv,23,61,1.4,4.165,1.343694,-28.7387406,55.4741249,27.9436031,3.5405521,51.7314652,0.128819328,0.0732882736,3.50423774,0.0363143542,0.0,0.950716,26.01977227,59.059,14.6097,0.718304,20.33911004
bandGap+ElectronAffinity.iv,24,1,1.4,4.266,-0.131855,26.3710398,1.56385209,27.9436031,0.0421525599,1.32345867,0.128353681,0.0698871755,0.0420536498,9.89101409e-05,0.0,0.880179,26.03023761,56.9747,13.0536,0.637641,20.47174297
bandGap+ElectronAffinity.iv,24,2,1.4,4.266,-0.111615,26.322986,1.59189897,27.9436031,0.0430912194,1.35049785,0.128357632,0.0699522689,0.042986198,0.000105021362,0.0,0.880179,26.03023761,56.9747,13.0536,0.637641,20.47174297
bandGap+ElectronAffinity.iv,24,3,1.4,4.266,-0.091368,26.2735546,1.62133011,27.9436031,0.0440733689,1.37887806,0.128361483,0.0700171968,0.0439618963,0.000111472607,0.0,0.880179,26.03023761,56.9747,13.0536,0.637641,20.47174297
bandGap+ElectronAffinity.iv,24,4,1.4,4.266,-0.071113,26.2226256,1.65225844,27.9436031,0.0451019003,1.40870935,0.128365241,0.0700819511,0.0449836125,0.000118287821,0.0,0.880179,26.03023761,56.9747,13.0536,0.637641,20.47174297
bandGap+ElectronAffinity.iv,24,5,1.4,4.266,-0.05085,26.1700763,1.68480728,27.9436031,0.0461800067,1.44011183,0.128368909,0.0701465299,0.0460545189,0.000125487859,0.0,0.880179,26.03023761,56.9747,13.0536,0.637641,20.47174297
bandGap+ElectronAffinity.iv,24,6,1.4,4.266,-0.030579,26.1157706,1.71911229,27.9436031,0.0473111697,1.4732177,0.128372488,0.0702109313,0.0471780745,0.000133095178,0.0,0.880179,26.03023761,56.9747,13.0536,0.637641,20.47174297
bandGap+ElectronAffinity.iv,24,7,1.4,4.266,-0.010298,26.0595599,1.75532283,27.9436031,0.0484991918,1.50817251,0.12837598,0.0702751537,0.0483580578,0.000141134009,0.0,0.880179,26.03023761,56.9747,13.0536,0.637641,20.47174297
bandGap+ElectronAffinity.iv,24,8,1.4,4.266,0.009994,26.0012786,1.79360336,27.9436031,0.049748235,1.54513654,0.128379386,0.0703391951,0.0495986044,0.000149630556,0.0,0.880179,26.03023761,56.9747,13.0536,0.637641,20.47174297
bandGap+ElectronAffinity.iv,24,9,1.4,4.266,0.030296,25.9407463,1.83413491,27.9436031,0.0510628638,1.58428628,0.128382709,0.0704030537,0.0509042506,0.000158613209,0.0,0.880179,26.03023761,56.9747,13.0536,0.637641,20.47174297
bandGap+ElectronAffinity.iv,24,10,1.4,4.266,0.050611,25.8777636,1.87711675,27.9436031,0.0524480971,1.62581597,0.12838595,0.0704667278,0.0522799843,0.000168112799,0.0,0.880179,26.03023761,56.9747,13.0536,0.637641,20.47174297
bandGap+ElectronAffinity.iv,24,11,1.4,4.266,0.070939,25.8121119,1.92276808,27.9436031,0.0539094677,1.66993928,0.128389112,0.0705302154,0.0537313048,0.000178162889,0.0,0.880179,26.03023761,56.9747,13.0536,0.637641,20.47174297
bandGap+ElectronAffinity.iv,24,12,1.4,4.266,0.091282,25.7435493,1.97132982,27.9436031,0.055453094,1.71689102,0.128392195,0.0705935147,0.0552642939,0.0001888001,0.0,0.880179,26.03023761,56.9747,13.0536,0.637641,20.47174297
bandGap+ElectronAffinity.iv,24,13,1.4,4.266,0.111641,25.671812,2.02306649,27.9436031,0.0570857654,1.7669289,0.128395203,0.0706566239,0.0568857009,0.000200064499,0.0,0.880179,26.03023761,56.9747,13.0536,0.637641,20.47174297
bandGap+ElectronAffinity.iv,24,14,1.4,4.266,0.132017,25.5966099,2.07826801,27.9436031,0.0588150464,1.82033529,0.128398138,0.0707195411,0.0586030464,0.000212000041,0.0,0.880179,26.03023761,56.9747,13.0536,0.637641,20.47174297
bandGap+ElectronAffinity.iv,24,15,1.4,4.266,0.152412,25.5176243,2.13725158,27.9436031,0.0606494048,1.87741892,0.128401,0.0707822642,0.0604247497,0.000224655099,0.0,0.880179,26.03023761,56.9747,13.0536,0.637641,20.47174297
bandGap+ElectronAffinity.iv,24,16,1.4,4.266,0.172827,25.4345117,2.20036344,27.9436031,0.0625983711,1.93851649,0.128403792,0.0708447911,0.0623602881,0.000238083076,0.0,0.880179,26.03023761,56.9747,13.0536,0.637641,20.47174297
bandGap+ElectronAffinity.iv,24,17,1.4,4.266,0.193266,25.3468936,2.26798045,27.9436031,0.0646727423,2.00399407,0.128406517,0.0709071195,0.0644203992,0.000252343143,0.0,0.880179,26.03023761,56.9747,13.0536,0.637641,20.47174297
bandGap+ElectronAffinity.iv,24,18,1.4,4.266,0.213728,25.2543619,2.34051154,27.9436031,0.066884843,2.07424828,0.128409175,0.0709692469,0.0666173419,0.000267501125,0.0,0.880179,26.03023761,56.9747,13.0536,0.637641,20.47174297
bandGap+ElectronAffinity.iv,24,19,1.4,4.266,0.234218,25.1564734,2.41839892,27.9436031,0.0692488696,2.14970711,0.12841177,0.0710311706,0.068965239,0.000283630566,0.0,0.880179,26.03023761,56.9747,13.0536,0.637641,20.47174297
bandGap+ElectronAffinity.iv,24,20,1.4,4.266,0.254736,25.052752,2.50211903,27.9436031,0.0717813498,2.23083049,0.128414303,0.0710928874,0.0714805357,0.000300814046,0.0,0.880179,26.03023761,56.9747,13.0536,0.637641,20.47174297
bandGap+ElectronAffinity.iv,24,21,1.4,4.266,0.275286,24.9427002,2.59219024,27.9436031,0.074501867,2.3181172,0.128416764,0.0711544055,0.0741827506,0.00031911645,0.0,0.880179,26.03023761,56.9747,13.0536,0.637641,20.47174297
bandGap+ElectronAffinity.iv,24,22,1.4,4.266,0.295871,24.8257422,2.68914805,27.9436031,0.0774335323,2.41207964,0.128419179,0.0712156972,0.0770948342,0.000338698157,0.0,0.880179,26.03023761,56.9747,13.0536,0.637641,20.47174297
bandGap+ElectronAffinity.iv,24,23,1.4,4.266,0.316493,24.7013055,2.7935845,27.9436031,0.0806048098,2.51328139,0.128421539,0.0712767691,0.0802451556,0.000359654235,0.0,0.880179,26.03023761,56.9747,13.0536,0.637641,20.47174297
bandGap+ElectronAffinity.iv,24,24,1.4,4.266,0.337156,24.568761,2.9061288,27.9436031,0.0840508829,2.62231646,0.128423845,0.071337615,0.0836687582,0.000382124773,0.0,0.880179,26.03023761,56.9747,13.0536,0.637641,20.47174297
bandGap+ElectronAffinity.iv,24,25,1.4,4.266,0.357863,24.4274272,3.02746233,27.9436031,0.0878163352,2.73982167,0.128426099,0.0713982274,0.0874100619,0.000406273271,0.0,0.880179,26.03023761,56.9747,13.0536,0.637641,20.47174297
bandGap+ElectronAffinity.iv,24,26,1.4,4.266,0.378617,24.276552,3.15833721,27.9436031,0.0919589781,2.86649133,0.128428305,0.0714585971,0.0915266851,0.000432292997,0.0,0.880179,26.03023761,56.9747,13.0536,0.637641,20.47174297
bandGap+ElectronAffinity.iv,24,27,1.4,4.266,0.399424,24.1152774,3.29961152,27.9436031,0.0965555955,3.00310675,0.128430464,0.0715187127,0.0960951795,0.000460416043,0.0,0.880179,26.03023761,56.9747,13.0536,0.637641,20.47174297
bandGap+ElectronAffinity.iv,24,28,1.4,4.266,0.420287,23.9425748,3.45231379,27.9436031,0.101710639,3.15059201,0.128432578,0.0715785598,0.101219712,0.000490926657,0.0,0.880179,26.03023761,56.9747,13.0536,0.637641,20.47174297
bandGap+ElectronAffinity.iv,24,29,1.4,4.266,0.441214,23.7571311,3.61775711,27.9436031,0.107569458,3.31011488,0.128434652,0.0716381205,0.107045277,0.000524181662,0.0,0.880179,26.03023761,56.9747,13.0536,0.637641,20.47174297
bandGap+ElectronAffinity.iv,24,30,1.4,4.266,0.462214,23.5571518,3.79773595,27.9436031,0.114338451,3.48326344,0.128436688,0.0716973723,0.113777808,0.000560642913,0.0,0.880179,26.03023761,56.9747,13.0536,0.637641,20.47174297
bandGap+ElectronAffinity.iv,24,31,1.4,4.266,0.4833,23.3400296,3.9948576,27.9436031,0.122315638,3.67234698,0.128438691,0.0717562867,0.121714707,0.000600930792,0.0,0.880179,26.03023761,56.9747,13.0536,0.637641,20.47174297
bandGap+ElectronAffinity.iv,24,32,1.4,4.266,0.504491,23.101798,4.21308867,27.9436031,0.131936685,3.88089649,0.128440667,0.0718148281,0.13129077,0.000645915327,0.0,0.880179,26.03023761,56.9747,13.0536,0.637641,20.47174297
bandGap+ElectronAffinity.iv,24,33,1.4,4.266,0.525819,22.8362478,4.45863833,27.9436031,0.143843279,4.11447947,0.128442625,0.0718729514,0.143146403,0.000696875589,0.0,0.880179,26.03023761,56.9747,13.0536,0.637641,20.47174297
bandGap+ElectronAffinity.iv,24,34,1.4,4.266,0.547332,22.5335289,4.74135654,27.9436031,0.158982902,4.38199846,0.128444578,0.0719306007,0.158227117,0.000755784311,0.0,0.880179,26.03023761,56.9747,13.0536,0.637641,20.47174297
bandGap+ElectronAffinity.iv,24,35,1.4,4.266,0.56911,22.1779862,5.07689849,27.9436031,0.178750985,4.69771325,0.128446547,0.0719877072,0.177925163,0.000825822465,0.0,0.880179,26.03023761,56.9747,13.0536,0.637641,20.47174297
bandGap+ElectronAffinity.iv,24,36,1.4,4.266,0.591276,21.744899,5.48998479,27.9436031,0.205186873,5.08430516,0.128448562,0.0720441885,0.20427456,0.000912312584,0.0,0.880179,26.03023761,56.9747,13.0536,0.637641,20.47174297
bandGap+ElectronAffinity.iv,24,37,1.4,4.266,0.614021,21.1957499,6.01913296,27.9436031,0.241230704,5.57735163,0.128450673,0.0720999499,0.240206307,0.00102439692,0.0,0.880179,26.03023761,56.9747,13.0536,0.637641,20.47174297
bandGap+ElectronAffinity.iv,24,38,1.4,4.266,0.637641,20.471743,6.72313894,27.9436031,0.291031375,6.23149972,0.128452953,0.0721548907,0.289853397,0.00117797838,0.0,0.880179,26.03023761,56.9747,13.0536,0.637641,20.47174297
bandGap+ElectronAffinity.iv,24,39,1.4,4.266,0.662571,19.4858022,7.68907894,27.9436031,0.360249767,7.12816474,0.128455512,0.0722089206,0.358849157,0.00140060973,0.0,0.880179,26.03023761,56.9747,13.0536,0.637641,20.47174297
bandGap+ElectronAffinity.iv,24,40,1.4,4.266,0.689426,18.1147522,9.04012868,27.9436031,0.456199382,8.3832088,0.128458507,0.072261992,0.45446055,0.00173883187,0.0,0.880179,26.03023761,56.9747,13.0536,0.637641,20.47174297
bandGap+ElectronAffinity.iv,24,41,1.4,4.266,0.719017,16.1966592,10.9382222,27.9436031,0.587484851,10.149961,0.128462157,0.0723141561,0.585217798,0.00226705275,0.0,0.880179,26.03023761,56.9747,13.0536,0.637641,20.47174297
bandGap+ElectronAffinity.iv,24,42,1.4,4.266,0.752282,13.5436823,13.5711999,27.9436031,0.762585569,12.607782,0.128466731,0.0723656437,0.75949261,0.00309295843,0.0,0.880179,26.03023761,56.9747,13.0536,0.637641,20.47174297
bandGap+ElectronAffinity.iv,24,43,1.4,4.266,0.790076,9.98487706,17.1099881,27.9436031,0.986859904,15.9222388,0.128472536,0.0724169475,0.982512379,0.00434752505,0.0,0.880179,26.03023761,56.9747,13.0536,0.637641,20.47174297
bandGap+ElectronAffinity.iv,24,44,1.4,4.266,0.83277,5.44609441,21.628643,27.9436031,1.25829339,20.169401,0.128479759,0.0724688786,1.25215039,0.00614300566,0.0,0.880179,26.03023761,56.9747,13.0536,0.637641,20.47174297
bandGap+ElectronAffinity.iv,24,45,1.4,4.266,0.879747,0.0505943983,27.0042988,27.9436031,1.56375192,25.2395359,0.128488418,0.072522598,1.55525126,0.00850065591,0.0,0.880179,26.03023761,56.9747,13.0536,0.637641,20.47174297
bandGap+ElectronAffinity.iv,24,46,1.4,4.266,0.929285,-5.85707123,32.8917013,27.9436031,1.88013995,30.8104838,0.128498223,0.0725793162,1.86885275,0.0112872059,0.0,0.880179,26.03023761,56.9747,13.0536,0.637641,20.47174297
bandGap+ElectronAffinity.iv,24,47,1.4,4.266,0.978634,-11.7268969,38.7417712,27.9436031,2.17865394,36.3619685,0.128508457,0.0726402982,2.16443882,0.0142151138,0.0,0.880179,26.03023761,56.9747,13.0536,0.637641,20.47174297
bandGap+ElectronAffinity.iv,24,48,1.4,4.266,1.024897,-16.979407,43.9742396,27.9436031,2.43351222,41.3395026,0.128518149,0.0727066277,2.41658637,0.0169258456,0.0,0.880179,26.03023761,56.9747,13.0536,0.637641,20.47174297
bandGap+ElectronAffinity.iv,24,49,1.4,4.266,1.065818,-21.1635414,48.1380486,27.9436031,2.62866532,45.3080799,0.128526306,0.0727769856,2.60954164,0.019123681,0.0,0.880179,26.03023761,56.9747,13.0536,0.637641,20.47174297
bandGap+ElectronAffinity.iv,25,1,1.4,4.37,-0.13195,26.3900541,1.54489717,27.9436031,0.0494997207,1.29719765,0.12796351,0.0702362844,0.0490788817,0.000420838969,0.0,0.775502,25.99659252,53.1818,10.7217,0.516135,20.77301253
bandGap+ElectronAffinity.iv,25,2,1.4,4.37,-0.111681,26.3362218,1.57873042,27.9436031,0.0508066325,1.32965636,0.127965507,0.0703019267,0.050370622,0.000436010495,0.0,0.775502,25.99659252,53.1818,10.7217,0.516135,20.77301253
bandGap+ElectronAffinity.iv,25,3,1.4,4.37,-0.091401,26.2802675,1.61468452,27.9436031,0.0521830301,1.36416668,0.127967481,0.07036733,0.0517311553,0.000451874859,0.0,0.775502,25.99659252,53.1818,10.7217,0.516135,20.77301253
bandGap+ElectronAffinity.iv,25,4,1.4,4.37,-0.07111,26.2219985,1.65295316,27.9436031,0.0536344369,1.4009168,0.127969427,0.0704324997,0.0531659748,0.000468462059,0.0,0.775502,25.99659252,53.1818,10.7217,0.516135,20.77301253
bandGap+ElectronAffinity.iv,25,5,1.4,4.37,-0.050806,26.161202,1.69374963,27.9436031,0.0551668799,1.44011397,0.127971346,0.070497435,0.0546810632,0.000485816794,0.0,0.775502,25.99659252,53.1818,10.7217,0.516135,20.77301253
bandGap+ElectronAffinity.iv,25,6,1.4,4.37,-0.030488,26.0976427,1.73730882,27.9436031,0.056787045,1.4819864,0.12797324,0.0705621348,0.0562830574,0.000503987639,0.0,0.775502,25.99659252,53.1818,10.7217,0.516135,20.77301253
bandGap+ElectronAffinity.iv,25,7,1.4,4.37,-0.010155,26.031062,1.78388909,27.9436031,0.0585023762,1.526785,0.127975111,0.0706265982,0.0579793487,0.000523027497,0.0,0.775502,25.99659252,53.1818,10.7217,0.516135,20.77301253
bandGap+ElectronAffinity.iv,25,8,1.4,4.37,0.010194,25.9611768,1.83377417,27.9436031,0.0603211977,1.57478519,0.127976961,0.0706908239,0.0597782036,0.000542994134,0.0,0.775502,25.99659252,53.1818,10.7217,0.516135,20.77301253
bandGap+ElectronAffinity.iv,25,9,1.4,4.37,0.030562,25.8876755,1.88727505,27.9436031,0.0622528647,1.62628858,0.12797879,0.0707548107,0.0616889139,0.0005639508,0.0,0.775502,25.99659252,53.1818,10.7217,0.516135,20.77301253
bandGap+ElectronAffinity.iv,25,10,1.4,4.37,0.050949,25.8102183,1.94473182,27.9436031,0.0643079525,1.68162471,0.127980603,0.0708185571,0.0637219856,0.00058596697,0.0,0.775502,25.99659252,53.1818,10.7217,0.516135,20.77301253
bandGap+ElectronAffinity.iv,25,11,1.4,4.37,0.071358,25.7284345,2.00651536,27.9436031,0.066498498,1.7411524,0.1279824,0.0708820614,0.0658893788,0.000609119217,0.0,0.775502,25.99659252,53.1818,10.7217,0.516135,20.77301253
bandGap+ElectronAffinity.iv,25,12,1.4,4.37,0.09179,25.6419206,2.07302888,27.9436031,0.068838312,1.80526107,0.127984184,0.0709453217,0.0682048197,0.000633492264,0.0,0.775502,25.99659252,53.1818,10.7217,0.516135,20.77301253
bandGap+ElectronAffinity.iv,25,13,1.4,4.37,0.112249,25.5502402,2.14470937,27.9436031,0.0713433919,1.87437169,0.127985957,0.0710083356,0.0706842117,0.000659180251,0.0,0.775502,25.99659252,53.1818,10.7217,0.516135,20.77301253
bandGap+ElectronAffinity.iv,25,14,1.4,4.37,0.132735,25.4529205,2.22202882,27.9436031,0.0740324752,1.94893752,0.127987723,0.0710711006,0.0733461869,0.000686288293,0.0,0.775502,25.99659252,53.1818,10.7217,0.516135,20.77301253
bandGap+ElectronAffinity.iv,25,15,1.4,4.37,0.153253,25.3494531,2.30549573,27.9436031,0.0769277954,2.02944483,0.127989483,0.0711336134,0.076212861,0.000714934416,0.0,0.775502,25.99659252,53.1818,10.7217,0.516135,20.77301253
bandGap+ElectronAffinity.iv,25,16,1.4,4.37,0.173804,25.2392907,2.39565716,27.9436031,0.0800561333,2.11641392,0.127991241,0.0711958701,0.0793108814,0.000745251979,0.0,0.775502,25.99659252,53.1818,10.7217,0.516135,20.77301253
bandGap+ElectronAffinity.iv,25,17,1.4,4.37,0.194391,25.1218452,2.4931026,27.9436031,0.0834503032,2.21040143,0.127993,0.0712578662,0.0826729105,0.000777392791,0.0,0.775502,25.99659252,53.1818,10.7217,0.516135,20.77301253
bandGap+ElectronAffinity.iv,25,18,1.4,4.37,0.215018,24.9964764,2.5984713,27.9436031,0.0871512874,2.31200565,0.127994763,0.071319596,0.0863397563,0.000811531168,0.0,0.775502,25.99659252,53.1818,10.7217,0.516135,20.77301253
bandGap+ElectronAffinity.iv,25,19,1.4,4.37,0.235688,24.8624802,2.7124668,27.9436031,0.0912113443,2.42187787,0.127996533,0.0713810526,0.090363475,0.000847869364,0.0,0.775502,25.99659252,53.1818,10.7217,0.516135,20.77301253
bandGap+ElectronAffinity.iv,25,20,1.4,4.37,0.256405,24.7190632,2.83588433,27.9436031,0.0956985877,2.5407452,0.127998316,0.0714422273,0.0948119427,0.000886645013,0.0,0.775502,25.99659252,53.1818,10.7217,0.516135,20.77301253
bandGap+ElectronAffinity.iv,25,21,1.4,4.37,0.277174,24.5652856,2.96966101,27.9436031,0.100703793,2.66945399,0.128000115,0.0715031094,0.0997756512,0.000928141683,0.0,0.775502,25.99659252,53.1818,10.7217,0.516135,20.77301253
bandGap+ElectronAffinity.iv,25,22,1.4,4.37,0.298,24.3999807,3.11496521,27.9436031,0.106350568,2.80904902,0.128001937,0.0715636849,0.105377863,0.000972704319,0.0,0.775502,25.99659252,53.1818,10.7217,0.516135,20.77301253
bandGap+ElectronAffinity.iv,25,23,1.4,4.37,0.318892,24.2216454,3.27328029,27.9436031,0.112809049,2.96084351,0.128003833,0.0716238977,0.111788089,0.00102096003,0.0,0.775502,25.99659252,53.1818,10.7217,0.516135,20.77301253
bandGap+ElectronAffinity.iv,25,24,1.4,4.37,0.33986,24.0279822,3.44694245,27.9436031,0.120324581,3.12692834,0.128005724,0.0716838022,0.119251513,0.00107306886,0.0,0.775502,25.99659252,53.1818,10.7217,0.516135,20.77301253
bandGap+ElectronAffinity.iv,25,25,1.4,4.37,0.360921,23.8157653,3.63915826,27.9436031,0.129242463,3.3101648,0.128007672,0.0717433277,0.128112505,0.00112995811,0.0,0.775502,25.99659252,53.1818,10.7217,0.516135,20.77301253
bandGap+ElectronAffinity.iv,25,26,1.4,4.37,0.3821,23.5799654,3.85495718,27.9436031,0.140062629,3.51508242,0.1280097,0.0718024322,0.138869984,0.00119264442,0.0,0.775502,25.99659252,53.1818,10.7217,0.516135,20.77301253
bandGap+ElectronAffinity.iv,25,27,1.4,4.37,0.403436,23.3127319,4.10219013,27.9436031,0.153507723,3.7488095,0.128011845,0.0718610589,0.152245123,0.00126260042,0.0,0.775502,25.99659252,53.1818,10.7217,0.516135,20.77301253
bandGap+ElectronAffinity.iv,25,28,1.4,4.37,0.424991,23.0017931,4.3931284,27.9436031,0.170618417,4.02257669,0.128014167,0.0719191308,0.169276362,0.00134205498,0.0,0.775502,25.99659252,53.1818,10.7217,0.516135,20.77301253
bandGap+ElectronAffinity.iv,25,29,1.4,4.37,0.446859,22.6281662,4.7467549,27.9436031,0.192877063,4.35388454,0.128016754,0.0719765439,0.19144255,0.00143451317,0.0,0.775502,25.99659252,53.1818,10.7217,0.516135,20.77301253
bandGap+ElectronAffinity.iv,25,30,1.4,4.37,0.469185,22.1630946,5.19182702,27.9436031,0.222353884,4.76942024,0.128019742,0.07203316,0.220808243,0.00154564125,0.0,0.775502,25.99659252,53.1818,10.7217,0.516135,20.77301253
bandGap+ElectronAffinity.iv,25,31,1.4,4.37,0.492178,21.5643967,5.770526,27.9436031,0.261850966,5.30856291,0.12802333,0.0720888005,0.260166253,0.00168471282,0.0,0.775502,25.99659252,53.1818,10.7217,0.516135,20.77301253
bandGap+ElectronAffinity.iv,25,32,1.4,4.37,0.516135,20.7730125,6.54191357,27.9436031,0.314984688,6.02675783,0.128027798,0.0721432466,0.31311789,0.00186679821,0.0,0.775502,25.99659252,53.1818,10.7217,0.516135,20.77301253
bandGap+ElectronAffinity.iv,25,33,1.4,4.37,0.541442,19.7115158,7.58341418,27.9436031,0.386098788,6.99708563,0.128033516,0.0721962517,0.383983137,0.00211565041,0.0,0.775502,25.99659252,53.1818,10.7217,0.516135,20.77301253
bandGap+ElectronAffinity.iv,25,34,1.4,4.37,0.568562,18.2876166,8.98727725,27.9436031,0.479852146,8.3071366,0.128040962,0.0722475477,0.477385318,0.00246682727,0.0,0.775502,25.99659252,53.1818,10.7217,0.516135,20.77301253
bandGap+ElectronAffinity.iv,25,35,1.4,4.37,0.597975,16.4049449,10.8499611,27.9436031,0.600454357,10.0491592,0.128050534,0.0722970239,0.597486716,0.00296764088,0.0,0.775502,25.99659252,53.1818,10.7217,0.516135,20.77301253
bandGap+ElectronAffinity.iv,25,36,1.4,4.37,0.630082,13.983603,13.2513184,27.9436031,0.750444521,12.3004666,0.128062694,0.0723446092,0.74676925,0.00367527113,0.0,0.775502,25.99659252,53.1818,10.7217,0.516135,20.77301253
bandGap+ElectronAffinity.iv,25,37,1.4,4.37,0.665085,10.9829655,16.231918,27.9436031,0.929623116,15.1018267,0.128077723,0.0723904562,0.924977568,0.00464554805,0.0,0.775502,25.99659252,53.1818,10.7217,0.516135,20.77301253
bandGap+ElectronAffinity.iv,25,38,1.4,4.37,0.702899,7.42014231,19.774773,27.9436031,1.1345604,18.4396821,0.128095565,0.0724350272,1.12864308,0.00591731688,0.0,0.775502,25.99659252,53.1818,10.7217,0.516135,20.77301253
bandGap+ElectronAffinity.iv,25,39,1.4,4.37,0.743127,3.37468909,23.8001664,27.9436031,1.35871605,22.2408555,0.128116015,0.0724788443,1.35121725,0.00749880235,0.0,0.775502,25.99659252,53.1818,10.7217,0.516135,20.77301253
bandGap+ElectronAffinity.iv,25,40,1.4,4.37,0.785108,-1.02163051,28.1766324,27.9436031,1.59365598,26.382315,0.128138532,0.0725228452,1.58429666,0.00935931144,0.0,0.775502,25.99659252,53.1818,10.7217,0.516135,20.77301253
bandGap+ElectronAffinity.iv,25,41,1.4,4.37,0.82792,-5.58392942,32.7191433,27.9436031,1.82932636,30.6890865,0.128162297,0.0725680473,1.81790377,0.0114225888,0.0,0.775502,25.99659252,53.1818,10.7217,0.516135,20.77301253
bandGap+ElectronAffinity.iv,25,42,1.4,4.37,0.870631,-10.1261349,37.2410958,27.9436031,2.05633128,34.9839627,0.128186483,0.0726153392,2.04274628,0.0135850005,0.0,0.775502,25.99659252,53.1818,10.7217,0.516135,20.77301253
bandGap+ElectronAffinity.iv,25,43,1.4,4.37,0.912178,-14.4356601,41.5309119,27.9436031,2.26510167,39.0649342,0.128210077,0.0726659465,2.24938116,0.0157205075,0.0,0.775502,25.99659252,53.1818,10.7217,0.516135,20.77301253
bandGap+ElectronAffinity.iv,25,44,1.4,4.37,0.951545,-18.309091,45.3840549,27.9436031,2.44748168,42.7356203,0.128231806,0.0727211185,2.42979117,0.0176905144,0.0,0.775502,25.99659252,53.1818,10.7217,0.516135,20.77301253
bandGap+ElectronAffinity.iv,25,45,1.4,4.37,0.987717,-21.5434223,48.5979754,27.9436031,2.59608471,45.8008598,0.1282504,0.0727805046,2.57671958,0.0193651264,0.0,0.775502,25.99659252,53.1818,10.7217,0.516135,20.77301253
