source_file,simulation_id,scan_point,thickness[µm],v(V),jtot(mA/cm2),j_total_rec(mA/cm2),j_total_gen(mA/cm2),jbulk(mA/cm2),jifr(mA/cm2),jminor_left(mA/cm2),jminor_right(mA/cm2),j_SRH(mA/cm2),j_Radiative(mA/cm2),j_Auger(mA/cm2),Voc,Jsc,FF,eta,V_MPP,J_MPP
thickness.iv,1,1,0.5,-0.1538,30.7600849,1.86447119,32.6414989,0.0613602615,1.65488118,0.128471566,0.0197581816,0.0613159016,4.43598811e-05,0.0,0.885225,30.28293492,59.5956,15.9759,0.634009,25.19827259
thickness.iv,1,2,0.5,-0.133516,30.7031632,1.90138913,32.6414989,0.0625388067,1.69060295,0.128477318,0.0197700622,0.0624905539,4.82528659e-05,0.0,0.885225,30.28293492,59.5956,15.9759,0.634009,25.19827259
thickness.iv,1,3,0.5,-0.113223,30.644565,1.9399873,32.6414989,0.0637656481,1.72795684,0.128483012,0.0197818006,0.063713092,5.25560607e-05,0.0,0.885225,30.28293492,59.5956,15.9759,0.634009,25.19827259
thickness.iv,1,4,0.5,-0.092921,30.5841934,1.98035864,32.6414989,0.0650440138,1.76703259,0.12848865,0.0197933856,0.064986692,5.73218312e-05,0.0,0.885225,30.28293492,59.5956,15.9759,0.634009,25.19827259
thickness.iv,1,5,0.5,-0.07261,30.5219529,2.02259909,32.6414989,0.0663774971,1.80792255,0.128494232,0.0198048053,0.0663148871,6.26100044e-05,0.0,0.885225,30.28293492,59.5956,15.9759,0.634009,25.19827259
thickness.iv,1,6,0.5,-0.052289,30.4577446,2.06680721,32.6414989,0.0677700973,1.85072131,0.128499756,0.0198160468,0.067701608,6.84893521e-05,0.0,0.885225,30.28293492,59.5956,15.9759,0.634009,25.19827259
thickness.iv,1,7,0.5,-0.031957,30.3914679,2.11308382,32.6414989,0.069226286,1.89552522,0.128505222,0.0198270962,0.069151247,7.50389775e-05,0.0,0.885225,30.28293492,59.5956,15.9759,0.634009,25.19827259
thickness.iv,1,8,0.5,-0.011615,30.3230199,2.16153152,32.6414989,0.070751084,1.94243186,0.128510631,0.0198379382,0.0706687341,8.23498905e-05,0.0,0.885225,30.28293492,59.5956,15.9759,0.634009,25.19827259
thickness.iv,1,9,0.5,0.008739,30.252297,2.21225426,32.6414989,0.0723501528,1.99153956,0.128515983,0.0198485568,0.0722596261,9.0526784e-05,0.0,0.885225,30.28293492,59.5956,15.9759,0.634009,25.19827259
thickness.iv,1,10,0.5,0.029104,30.1791942,2.26535697,32.6414989,0.0740299008,2.04294686,0.128521279,0.0198589348,0.0739302108,9.9690025e-05,0.0,0.885225,30.28293492,59.5956,15.9759,0.634009,25.19827259
thickness.iv,1,11,0.5,0.049482,30.1036055,2.32094534,32.6414989,0.0757976066,2.09675216,0.12852652,0.0198690542,0.0756876288,0.000109977871,0.0,0.885225,30.28293492,59.5956,15.9759,0.634009,25.19827259
thickness.iv,1,12,0.5,0.069873,30.025425,2.37912571,32.6414989,0.0776615618,2.15305354,0.128531707,0.0198788967,0.0775400128,0.000121548923,0.0,0.885225,30.28293492,59.5956,15.9759,0.634009,25.19827259
thickness.iv,1,13,0.5,0.090277,29.9445452,2.44000529,32.6414989,0.0796312353,2.21194877,0.12853684,0.0198884433,0.0794966505,0.000134584833,0.0,0.885225,30.28293492,59.5956,15.9759,0.634009,25.19827259
thickness.iv,1,14,0.5,0.110696,29.8608575,2.50369281,32.6414989,0.081717463,2.27353575,0.128541923,0.0198976753,0.0815681697,0.000149293273,0.0,0.885225,30.28293492,59.5956,15.9759,0.634009,25.19827259
thickness.iv,1,15,0.5,0.131129,29.7742504,2.57029953,32.6414989,0.0839326649,2.33791333,0.128546956,0.0199065745,0.0837667537,0.000165911212,0.0,0.885225,30.28293492,59.5956,15.9759,0.634009,25.19827259
thickness.iv,1,16,0.5,0.151577,29.6846088,2.63994089,32.6414989,0.0862910976,2.40518273,0.128551942,0.0199151234,0.086106389,0.000184708543,0.0,0.885225,30.28293492,59.5956,15.9759,0.634009,25.19827259
thickness.iv,1,17,0.5,0.172041,29.5918107,2.71273875,32.6414989,0.0888091487,2.47544941,0.128556882,0.0199233063,0.0886031566,0.000205992135,0.0,0.885225,30.28293492,59.5956,15.9759,0.634009,25.19827259
thickness.iv,1,18,0.5,0.192521,29.4957249,2.78882429,32.6414989,0.0915056889,2.54882571,0.128561779,0.0199311092,0.0912755785,0.000230110435,0.0,0.885225,30.28293492,59.5956,15.9759,0.634009,25.19827259
thickness.iv,1,19,0.5,0.213019,29.3962071,2.86834169,32.6414989,0.094402503,2.62543403,0.128566634,0.0199385208,0.0941450442,0.0002574588,0.0,0.885225,30.28293492,59.5956,15.9759,0.634009,25.19827259
thickness.iv,1,20,0.5,0.233535,29.2930959,2.95145247,32.6414989,0.0975248385,2.70541065,0.12857145,0.0199455326,0.0972363527,0.000288485773,0.0,0.885225,30.28293492,59.5956,15.9759,0.634009,25.19827259
thickness.iv,1,21,0.5,0.254069,29.1862074,3.03834065,32.6414989,0.100902129,2.78891016,0.128576227,0.0199521392,0.100578429,0.000323700656,0.0,0.885225,30.28293492,59.5956,15.9759,0.634009,25.19827259
thickness.iv,1,22,0.5,0.274623,29.0753286,3.12921878,32.6414989,0.104568994,2.87611048,0.128580968,0.019958339,0.104205311,0.000363682783,0.0,0.885225,30.28293492,59.5956,15.9759,0.634009,25.19827259
thickness.iv,1,23,0.5,0.295199,28.9602122,3.22433503,32.6414989,0.108566667,2.96721856,0.128585673,0.0199641336,0.108157574,0.000409093091,0.0,0.885225,30.28293492,59.5956,15.9759,0.634009,25.19827259
thickness.iv,1,24,0.5,0.315797,28.8405648,3.32398179,32.6414989,0.112945153,3.06247676,0.128590343,0.0199695283,0.112484464,0.000460688799,0.0,0.885225,30.28293492,59.5956,15.9759,0.634009,25.19827259
thickness.iv,1,25,0.5,0.33642,28.7160394,3.42850659,32.6414989,0.117766562,3.16217052,0.128594979,0.0199745314,0.11724722,0.000519342388,0.0,0.885225,30.28293492,59.5956,15.9759,0.634009,25.19827259
thickness.iv,1,26,0.5,0.357069,28.5862188,3.53832691,32.6414989,0.123110454,3.26663772,0.128599581,0.0199791546,0.122524387,0.000586066794,0.0,0.885225,30.28293492,59.5956,15.9759,0.634009,25.19827259
thickness.iv,1,27,0.5,0.377747,28.4505937,3.65395133,32.6414989,0.12908251,3.37628126,0.12860415,0.0199834118,0.12842046,0.000662050032,0.0,0.885225,30.28293492,59.5956,15.9759,0.634009,25.19827259
thickness.iv,1,28,0.5,0.398457,28.3085324,3.77601196,32.6414989,0.135828704,3.49158725,0.128608686,0.0199873194,0.135079999,0.000748705076,0.0,0.885225,30.28293492,59.5956,15.9759,0.634009,25.19827259
thickness.iv,1,29,0.5,0.419204,28.1592274,3.90531607,32.6414989,0.143558366,3.61315363,0.128613187,0.0199908954,0.14271062,0.000847746009,0.0,0.885225,30.28293492,59.5956,15.9759,0.634009,25.19827259
thickness.iv,1,30,0.5,0.439992,28.0016113,4.04293151,32.6414989,0.152581252,3.74173844,0.128617655,0.0199941592,0.15161994,0.000961311999,0.0,0.885225,30.28293492,59.5956,15.9759,0.634009,25.19827259
thickness.iv,1,31,0.5,0.460829,27.8342106,4.19033151,32.6414989,0.163366251,3.87834603,0.128622089,0.0199971312,0.162274069,0.00109218226,0.0,0.885225,30.28293492,59.5956,15.9759,0.634009,25.19827259
thickness.iv,1,32,0.5,0.481726,27.6548945,4.34964658,32.6414989,0.176633138,4.02438712,0.128626489,0.0199998327,0.175388968,0.00124416965,0.0,0.885225,30.28293492,59.5956,15.9759,0.634009,25.19827259
thickness.iv,1,33,0.5,0.502698,27.4604281,4.52411278,32.6414989,0.193495098,4.18198454,0.128630857,0.020002286,0.192072225,0.00142287242,0.0,0.885225,30.28293492,59.5956,15.9759,0.634009,25.19827259
thickness.iv,1,34,0.5,0.523772,27.2456511,4.71888806,32.6414989,0.215680877,4.35456747,0.128635194,0.0200045143,0.214043725,0.00163715255,0.0,0.885225,30.28293492,59.5956,15.9759,0.634009,25.19827259
thickness.iv,1,35,0.5,0.54499,27.0019712,4.94256752,32.6414989,0.245884359,4.54803711,0.128639505,0.0200065434,0.243982265,0.00190209472,0.0,0.885225,30.28293492,59.5956,15.9759,0.634009,25.19827259
thickness.iv,1,36,0.5,0.566427,26.7145072,5.21003024,32.6414989,0.288319244,4.7730588,0.128643797,0.020008403,0.28607427,0.00224497344,0.0,0.885225,30.28293492,59.5956,15.9759,0.634009,25.19827259
thickness.iv,1,37,0.5,0.588216,26.3567371,5.5477986,32.6414989,0.349597532,5.04954285,0.128648087,0.0200101316,0.346880279,0.0027172527,0.0,0.885225,30.28293492,59.5956,15.9759,0.634009,25.19827259
thickness.iv,1,38,0.5,0.610597,25.8805305,6.00400432,32.6414989,0.440090153,5.41524998,0.128652402,0.0200117841,0.436671822,0.00341833063,0.0,0.885225,30.28293492,59.5956,15.9759,0.634009,25.19827259
thickness.iv,1,39,0.5,0.634009,25.1982726,6.66626099,32.6414989,0.575905766,5.94168498,0.128656798,0.0200134472,0.571365008,0.00454075803,0.0,0.885225,30.28293492,59.5956,15.9759,0.634009,25.19827259
thickness.iv,1,40,0.5,0.659233,24.1534086,7.69112404,32.6414989,0.781333323,6.76111408,0.128661373,0.0200152666,0.774883786,0.00644953709,0.0,0.885225,30.28293492,59.5956,15.9759,0.634009,25.19827259
thickness.iv,1,41,0.5,0.687596,22.4808052,9.34372396,32.6414989,1.09050239,8.10453777,0.128666303,0.020017491,1.08070505,0.00979733909,0.0,0.885225,30.28293492,59.5956,15.9759,0.634009,25.19827259
thickness.iv,1,42,0.5,0.721096,19.7808675,12.0236578,32.6414989,1.5443266,10.3306389,0.128671864,0.0200205275,1.52870933,0.0156172626,0.0,0.885225,30.28293492,59.5956,15.9759,0.634009,25.19827259
thickness.iv,1,43,0.5,0.762092,15.5816372,16.2028982,32.6414989,2.17542627,13.8787685,0.128678416,0.0200249794,2.1502409,0.0251853706,0.0,0.885225,30.28293492,59.5956,15.9759,0.634009,25.19827259
thickness.iv,1,44,0.5,0.812062,9.58762639,22.1768777,32.6414989,2.97776963,19.0503903,0.128686227,0.0200315932,2.9384289,0.0393407374,0.0,0.885225,30.28293492,59.5956,15.9759,0.634009,25.19827259
thickness.iv,1,45,0.5,0.869706,2.05882976,29.6854204,32.6414989,3.88021198,25.6564721,0.128695248,0.02004107,3.82280027,0.0574117065,0.0,0.885225,30.28293492,59.5956,15.9759,0.634009,25.19827259
thickness.iv,1,46,0.5,0.930241,-6.0481702,37.7729845,32.6414989,4.76057144,32.8636543,0.128704854,0.0200539634,4.68368572,0.0768857227,0.0,0.885225,30.28293492,59.5956,15.9759,0.634009,25.19827259
thickness.iv,1,47,0.5,0.9874,-13.479962,45.1850223,32.6414989,5.50127928,39.5349588,0.128713849,0.0200704,5.40681759,0.0944616913,0.0,0.885225,30.28293492,59.5956,15.9759,0.634009,25.19827259
thickness.iv,1,48,0.5,1.036422,-19.2843994,50.9683122,32.6414989,6.03997737,44.7795237,0.128721095,0.0200901078,5.93216751,0.107809862,0.0,0.885225,30.28293492,59.5956,15.9759,0.634009,25.19827259
thickness.iv,1,49,0.5,1.075923,-23.1845008,54.8483627,32.6414989,6.38442085,48.3151032,0.128726161,0.0201124852,6.26780893,0.11661192,0.0,0.885225,30.28293492,59.5956,15.9759,0.634009,25.19827259
thickness.iv,1,50,0.5,1.107535,-25.5070615,57.1524163,32.6414989,6.58395621,50.4195943,0.128729296,0.0201364665,6.46211036,0.121845842,0.0,0.885225,30.28293492,59.5956,15.9759,0.634009,25.19827259
thickness.iv,1,51,0.5,1.133987,-26.7973134,58.4211928,32.6414989,6.68950237,51.582798,0.128730978,0.0201614289,6.56494258,0.124559789,0.0,0.885225,30.28293492,59.5956,15.9759,0.634009,25.19827259
thickness.iv,1,52,0.5,1.157498,-27.499608,59.103365,32.6414989,6.74630481,52.2081417,0.128731911,0.0201866134,6.62025474,0.12605007,0.0,0.885225,30.28293492,59.5956,15.9759,0.634009,25.19827259
thickness.iv,1,53,0.5,1.179492,-27.8984668,59.4821641,32.6414989,6.77766971,52.5555502,0.128732433,0.0202117384,6.65079453,0.126875182,0.0,0.885225,30.28293492,59.5956,15.9759,0.634009,25.19827259
thickness.iv,1,54,0.5,1.200733,-28.1466725,59.7103466,32.6414989,6.7965124,52.7648651,0.128732748,0.0202363992,6.66914042,0.127371978,0.0,0.885225,30.28293492,59.5956,15.9759,0.634009,25.19827259
thickness.iv,1,55,0.5,1.221603,-28.3206034,59.8642725,32.6414989,6.8092068,52.9060721,0.128732961,0.0202605994,6.68149948,0.127707324,0.0,0.885225,30.28293492,59.5956,15.9759,0.634009,25.19827259
thickness.iv,1,56,0.5,1.24229,-28.4579702,59.9816427,32.6414989,6.81887914,53.0137458,0.128733124,0.0202846071,6.6909159,0.12796324,0.0,0.885225,30.28293492,59.5956,15.9759,0.634009,25.19827259
thickness.iv,1,57,0.5,1.262881,-28.5761471,60.0798265,32.6414989,6.82696487,53.1038203,0.128733261,0.0203081228,6.69878745,0.12817742,0.0,0.885225,30.28293492,59.5956,15.9759,0.634009,25.19827259
thickness.iv,1,58,0.5,1.283418,-28.6835961,60.1672838,32.6414989,6.83416201,53.1840571,0.128733383,0.0203312268,6.70579379,0.128368212,0.0,0.885225,30.28293492,59.5956,15.9759,0.634009,25.19827259
thickness.iv,1,59,0.5,1.303922,-28.7844261,60.2481223,32.6414989,6.84080932,53.2582254,0.128733495,0.0203540725,6.7122648,0.128544525,0.0,0.885225,30.28293492,59.5956,15.9759,0.634009,25.19827259
thickness.iv,1,60,0.5,1.324402,-28.8803245,60.3240291,32.6414989,6.84704614,53.3278731,0.128733601,0.0203763392,6.71833612,0.12871002,0.0,0.885225,30.28293492,59.5956,15.9759,0.634009,25.19827259
thickness.iv,1,61,0.5,1.344864,-28.9728157,60.3965285,32.6414989,6.85299827,53.3943982,0.128733703,0.020398319,6.72413026,0.128868014,0.0,0.885225,30.28293492,59.5956,15.9759,0.634009,25.19827259
thickness.iv,2,1,0.5408,-0.15533,31.0660924,1.94922686,33.0347316,0.0680051554,1.73938963,0.128472241,0.0133598353,0.0679442012,6.09542714e-05,0.0,0.887647,30.56468903,59.7493,16.2104,0.631691,25.66188028
thickness.iv,2,2,0.5408,-0.135031,31.0062675,1.98904673,33.0347316,0.069281752,1.77792099,0.12847769,0.0133663002,0.0692149366,6.68153584e-05,0.0,0.887647,30.56468903,59.7493,16.2104,0.631691,25.66188028
thickness.iv,2,3,0.5408,-0.114724,30.9448103,2.03050379,33.0347316,0.0706121586,1.81803591,0.1284831,0.0133726197,0.0705388035,7.335513e-05,0.0,0.887647,30.56468903,59.7493,16.2104,0.631691,25.66188028
thickness.iv,2,4,0.5408,-0.094408,30.8816577,2.07365626,33.0347316,0.0720005727,1.85978843,0.128488473,0.0133787838,0.0719199114,8.06613047e-05,0.0,0.887647,30.56468903,59.7493,16.2104,0.631691,25.66188028
thickness.iv,2,5,0.5408,-0.074084,30.8167517,2.11856217,33.0347316,0.0734517176,1.90323186,0.12849381,0.0133847829,0.0733628849,8.88327317e-05,0.0,0.887647,30.56468903,59.7493,16.2104,0.631691,25.66188028
thickness.iv,2,6,0.5408,-0.05375,30.7500349,2.16527887,33.0347316,0.0749708998,1.94841826,0.128499111,0.0133906072,0.074872919,9.79807572e-05,0.0,0.887647,30.56468903,59.7493,16.2104,0.631691,25.66188028
thickness.iv,2,7,0.5408,-0.033407,30.6814502,2.21386336,33.0347316,0.0765640845,1.99539866,0.128504377,0.0133962471,0.076455854,0.000108230525,0.0,0.887647,30.56468903,59.7493,16.2104,0.631691,25.66188028
thickness.iv,2,8,0.5408,-0.013055,30.6109407,2.26437268,33.0347316,0.0782379789,2.0442234,0.128509609,0.0134016936,0.0781182566,0.000119722361,0.0,0.887647,30.56468903,59.7493,16.2104,0.631691,25.66188028
thickness.iv,2,9,0.5408,0.007308,30.5384486,2.31686464,33.0347316,0.0800001225,2.09494277,0.128514808,0.0134069377,0.0798675092,0.000132613259,0.0,0.887647,30.56468903,59.7493,16.2104,0.631691,25.66188028
thickness.iv,2,10,0.5408,0.02768,30.4639143,2.3713988,33.0347316,0.0818589862,2.14760787,0.128519975,0.0134119717,0.0817119078,0.00014707848,0.0,0.887647,30.56468903,59.7493,16.2104,0.631691,25.66188028
thickness.iv,2,11,0.5408,0.048064,30.3872751,2.42803775,33.0347316,0.0838240822,2.20227177,0.128525111,0.0134167886,0.0836607689,0.000163313321,0.0,0.887647,30.56468903,59.7493,16.2104,0.631691,25.66188028
thickness.iv,2,12,0.5408,0.068458,30.3084641,2.48684859,33.0347316,0.0859060849,2.25899091,0.128530216,0.0134213827,0.0857245498,0.000181535073,0.0,0.887647,30.56468903,59.7493,16.2104,0.631691,25.66188028
thickness.iv,2,13,0.5408,0.088863,30.2274077,2.54790474,33.0347316,0.088116969,2.31782673,0.128535292,0.0134257497,0.0879149838,0.000201985273,0.0,0.887647,30.56468903,59.7493,16.2104,0.631691,25.66188028
thickness.iv,2,14,0.5408,0.10928,30.1440245,2.61128794,33.0347316,0.090470168,2.37884755,0.128540339,0.0134298868,0.0902452357,0.000224932307,0.0,0.887647,30.56468903,59.7493,16.2104,0.631691,25.66188028
thickness.iv,2,15,0.5408,0.129709,30.0582215,2.67709045,33.0347316,0.0929807608,2.44213054,0.128545357,0.0134337927,0.0927300864,0.000250674482,0.0,0.887647,30.56468903,59.7493,16.2104,0.631691,25.66188028
thickness.iv,2,16,0.5408,0.150151,29.9698943,2.74541742,33.0347316,0.0956656972,2.50776391,0.128550348,0.0134374681,0.0953861535,0.000279543696,0.0,0.887647,30.56468903,59.7493,16.2104,0.631691,25.66188028
thickness.iv,2,17,0.5408,0.170605,29.8789221,2.8163894,33.0347316,0.0985440749,2.5758491,0.12855531,0.0134409152,0.0982321651,0.000311909848,0.0,0.887647,30.56468903,59.7493,16.2104,0.631691,25.66188028
thickness.iv,2,18,0.5408,0.191074,29.7851662,2.89014501,33.0347316,0.101637487,2.64650314,0.128560244,0.0134441376,0.101289301,0.000348186152,0.0,0.887647,30.56468903,59.7493,16.2104,0.631691,25.66188028
thickness.iv,2,19,0.5408,0.211558,29.6884671,2.96684382,33.0347316,0.104970461,2.71986106,0.12856515,0.0134471407,0.104581626,0.000388835579,0.0,0.887647,30.56468903,59.7493,16.2104,0.631691,25.66188028
thickness.iv,2,20,0.5408,0.232057,29.5886411,3.04666948,33.0347316,0.108571037,2.79607849,0.128570026,0.013449931,0.108136658,0.000434378653,0.0,0.887647,30.56468903,59.7493,16.2104,0.631691,25.66188028
thickness.iv,2,21,0.5408,0.252573,29.4854768,3.1298333,33.0347316,0.112471525,2.87533439,0.128574873,0.0134525162,0.111986122,0.000485402926,0.0,0.887647,30.56468903,59.7493,16.2104,0.631691,25.66188028
thickness.iv,2,22,0.5408,0.273106,29.3787314,3.21657841,33.0347316,0.116709565,2.95783425,0.128579688,0.0134549049,0.11616699,0.00054257453,0.0,0.887647,30.56468903,59.7493,16.2104,0.631691,25.66188028
thickness.iv,2,23,0.5408,0.293659,29.2681247,3.30718492,33.0347316,0.121329629,3.04381371,0.128584472,0.0134571064,0.120722976,0.000606652382,0.0,0.887647,30.56468903,59.7493,16.2104,0.631691,25.66188028
thickness.iv,2,24,0.5408,0.314233,29.1533325,3.40197664,33.0347316,0.126385264,3.13354302,0.128589223,0.0134591306,0.125706759,0.000678505827,0.0,0.887647,30.56468903,59.7493,16.2104,0.631691,25.66188028
thickness.iv,2,25,0.5408,0.33483,29.0339784,3.5013302,33.0347316,0.13194255,3.22733273,0.128593939,0.0134609879,0.131183413,0.000759136992,0.0,0.887647,30.56468903,59.7493,16.2104,0.631691,25.66188028
thickness.iv,2,26,0.5408,0.355452,28.9096198,3.60568814,33.0347316,0.138085578,3.32554125,0.128598621,0.0134626884,0.137235868,0.000849709824,0.0,0.887647,30.56468903,59.7493,16.2104,0.631691,25.66188028
thickness.iv,2,27,0.5408,0.376101,28.7797287,3.71557851,33.0347316,0.144925311,3.42858569,0.128603265,0.0134642428,0.143973722,0.000951589303,0.0,0.887647,30.56468903,59.7493,16.2104,0.631691,25.66188028
thickness.iv,2,28,0.5408,0.396782,28.6436611,3.83164551,33.0347316,0.152614017,3.53695795,0.128607873,0.0134656614,0.15154762,0.00106639709,0.0,0.887647,30.56468903,59.7493,16.2104,0.631691,25.66188028
thickness.iv,2,29,0.5408,0.417497,28.5006072,3.95469874,33.0347316,0.161368685,3.65125066,0.128612442,0.0134669544,0.16017259,0.0011960955,0.0,0.887647,30.56468903,59.7493,16.2104,0.631691,25.66188028
thickness.iv,2,30,0.5408,0.438252,28.3495103,4.08579487,33.0347316,0.171508658,3.77220111,0.128616973,0.013468132,0.170165535,0.00134312306,0.0,0.887647,30.56468903,59.7493,16.2104,0.631691,25.66188028
thickness.iv,2,31,0.5408,0.459055,28.1889286,4.22637573,33.0347316,0.183515231,3.90076983,0.128621464,0.013469204,0.182004602,0.00151062815,0.0,0.887647,30.56468903,59.7493,16.2104,0.631691,25.66188028
thickness.iv,2,32,0.5408,0.479916,28.0167957,4.3785076,33.0347316,0.198124926,4.03828658,0.128625916,0.0134701803,0.196422031,0.00170289543,0.0,0.887647,30.56468903,59.7493,16.2104,0.631691,25.66188028
thickness.iv,2,33,0.5408,0.50085,27.8299967,4.54530581,33.0347316,0.21647478,4.18672963,0.128630329,0.0134710708,0.214548621,0.00192615862,0.0,0.887647,30.56468903,59.7493,16.2104,0.631691,25.66188028
thickness.iv,2,34,0.5408,0.521882,27.6235957,4.73170631,33.0347316,0.240329674,4.34927004,0.128634707,0.0134718861,0.238139476,0.00219019815,0.0,0.887647,30.56468903,59.7493,16.2104,0.631691,25.66188028
thickness.iv,2,35,0.5408,0.543053,27.3894035,4.94589749,33.0347316,0.27244198,4.53134382,0.128639052,0.0134726377,0.26993044,0.00251154038,0.0,0.887647,30.56468903,59.7493,16.2104,0.631691,25.66188028
thickness.iv,2,36,0.5408,0.564434,27.1132861,5.20201332,33.0347316,0.317126143,4.74277047,0.128643373,0.0134733403,0.314206225,0.00291991743,0.0,0.887647,30.56468903,59.7493,16.2104,0.631691,25.66188028
thickness.iv,2,37,0.5408,0.58615,26.7700801,5.52521838,33.0347316,0.381177069,5.00191961,0.128647685,0.0134740137,0.377705782,0.00347128718,0.0,0.887647,30.56468903,59.7493,16.2104,0.631691,25.66188028
thickness.iv,2,38,0.5408,0.60843,26.3140855,5.96121194,33.0347316,0.475311428,5.34377381,0.128652014,0.0134746886,0.471037736,0.00427369147,0.0,0.887647,30.56468903,59.7493,16.2104,0.631691,25.66188028
thickness.iv,2,39,0.5408,0.631691,25.6618803,6.59341643,33.0347316,0.616308635,5.83497596,0.128656413,0.0134754165,0.61077183,0.00553680482,0.0,0.887647,30.56468903,59.7493,16.2104,0.631691,25.66188028
thickness.iv,2,40,0.5408,0.656682,24.6635552,7.57173899,33.0347316,0.829768133,6.59983359,0.128660977,0.0134762873,0.822108317,0.00765981629,0.0,0.887647,30.56468903,59.7493,16.2104,0.631691,25.66188028
thickness.iv,2,41,0.5408,0.684686,23.0627419,9.15254967,33.0347316,1.15231903,7.85808731,0.128665873,0.0134774581,1.14095675,0.0113622845,0.0,0.887647,30.56468903,59.7493,16.2104,0.631691,25.66188028
thickness.iv,2,42,0.5408,0.717668,20.4664485,11.7288388,33.0347316,1.62926966,9.95741856,0.128671373,0.0134791914,1.61147004,0.0177996112,0.0,0.887647,30.56468903,59.7493,16.2104,0.631691,25.66188028
thickness.iv,2,43,0.5408,0.758023,16.3953366,15.7799566,33.0347316,2.2996179,13.338179,0.128677837,0.0134818825,2.27117945,0.0284384534,0.0,0.887647,30.56468903,59.7493,16.2104,0.631691,25.66188028
thickness.iv,2,44,0.5408,0.807409,10.5181846,21.6370835,33.0347316,3.16326192,18.33165,0.128685554,0.0134860291,3.11893668,0.0443252412,0.0,0.887647,30.56468903,59.7493,16.2104,0.631691,25.66188028
thickness.iv,2,45,0.5408,0.864819,3.0362459,29.0987558,33.0347316,4.148922,24.8076472,0.12869452,0.0134921064,4.08407567,0.0648463227,0.0,0.887647,30.56468903,59.7493,16.2104,0.631691,25.66188028
thickness.iv,2,46,0.5408,0.925678,-5.13554772,37.2512603,33.0347316,5.12438062,31.984675,0.128704171,0.0135004977,5.03713331,0.087247307,0.0,0.887647,30.56468903,59.7493,16.2104,0.631691,25.66188028
thickness.iv,2,47,0.5408,0.983701,-12.7401529,44.8351324,33.0347316,5.95584965,38.7370581,0.128713296,0.0135112851,5.84817785,0.107671804,0.0,0.887647,30.56468903,59.7493,16.2104,0.631691,25.66188028
thickness.iv,2,48,0.5408,1.033776,-18.7552943,50.8313432,33.0347316,6.56962664,44.1194714,0.128720832,0.0135243455,6.44610409,0.123522559,0.0,0.887647,30.56468903,59.7493,16.2104,0.631691,25.66188028
thickness.iv,2,49,0.5408,1.074269,-22.8537092,54.9099478,33.0347316,6.96576059,47.8019218,0.128726139,0.0135392981,6.83173202,0.134028576,0.0,0.887647,30.56468903,59.7493,16.2104,0.631691,25.66188028
thickness.iv,2,50,0.5408,1.106602,-25.320336,57.3563278,33.0347316,7.19497595,50.019067,0.128729398,0.013555446,7.05478386,0.140192099,0.0,0.887647,30.56468903,59.7493,16.2104,0.631691,25.66188028
thickness.iv,2,51,0.5408,1.133459,-26.6918063,58.708134,33.0347316,7.31958871,51.246242,0.128731245,0.0135720833,7.17599812,0.143590591,0.0,0.887647,30.56468903,59.7493,16.2104,0.631691,25.66188028
thickness.iv,2,52,0.5408,1.157203,-27.440565,59.4351384,33.0347316,7.38363848,51.9091788,0.128732188,0.0135889805,7.23837057,0.145267913,0.0,0.887647,30.56468903,59.7493,16.2104,0.631691,25.66188028
thickness.iv,2,53,0.5408,1.179309,-27.8617929,59.8362988,33.0347316,7.41976368,52.2741965,0.128732739,0.0136058983,7.2735106,0.146253081,0.0,0.887647,30.56468903,59.7493,16.2104,0.631691,25.66188028
thickness.iv,2,54,0.5408,1.200605,-28.1210048,60.0754799,33.0347316,7.44123476,52.4918895,0.128733068,0.0136225739,7.29439499,0.146839771,0.0,0.887647,30.56468903,59.7493,16.2104,0.631691,25.66188028
thickness.iv,2,55,0.5408,1.221502,-28.3003106,60.2347747,33.0347316,7.45551255,52.63689,0.128733289,0.0136388199,7.30828194,0.147230606,0.0,0.887647,30.56468903,59.7493,16.2104,0.631691,25.66188028
thickness.iv,2,56,0.5408,1.242202,-28.4404118,60.3548743,33.0347316,7.46626764,52.7462182,0.128733455,0.0136549966,7.31874219,0.147525451,0.0,0.887647,30.56468903,59.7493,16.2104,0.631691,25.66188028
thickness.iv,2,57,0.5408,1.2628,-28.5600524,60.4545174,33.0347316,7.47518412,52.8369288,0.128733594,0.0136708417,7.32741396,0.147770158,0.0,0.887647,30.56468903,59.7493,16.2104,0.631691,25.66188028
thickness.iv,2,58,0.5408,1.283342,-28.6683514,60.5428207,33.0347316,7.48307982,52.9173207,0.128733716,0.0136864088,7.33509281,0.147987017,0.0,0.887647,30.56468903,59.7493,16.2104,0.631691,25.66188028
thickness.iv,2,59,0.5408,1.303849,-28.7697508,60.6242251,33.0347316,7.49035285,52.9914366,0.12873383,0.0137018009,7.34216597,0.148186882,0.0,0.887647,30.56468903,59.7493,16.2104,0.631691,25.66188028
thickness.iv,2,60,0.5408,1.32433,-28.8660664,60.7005457,33.0347316,7.49716611,53.0609289,0.128733936,0.0137168055,7.34879192,0.148374189,0.0,0.887647,30.56468903,59.7493,16.2104,0.631691,25.66188028
thickness.iv,2,61,0.5408,1.344794,-28.958892,60.7733764,33.0347316,7.5036626,53.1272481,0.128734038,0.0137316131,7.35510975,0.148552848,0.0,0.887647,30.56468903,59.7493,16.2104,0.631691,25.66188028
thickness.iv,3,1,0.585,-0.156592,31.3184962,2.04729749,33.3879232,0.074964641,1.835105,0.128470997,0.00875685487,0.0748664846,9.81563504e-05,0.0,0.889691,30.80986346,59.9739,16.4396,0.65439,25.12204967
thickness.iv,3,2,0.585,-0.136286,31.2572586,2.08852772,33.3879232,0.0763833548,1.87490823,0.128476308,0.00875982817,0.0762750659,0.000108288973,0.0,0.889691,30.80986346,59.9739,16.4396,0.65439,25.12204967
thickness.iv,3,3,0.585,-0.115973,31.194661,2.13112525,33.3879232,0.0778693001,1.91601167,0.128481602,0.00876268035,0.0777497353,0.000119564715,0.0,0.889691,30.80986346,59.9739,16.4396,0.65439,25.12204967
thickness.iv,3,4,0.585,-0.095653,31.130666,2.17512012,33.3879232,0.0794282379,1.9584396,0.128486882,0.00876540833,0.0792961306,0.00013210734,0.0,0.889691,30.80986346,59.9739,16.4396,0.65439,25.12204967
thickness.iv,3,5,0.585,-0.075326,31.0652396,2.22054644,33.3879232,0.0810665068,2.00221978,0.128492146,0.00876801021,0.0809204541,0.000146052731,0.0,0.889691,30.80986346,59.9739,16.4396,0.65439,25.12204967
thickness.iv,3,6,0.585,-0.054992,30.9983442,2.26744169,33.3879232,0.0827910714,2.04738274,0.128497396,0.00877048479,0.082629522,0.00016154933,0.0,0.889691,30.80986346,59.9739,16.4396,0.65439,25.12204967
thickness.iv,3,7,0.585,-0.03465,30.9299382,2.31584766,33.3879232,0.0846095791,2.09396262,0.128502631,0.00877283166,0.0844308198,0.000178759256,0.0,0.889691,30.80986346,59.9739,16.4396,0.65439,25.12204967
thickness.iv,3,8,0.585,-0.0143,30.8599741,2.36581148,33.3879232,0.0865304255,2.14199816,0.128507852,0.00877505118,0.0863325658,0.000197859605,0.0,0.889691,30.80986346,59.9739,16.4396,0.65439,25.12204967
thickness.iv,3,9,0.585,0.006058,30.7883989,2.4173866,33.3879232,0.088562829,2.19153357,0.128513057,0.00877714446,0.088343785,0.000219043998,0.0,0.889691,30.80986346,59.9739,16.4396,0.65439,25.12204967
thickness.iv,3,10,0.585,0.026424,30.7151515,2.47063384,33.3879232,0.0907169198,2.24261956,0.128518246,0.00877911337,0.0904743954,0.000242524402,0.0,0.889691,30.80986346,59.9739,16.4396,0.65439,25.12204967
thickness.iv,3,11,0.585,0.046799,30.6401628,2.52562244,33.3879232,0.0930038437,2.29531422,0.128523418,0.00878096046,0.0927353104,0.00026853329,0.0,0.889691,30.80986346,59.9739,16.4396,0.65439,25.12204967
thickness.iv,3,12,0.585,0.067183,30.5633539,2.5824311,33.3879232,0.0954358876,2.34968395,0.128528573,0.00878268891,0.0951385614,0.000297326186,0.0,0.889691,30.80986346,59.9739,16.4396,0.65439,25.12204967
thickness.iv,3,13,0.585,0.087577,30.4846356,2.64114908,33.3879232,0.09802663,2.40580444,0.128533708,0.00878430243,0.0976974453,0.000329184665,0.0,0.889691,30.80986346,59.9739,16.4396,0.65439,25.12204967
thickness.iv,3,14,0.585,0.10798,30.4039072,2.70187734,33.3879232,0.100791122,2.46376159,0.128538823,0.00878580521,0.100426702,0.000364419864,0.0,0.889691,30.80986346,59.9739,16.4396,0.65439,25.12204967
thickness.iv,3,15,0.585,0.128395,30.3210546,2.76472971,33.3879232,0.103746105,2.52365248,0.128543916,0.00878720179,0.103342729,0.000403376608,0.0,0.889691,30.80986346,59.9739,16.4396,0.65439,25.12204967
thickness.iv,3,16,0.585,0.14882,30.23595,2.82983426,33.3879232,0.106910275,2.5855865,0.128548986,0.00878849701,0.106463837,0.000446438232,0.0,0.889691,30.80986346,59.9739,16.4396,0.65439,25.12204967
thickness.iv,3,17,0.585,0.169258,30.148449,2.89733477,33.3879232,0.110304602,2.64968644,0.12855403,0.00878969592,0.10981057,0.00049403224,0.0,0.889691,30.80986346,59.9739,16.4396,0.65439,25.12204967
thickness.iv,3,18,0.585,0.189708,30.0583911,2.96739246,33.3879232,0.113952721,2.71608989,0.128559048,0.00879080368,0.113406084,0.00054663695,0.0,0.889691,30.80986346,59.9739,16.4396,0.65439,25.12204967
thickness.iv,3,19,0.585,0.210172,29.9655953,3.04018804,33.3879232,0.117881424,2.78495075,0.128564036,0.00879182549,0.117276635,0.00060478933,0.0,0.889691,30.80986346,59.9739,16.4396,0.65439,25.12204967
thickness.iv,3,20,0.585,0.230651,29.8698588,3.11592415,33.3879232,0.122121282,2.85644111,0.128568994,0.00879276657,0.121452188,0.000669094279,0.0,0.889691,30.80986346,59.9739,16.4396,0.65439,25.12204967
thickness.iv,3,21,0.585,0.251145,29.7709543,3.19482841,33.3879232,0.126707467,2.93075339,0.128573919,0.00879363207,0.125967231,0.000740235688,0.0,0.889691,30.80986346,59.9739,16.4396,0.65439,25.12204967
thickness.iv,3,22,0.585,0.271657,29.6686252,3.27715719,33.3879232,0.131680866,3.00810309,0.12857881,0.00879442704,0.130861876,0.000818989748,0.0,0.889691,30.80986346,59.9739,16.4396,0.65439,25.12204967
thickness.iv,3,23,0.585,0.292187,29.5625814,3.36320054,33.3879232,0.137089657,3.08873207,0.128583665,0.00879515639,0.136183416,0.000906241099,0.0,0.889691,30.80986346,59.9739,16.4396,0.65439,25.12204967
thickness.iv,3,24,0.585,0.312738,29.4524929,3.45328872,33.3879232,0.142991632,3.17291278,0.128588482,0.00879582488,0.141988629,0.00100300275,0.0,0.889691,30.80986346,59.9739,16.4396,0.65439,25.12204967
thickness.iv,3,25,0.585,0.33331,29.3379797,3.54780114,33.3879232,0.149457754,3.26095368,0.128593261,0.00879643709,0.148347313,0.00111044112,0.0,0.889691,30.80986346,59.9739,16.4396,0.65439,25.12204967
thickness.iv,3,26,0.585,0.353907,29.2186011,3.64717935,33.3879232,0.156577768,3.35320659,0.128597999,0.00879699743,0.15534786,0.00122990842,0.0,0.889691,30.80986346,59.9739,16.4396,0.65439,25.12204967
thickness.iv,3,27,0.585,0.374531,29.0938336,3.75194638,33.3879232,0.164469249,3.45007692,0.128602696,0.0087975101,0.163106263,0.00136298609,0.0,0.889691,30.80986346,59.9739,16.4396,0.65439,25.12204967
thickness.iv,3,28,0.585,0.395185,28.9630426,3.86273678,33.3879232,0.173292289,3.55203916,0.128607351,0.00879797915,0.171780743,0.00151154624,0.0,0.889691,30.80986346,59.9739,16.4396,0.65439,25.12204967
thickness.iv,3,29,0.585,0.415873,28.8254339,3.98034484,33.3879232,0.183273324,3.65966115,0.128611963,0.00879840845,0.181595481,0.00167784373,0.0,0.889691,30.80986346,59.9739,16.4396,0.65439,25.12204967
thickness.iv,3,30,0.585,0.4366,28.679974,4.10580404,33.3879232,0.194743389,3.77364532,0.12861653,0.00879880174,0.192878725,0.0018646642,0.0,0.889691,30.80986346,59.9739,16.4396,0.65439,25.12204967
thickness.iv,3,31,0.585,0.457374,28.5252561,4.24052083,33.3879232,0.208198746,3.89490187,0.128621054,0.00879916269,0.206123168,0.00207557803,0.0,0.889691,30.80986346,59.9739,16.4396,0.65439,25.12204967
thickness.iv,3,32,0.585,0.478204,28.3592707,4.38650552,33.3879232,0.224395898,4.02468459,0.128625535,0.00879949496,0.222080496,0.00231540243,0.0,0.889691,30.80986346,59.9739,16.4396,0.65439,25.12204967
thickness.iv,3,33,0.585,0.499105,28.1789947,4.54678049,33.3879232,0.24449996,4.16485075,0.128629973,0.00879980238,0.24190888,0.00259108062,0.0,0.889691,30.80986346,59.9739,16.4396,0.65439,25.12204967
thickness.iv,3,34,0.585,0.520102,27.9796538,4.72612046,33.3879232,0.270317672,4.31836833,0.128634371,0.00880008919,0.267404263,0.00291340855,0.0,0.889691,30.80986346,59.9739,16.4396,0.65439,25.12204967
thickness.iv,3,35,0.585,0.541233,27.7533491,4.93242455,33.3879232,0.304667828,4.49031762,0.128638733,0.00880036055,0.301367335,0.00330049305,0.0,0.889691,30.80986346,59.9739,16.4396,0.65439,25.12204967
thickness.iv,3,36,0.585,0.562568,27.486475,5.1792976,33.3879232,0.35197682,4.68987709,0.128643067,0.00880062343,0.348192079,0.00378474078,0.0,0.889691,30.80986346,59.9739,16.4396,0.65439,25.12204967
thickness.iv,3,37,0.585,0.584226,27.1548406,5.49093119,33.3879232,0.419238398,4.93424452,0.128647387,0.0088008884,0.414811429,0.00442696835,0.0,0.889691,30.80986346,59.9739,16.4396,0.65439,25.12204967
thickness.iv,3,38,0.585,0.606427,26.7145155,5.91125459,33.3879232,0.51753722,5.25626447,0.128651719,0.0088011729,0.512192717,0.00534450374,0.0,0.889691,30.80986346,59.9739,16.4396,0.65439,25.12204967
thickness.iv,3,39,0.585,0.629574,26.0851931,6.52057617,33.3879232,0.66435219,5.71876635,0.128656114,0.00880150752,0.657586904,0.00676528543,0.0,0.889691,30.80986346,59.9739,16.4396,0.65439,25.12204967
thickness.iv,3,40,0.585,0.65439,25.1220497,7.46371753,33.3879232,0.8866227,6.43963222,0.128660663,0.0088019472,0.877498067,0.0091246325,0.0,0.889691,30.80986346,59.9739,16.4396,0.65439,25.12204967
thickness.iv,3,41,0.585,0.682121,23.5757543,8.99000906,33.3879232,1.22348798,7.62905296,0.128665528,0.0088025897,1.21027601,0.013211969,0.0,0.889691,30.80986346,59.9739,16.4396,0.65439,25.12204967
thickness.iv,3,42,0.585,0.714703,21.0594688,11.4862895,33.3879232,1.72461145,9.6242035,0.128670976,0.00880360038,1.70430268,0.0203087728,0.0,0.889691,30.80986346,59.9739,16.4396,0.65439,25.12204967
thickness.iv,3,43,0.585,0.754549,17.0901743,15.435588,33.3879232,2.43529372,12.8628117,0.128677364,0.00880523115,2.40321759,0.032076129,0.0,0.889691,30.80986346,59.9739,16.4396,0.65439,25.12204967
thickness.iv,3,44,0.585,0.803447,11.3105697,21.1951748,33.3879232,3.3614182,17.6962638,0.128685,0.00880780369,3.311646,0.0497722048,0.0,0.889691,30.80986346,59.9739,16.4396,0.65439,25.12204967
thickness.iv,3,45,0.585,0.860629,3.87424756,28.6112296,33.3879232,4.43193376,24.0417903,0.128693911,0.00881163641,4.35908547,0.0728482847,0.0,0.889691,30.80986346,59.9739,16.4396,0.65439,25.12204967
thickness.iv,3,46,0.585,0.921716,-4.34318705,36.8094472,33.3879232,5.50495223,31.1669745,0.128703586,0.00881696382,5.40664209,0.0983101318,0.0,0.889691,30.80986346,59.9739,16.4396,0.65439,25.12204967
thickness.iv,3,47,0.585,0.98041,-12.0819303,44.5283677,33.3879232,6.43104985,37.9597811,0.128712847,0.00882387346,6.30922627,0.121823578,0.0,0.889691,30.80986346,59.9739,16.4396,0.65439,25.12204967
thickness.iv,3,48,0.585,1.031443,-18.2886026,50.7136627,33.3879232,7.12045875,43.4556512,0.128720506,0.00883226336,6.98037821,0.140080543,0.0,0.889691,30.80986346,59.9739,16.4396,0.65439,25.12204967
thickness.iv,3,49,0.585,1.072786,-22.5572605,54.9637335,33.3879232,7.57171769,47.2544478,0.128726055,0.00884194005,7.41924336,0.152474332,0.0,0.889691,30.80986346,59.9739,16.4396,0.65439,25.12204967
thickness.iv,3,50,0.585,1.105762,-25.1523085,57.5371311,33.3879232,7.83249079,49.5670584,0.12872943,0.0088524207,7.6728497,0.159641093,0.0,0.889691,30.80986346,59.9739,16.4396,0.65439,25.12204967
thickness.iv,3,51,0.585,1.13299,-26.5980808,58.9647753,33.3879232,7.97735466,50.8498259,0.128731425,0.0088632666,7.81357051,0.163784151,0.0,0.889691,30.80986346,59.9739,16.4396,0.65439,25.12204967
thickness.iv,3,52,0.585,1.156929,-27.385817,59.7327335,33.3879232,8.05344419,51.5416825,0.128732484,0.00887430052,7.88750868,0.16593551,0.0,0.889691,30.80986346,59.9739,16.4396,0.65439,25.12204967
thickness.iv,3,53,0.585,1.179149,-27.8297139,60.1547277,33.3879232,8.09237955,51.9247298,0.128733005,0.00888534271,7.92543357,0.166945978,0.0,0.889691,30.80986346,59.9739,16.4396,0.65439,25.12204967
thickness.iv,3,54,0.585,1.200496,-28.0991011,60.4040801,33.3879232,8.1166739,52.1497767,0.128733348,0.00889623855,7.94904351,0.167630385,0.0,0.889691,30.80986346,59.9739,16.4396,0.65439,25.12204967
thickness.iv,3,55,0.585,1.221417,-28.2834131,60.5683765,33.3879232,8.13265208,52.298084,0.128733575,0.00890685756,7.96457087,0.16808121,0.0,0.889691,30.80986346,59.9739,16.4396,0.65439,25.12204967
thickness.iv,3,56,0.585,1.24213,-28.4260375,60.6909956,33.3879232,8.14456511,52.4087793,0.128733745,0.00891742997,7.97614729,0.168417817,0.0,0.889691,30.80986346,59.9739,16.4396,0.65439,25.12204967
thickness.iv,3,57,0.585,1.262735,-28.54702,60.7919774,33.3879232,8.15436804,52.4999477,0.128733885,0.0089277855,7.98567294,0.168695096,0.0,0.889691,30.80986346,59.9739,16.4396,0.65439,25.12204967
thickness.iv,3,58,0.585,1.28328,-28.656097,60.8810559,33.3879232,8.16300854,52.5803754,0.128734008,0.00893795901,7.99406886,0.168939678,0.0,0.889691,30.80986346,59.9739,16.4396,0.65439,25.12204967
thickness.iv,3,59,0.585,1.30379,-28.7580016,60.9629629,33.3879232,8.17094691,52.6543338,0.128734122,0.00894801759,8.00178241,0.169164505,0.0,0.889691,30.80986346,59.9739,16.4396,0.65439,25.12204967
thickness.iv,3,60,0.585,1.324273,-28.854688,61.0396519,33.3879232,8.17837339,52.7235864,0.128734229,0.00895782444,8.00899847,0.169374918,0.0,0.889691,30.80986346,59.9739,16.4396,0.65439,25.12204967
thickness.iv,3,61,0.585,1.344739,-28.9478089,61.1127755,33.3879232,8.18544882,52.7896248,0.128734331,0.00896750044,8.01587337,0.169575453,0.0,0.889691,30.80986346,59.9739,16.4396,0.65439,25.12204967
thickness.iv,4,1,0.6327,-0.157684,31.5368962,2.14101473,33.7029815,0.0827990105,1.92419686,0.128469109,0.00554974299,0.0826203956,0.00017861495,0.0,0.891426,31.03802832,60.2048,16.6575,0.652321,25.5357937
thickness.iv,4,2,0.6327,-0.137383,31.4766393,2.1812489,33.7029815,0.0844633835,1.96276025,0.128474453,0.00555080852,0.0842671779,0.000196205615,0.0,0.891426,31.03802832,60.2048,16.6575,0.652321,25.5357937
thickness.iv,4,3,0.6327,-0.117077,31.4153056,2.22259481,33.7029815,0.0862147259,2.00234849,0.128479778,0.00555181148,0.085999241,0.000215484937,0.0,0.891426,31.03802832,60.2048,16.6575,0.652321,25.5357937
thickness.iv,4,4,0.6327,-0.096764,31.3528104,2.26508991,33.7029815,0.0880593382,2.04299271,0.128485107,0.00555275288,0.0878227454,0.000236592797,0.0,0.891426,31.03802832,60.2048,16.6575,0.652321,25.5357937
thickness.iv,4,5,0.6327,-0.076446,31.28912,2.30878027,33.7029815,0.0900045953,2.08473161,0.128490431,0.00555363495,0.0897449067,0.000259688621,0.0,0.891426,31.03802832,60.2048,16.6575,0.652321,25.5357937
thickness.iv,4,6,0.6327,-0.056121,31.224183,2.35371714,33.7029815,0.0920583618,2.12760857,0.128495748,0.00555445993,0.0917734172,0.000284944645,0.0,0.891426,31.03802832,60.2048,16.6575,0.652321,25.5357937
thickness.iv,4,7,0.6327,-0.03579,31.1579426,2.39995742,33.7029815,0.0942291943,2.17167194,0.128501056,0.0055552302,0.0939166457,0.000312548613,0.0,0.891426,31.03802832,60.2048,16.6575,0.652321,25.5357937
thickness.iv,4,8,0.6327,-0.015452,31.0903357,2.44756417,33.7029815,0.0965264241,2.21697545,0.128506355,0.00555594823,0.0961837184,0.000342705642,0.0,0.891426,31.03802832,60.2048,16.6575,0.652321,25.5357937
thickness.iv,4,9,0.6327,0.004894,31.0212928,2.49660707,33.7029815,0.0989602538,2.26357856,0.128511641,0.00555661653,0.0985846135,0.000375640354,0.0,0.891426,31.03802832,60.2048,16.6575,0.652321,25.5357937
thickness.iv,4,10,0.6327,0.025246,30.9507367,2.54716291,33.7029815,0.10154187,2.31154689,0.128516914,0.00555723766,0.10113027,0.000411599299,0.0,0.891426,31.03802832,60.2048,16.6575,0.652321,25.5357937
thickness.iv,4,11,0.6327,0.045607,30.8785831,2.59931623,33.7029815,0.104283572,2.36095267,0.12852217,0.00555781419,0.103832718,0.000450853717,0.0,0.891426,31.03802832,60.2048,16.6575,0.652321,25.5357937
thickness.iv,4,12,0.6327,0.065976,30.8047393,2.65315997,33.7029815,0.107198924,2.41187529,0.128527408,0.00555834863,0.106705222,0.000493702688,0.0,0.891426,31.03802832,60.2048,16.6575,0.652321,25.5357937
thickness.iv,4,13,0.6327,0.086354,30.7291029,2.70879624,33.7029815,0.110302933,2.46440184,0.128532625,0.0055588435,0.109762456,0.000540476742,0.0,0.891426,31.03802832,60.2048,16.6575,0.652321,25.5357937
thickness.iv,4,14,0.6327,0.106742,30.6515617,2.76633725,33.7029815,0.113612249,2.51862788,0.12853782,0.00555930123,0.113020707,0.000591541996,0.0,0.891426,31.03802832,60.2048,16.6575,0.652321,25.5357937
thickness.iv,4,15,0.6327,0.12714,30.5719923,2.82590631,33.7029815,0.117145411,2.57465818,0.12854299,0.00555972419,0.116498106,0.000647304925,0.0,0.891426,31.03802832,60.2048,16.6575,0.652321,25.5357937
thickness.iv,4,16,0.6327,0.147549,30.4902593,2.88763907,33.7029815,0.120923134,2.63260769,0.128548133,0.00556011468,0.120214916,0.000708217881,0.0,0.891426,31.03802832,60.2048,16.6575,0.652321,25.5357937
thickness.iv,4,17,0.6327,0.167969,30.4062131,2.95168501,33.7029815,0.124968656,2.69260263,0.128553246,0.00556047489,0.12419387,0.000774785516,0.0,0.891426,31.03802832,60.2048,16.6575,0.652321,25.5357937
thickness.iv,4,18,0.6327,0.188402,30.3196889,3.01820911,33.7029815,0.129308155,2.75478182,0.128558329,0.00556080694,0.128460583,0.000847572283,0.0,0.891426,31.03802832,60.2048,16.6575,0.652321,25.5357937
thickness.iv,4,19,0.6327,0.208847,30.2305037,3.08739399,33.7029815,0.133971279,2.81929822,0.128563378,0.00556111284,0.133044068,0.000927211254,0.0,0.891426,31.03802832,60.2048,16.6575,0.652321,25.5357937
thickness.iv,4,20,0.6327,0.229308,30.138455,3.15944236,33.7029815,0.138991801,2.88632077,0.128568392,0.00556139452,0.137977387,0.00101441455,0.0,0.891426,31.03802832,60.2048,16.6575,0.652321,25.5357937
thickness.iv,4,21,0.6327,0.249783,30.0433167,3.23458014,33.7029815,0.144408487,2.95603663,0.128573369,0.00556165381,0.143298501,0.00110998575,0.0,0.891426,31.03802832,60.2048,16.6575,0.652321,25.5357937
thickness.iv,4,22,0.6327,0.270276,29.9448363,3.31306033,33.7029815,0.150266264,3.02865387,0.128578308,0.00556189244,0.149051429,0.00121483483,0.0,0.891426,31.03802832,60.2048,16.6575,0.652321,25.5357937
thickness.iv,4,23,0.6327,0.290786,29.8427284,3.39516795,33.7029815,0.156617857,3.10440477,0.128583206,0.00556211205,0.155287861,0.00132999621,0.0,0.891426,31.03802832,60.2048,16.6575,0.652321,25.5357937
thickness.iv,4,24,0.6327,0.311317,29.7366693,3.48122655,33.7029815,0.163526198,3.18354998,0.128588062,0.00556231421,0.162069547,0.00145665107,0.0,0.891426,31.03802832,60.2048,16.6575,0.652321,25.5357937
thickness.iv,4,25,0.6327,0.331869,29.6262883,3.57160727,33.7029815,0.171068087,3.2663838,0.128592876,0.0055625004,0.169471931,0.00159615531,0.0,0.891426,31.03802832,60.2048,16.6575,0.652321,25.5357937
thickness.iv,4,26,0.6327,0.352444,29.5111533,3.66674159,33.7029815,0.179339945,3.35324133,0.128597646,0.005562672,0.177589869,0.00175007556,0.0,0.891426,31.03802832,60.2048,16.6575,0.652321,25.5357937
thickness.iv,4,27,0.6327,0.373046,29.3907537,3.76714056,33.7029815,0.188467065,3.4445083,0.12860237,0.00556283038,0.186546827,0.00192023745,0.0,0.891426,31.03802832,60.2048,16.6575,0.652321,25.5357937
thickness.iv,4,28,0.6327,0.393678,29.2644695,3.87342446,33.7029815,0.198618595,3.54063584,0.128607049,0.0055629768,0.196509802,0.00210879333,0.0,0.891426,31.03802832,60.2048,16.6575,0.652321,25.5357937
thickness.iv,4,29,0.6327,0.414342,29.1315225,3.98637022,33.7029815,0.210031809,3.64216361,0.128611682,0.0055631125,0.207713486,0.00231832347,0.0,0.891426,31.03802832,60.2048,16.6575,0.652321,25.5357937
thickness.iv,4,30,0.6327,0.435045,28.9909031,4.10698931,33.7029815,0.223051063,3.74975874,0.128616267,0.00556323871,0.220499066,0.00255199771,0.0,0.891426,31.03802832,60.2048,16.6575,0.652321,25.5357937
thickness.iv,4,31,0.6327,0.455794,28.8412334,4.23665864,33.7029815,0.238189555,3.86428492,0.128620807,0.00556335665,0.235375703,0.0028138516,0.0,0.891426,31.03802832,60.2048,16.6575,0.652321,25.5357937
thickness.iv,4,32,0.6327,0.476597,28.6805449,4.37734558,33.7029815,0.256226249,3.98693056,0.1286253,0.00556346763,0.253116961,0.0031092872,0.0,0.891426,31.03802832,60.2048,16.6575,0.652321,25.5357937
thickness.iv,4,33,0.6327,0.497471,28.5058849,4.53200481,33.7029815,0.278357583,4.1194539,0.128629748,0.00556357309,0.27491156,0.00344602386,0.0,0.891426,31.03802832,60.2048,16.6575,0.652321,25.5357937
thickness.iv,4,34,0.6327,0.518437,28.3125927,4.70529642,33.7029815,0.306436571,4.26466202,0.128634154,0.0055636748,0.302600607,0.00383596403,0.0,0.891426,31.03802832,60.2048,16.6575,0.652321,25.5357937
thickness.iv,4,35,0.6327,0.539535,28.0929729,4.90491525,33.7029815,0.343354653,4.4273583,0.128638521,0.00556377514,0.339055723,0.00429892965,0.0,0.891426,31.03802832,60.2048,16.6575,0.652321,25.5357937
thickness.iv,4,36,0.6327,0.560831,27.8337964,5.14409073,33.7029815,0.393659256,4.61622473,0.128642858,0.00556387768,0.388789038,0.00487021819,0.0,0.891426,31.03802832,60.2048,16.6575,0.652321,25.5357937
thickness.iv,4,37,0.6327,0.582442,27.5115703,5.44631654,33.7029815,0.464556625,4.84754875,0.128647178,0.0055639882,0.458940748,0.00561587743,0.0,0.891426,31.03802832,60.2048,16.6575,0.652321,25.5357937
thickness.iv,4,38,0.6327,0.604582,27.0836513,5.85423336,33.7029815,0.567520127,5.15249761,0.128651507,0.00556411677,0.560856936,0.00666319159,0.0,0.891426,31.03802832,60.2048,16.6575,0.652321,25.5357937
thickness.iv,4,39,0.6327,0.62764,26.4720448,6.44583958,33.7029815,0.72075869,5.59086071,0.128655894,0.00556428153,0.71249911,0.00825957991,0.0,0.891426,31.03802832,60.2048,16.6575,0.652321,25.5357937
thickness.iv,4,40,0.6327,0.652321,25.5357937,7.362088,33.7029815,0.952592062,6.27527099,0.128660427,0.00556451562,0.941713436,0.0108786263,0.0,0.891426,31.03802832,60.2048,16.6575,0.652321,25.5357937
thickness.iv,4,41,0.6327,0.679844,24.031147,8.84672987,33.7029815,1.3047097,7.40779003,0.128665265,0.00556487857,1.28932668,0.0153830207,0.0,0.891426,31.03802832,60.2048,16.6575,0.652321,25.5357937
thickness.iv,4,42,0.6327,0.712117,21.5766975,11.2811742,33.7029815,1.83114315,9.31579487,0.128670668,0.00556547187,1.80795835,0.0231847974,0.0,0.891426,31.03802832,60.2048,16.6575,0.652321,25.5357937
thickness.iv,4,43,0.6327,0.75156,17.6880466,15.1498285,33.7029815,2.58346771,12.4321174,0.128676992,0.00556645136,2.54732393,0.0361437823,0.0,0.891426,31.03802832,60.2048,16.6575,0.652321,25.5357937
thickness.iv,4,44,0.6327,0.800054,11.9891064,20.8287534,33.7029815,3.5735743,17.1209265,0.128684557,0.00556801806,3.51784134,0.0557329559,0.0,0.891426,31.03802832,60.2048,16.6575,0.652321,25.5357937
thickness.iv,4,45,0.6327,0.857023,4.59530706,28.2022847,33.7029815,4.73087087,23.33715,0.128693415,0.00557037325,4.64939914,0.0814717238,0.0,0.891426,31.03802832,60.2048,16.6575,0.652321,25.5357937
thickness.iv,4,46,0.6327,0.918268,-3.65359748,36.4320284,33.7029815,5.90408059,30.393671,0.128703099,0.00557366776,5.79395397,0.110126625,0.0,0.891426,31.03802832,60.2048,16.6575,0.652321,25.5357937
thickness.iv,4,47,0.6327,0.97754,-11.5080511,44.2654028,33.7029815,6.92706936,37.2040431,0.128712404,0.00557795639,6.79030811,0.136761251,0.0,0.891426,31.03802832,60.2048,16.6575,0.652321,25.5357937
thickness.iv,4,48,0.6327,1.029335,-17.8670315,50.6041418,33.7029815,7.69768204,42.7721563,0.128720265,0.00558319581,7.53990891,0.157773129,0.0,0.891426,31.03802832,60.2048,16.6575,0.652321,25.5357937
thickness.iv,4,49,0.6327,1.071455,-22.2910903,55.0081235,33.7029815,8.20440539,46.6694029,0.128725944,0.0055892547,8.03242132,0.171984076,0.0,0.891426,31.03802832,60.2048,16.6575,0.652321,25.5357937
thickness.iv,4,50,0.6327,1.104985,-24.9969078,57.693984,33.7029815,8.50216553,49.0574932,0.128729513,0.00559585034,8.32169186,0.180473671,0.0,0.891426,31.03802832,60.2048,16.6575,0.652321,25.5357937
thickness.iv,4,51,0.6327,1.132564,-26.5128744,59.1916129,33.7029815,8.66660596,50.3906727,0.128731592,0.00560268953,8.48132002,0.185285941,0.0,0.891426,31.03802832,60.2048,16.6575,0.652321,25.5357937
thickness.iv,4,52,0.6327,1.156692,-27.3384728,59.9974467,33.7029815,8.75317449,51.1099299,0.128732701,0.00560965817,8.56537588,0.187798612,0.0,0.891426,31.03802832,60.2048,16.6575,0.652321,25.5357937
thickness.iv,4,53,0.6327,1.178997,-27.7994861,60.4385911,33.7029815,8.80024828,51.5039929,0.128733312,0.00561664307,8.61107992,0.189168353,0.0,0.891426,31.03802832,60.2048,16.6575,0.652321,25.5357937
thickness.iv,4,54,0.6327,1.200402,-28.0803091,60.6974082,33.7029815,8.82487345,51.7381776,0.128733607,0.00562352842,8.63509345,0.189779991,0.0,0.891426,31.03802832,60.2048,16.6575,0.652321,25.5357937
thickness.iv,4,55,0.6327,1.221346,-28.2692594,60.8663403,33.7029815,8.84267314,51.8893031,0.12873384,0.00563024561,8.6523777,0.190295438,0.0,0.891426,31.03802832,60.2048,16.6575,0.652321,25.5357937
thickness.iv,4,56,0.6327,1.242071,-28.4142156,60.991288,33.7029815,8.8558223,52.0010948,0.128734013,0.00563693258,8.66514562,0.190676676,0.0,0.891426,31.03802832,60.2048,16.6575,0.652321,25.5357937
thickness.iv,4,57,0.6327,1.262682,-28.5364564,61.0935256,33.7029815,8.86657229,52.0925757,0.128734155,0.00564350784,8.67558361,0.190988678,0.0,0.891426,31.03802832,60.2048,16.6575,0.652321,25.5357937
thickness.iv,4,58,0.6327,1.283231,-28.6462597,61.1833283,33.7029815,8.87600702,52.172937,0.128734279,0.00564994892,8.68474431,0.191262708,0.0,0.891426,31.03802832,60.2048,16.6575,0.652321,25.5357937
thickness.iv,4,59,0.6327,1.303743,-28.7485785,61.2656475,33.7029815,8.88464831,52.2466085,0.128734393,0.00565627814,8.69313448,0.191513824,0.0,0.891426,31.03802832,60.2048,16.6575,0.652321,25.5357937
thickness.iv,4,60,0.6327,1.324228,-28.8455967,61.3426665,33.7029815,8.8927264,52.3155431,0.1287345,0.00566248115,8.70097774,0.191748664,0.0,0.891426,31.03802832,60.2048,16.6575,0.652321,25.5357937
thickness.iv,4,61,0.6327,1.344695,-28.9389802,61.4160511,33.7029815,8.90041695,52.3812309,0.128734603,0.00566860023,8.70844464,0.191972312,0.0,0.891426,31.03802832,60.2048,16.6575,0.652321,25.5357937
thickness.iv,5,1,0.6844,-0.158697,31.7394434,2.21440372,33.9821883,0.0924660622,1.9900774,0.128467666,0.00339258875,0.0921380775,0.000327984639,0.0,0.892893,31.25501257,60.384,16.8516,0.650465,25.9069916
thickness.iv,5,2,0.6844,-0.138406,31.6812809,2.25255417,33.9821883,0.0944886987,2.0261995,0.128473089,0.00339289038,0.0941327605,0.000355938224,0.0,0.892893,31.25501257,60.384,16.8516,0.650465,25.9069916
thickness.iv,5,3,0.6844,-0.118111,31.6221074,2.29172712,33.9821883,0.0966174761,2.06323797,0.128478503,0.00339317153,0.0962313554,0.000386120736,0.0,0.892893,31.25501257,60.384,16.8516,0.650465,25.9069916
thickness.iv,5,4,0.6844,-0.097809,31.5618614,2.33197251,33.9821883,0.0988596514,2.10123551,0.128483912,0.00339343333,0.0984409489,0.000418702547,0.0,0.892893,31.25501257,60.384,16.8516,0.650465,25.9069916
thickness.iv,5,5,0.6844,-0.077503,31.5005017,2.3733434,33.9821883,0.101223534,2.14023688,0.128489307,0.00339367694,0.10076966,0.000453873894,0.0,0.892893,31.25501257,60.384,16.8516,0.650465,25.9069916
thickness.iv,5,6,0.6844,-0.05719,31.437946,2.41589896,33.9821883,0.103717439,2.18029292,0.128494701,0.00339390339,0.103225604,0.000491834862,0.0,0.892893,31.25501257,60.384,16.8516,0.650465,25.9069916
thickness.iv,5,7,0.6844,-0.036871,31.3741436,2.45970137,33.9821883,0.106351162,2.22145601,0.128500083,0.00339411376,0.10581835,0.000532811389,0.0,0.892893,31.25501257,60.384,16.8516,0.650465,25.9069916
thickness.iv,5,8,0.6844,-0.016545,31.3090263,2.50481847,33.9821883,0.109135171,2.26378354,0.128505453,0.00339430907,0.108558123,0.000577048279,0.0,0.892893,31.25501257,60.384,16.8516,0.650465,25.9069916
thickness.iv,5,9,0.6844,0.003787,31.2425209,2.55132374,33.9821883,0.112080937,2.30733751,0.128510807,0.00339449028,0.111456123,0.000624813845,0.0,0.892893,31.25501257,60.384,16.8516,0.650465,25.9069916
thickness.iv,5,10,0.6844,0.024127,31.1745477,2.59929683,33.9821883,0.115201049,2.35218497,0.128516144,0.00339465832,0.114524646,0.000676402654,0.0,0.892893,31.25501257,60.384,16.8516,0.650465,25.9069916
thickness.iv,5,11,0.6844,0.044475,31.1050202,2.64882414,33.9821883,0.118509365,2.3983985,0.12852146,0.00339481408,0.117777226,0.000732138626,0.0,0.892893,31.25501257,60.384,16.8516,0.650465,25.9069916
thickness.iv,5,12,0.6844,0.064831,31.0338446,2.6999996,33.9821883,0.122021165,2.44605672,0.128526755,0.0033949584,0.121228787,0.000792378568,0.0,0.892893,31.25501257,60.384,16.8516,0.650465,25.9069916
thickness.iv,5,13,0.6844,0.085195,30.9609186,2.75292539,33.9821883,0.125753349,2.49524493,0.128532026,0.00339509206,0.124895833,0.000857516208,0.0,0.892893,31.25501257,60.384,16.8516,0.650465,25.9069916
thickness.iv,5,14,0.6844,0.105569,30.8861309,2.80771294,33.9821883,0.129724654,2.5460558,0.128537269,0.00339521583,0.128796667,0.000927986823,0.0,0.892893,31.25501257,60.384,16.8516,0.650465,25.9069916
thickness.iv,5,15,0.6844,0.125953,30.8093597,2.86448397,33.9821883,0.133955913,2.59859024,0.128542485,0.00339533042,0.13295164,0.00100427258,0.0,0.892893,31.25501257,60.384,16.8516,0.650465,25.9069916
thickness.iv,5,16,0.6844,0.146348,30.7304717,2.92337177,33.9821883,0.13847037,2.65295829,0.128547669,0.00339543651,0.137383461,0.00108690874,0.0,0.892893,31.25501257,60.384,16.8516,0.650465,25.9069916
thickness.iv,5,17,0.6844,0.166753,30.6493205,2.98452267,33.9821883,0.143294047,2.70928027,0.128552821,0.00339553474,0.142117556,0.00117649082,0.0,0.892893,31.25501257,60.384,16.8516,0.650465,25.9069916
thickness.iv,5,18,0.6844,0.187171,30.5657451,3.04809782,33.9821883,0.148456192,2.76768807,0.128557938,0.0033956257,0.147182509,0.00127368307,0.0,0.892893,31.25501257,60.384,16.8516,0.650465,25.9069916
thickness.iv,5,19,0.6844,0.207602,30.4795675,3.11427525,33.9821883,0.153989836,2.82832669,0.128563019,0.00339570998,0.152610607,0.00137922832,0.0,0.892893,31.25501257,60.384,16.8516,0.650465,25.9069916
thickness.iv,5,20,0.6844,0.228047,30.39059,3.18325242,33.9821883,0.159932491,2.89135608,0.128568061,0.0033957881,0.158438531,0.00149395976,0.0,0.892893,31.25501257,60.384,16.8516,0.650465,25.9069916
thickness.iv,5,21,0.6844,0.248507,30.2985927,3.25524927,33.9821883,0.166327066,2.95695328,0.128573064,0.00339586059,0.164708251,0.00161881485,0.0,0.892893,31.25501257,60.384,16.8516,0.650465,25.9069916
thickness.iv,5,22,0.6844,0.268983,30.2033297,3.33051215,33.9821883,0.173223093,3.0253151,0.128578025,0.00339592791,0.171468241,0.00175485208,0.0,0.892893,31.25501257,60.384,16.8516,0.650465,25.9069916
thickness.iv,5,23,0.6844,0.289477,30.1045228,3.40931865,33.9821883,0.180678443,3.09666127,0.128582943,0.00339599053,0.178775172,0.00190327124,0.0,0.892893,31.25501257,60.384,16.8516,0.650465,25.9069916
thickness.iv,5,24,0.6844,0.309991,30.0018569,3.4919842,33.9821883,0.188761822,3.17123851,0.128587818,0.00339604889,0.186696384,0.00206543837,0.0,0.892893,31.25501257,60.384,16.8516,0.650465,25.9069916
thickness.iv,5,25,0.6844,0.330525,29.89497,3.5788709,33.9821883,0.19755655,3.2493256,0.128592647,0.0033961034,0.195313633,0.00224291699,0.0,0.892893,31.25501257,60.384,16.8516,0.650465,25.9069916
thickness.iv,5,26,0.6844,0.351083,29.7834397,3.67040033,33.9821883,0.207166473,3.33124027,0.128597429,0.00339615446,0.204728965,0.00243750818,0.0,0.892893,31.25501257,60.384,16.8516,0.650465,25.9069916
thickness.iv,5,27,0.6844,0.371666,29.6667671,3.76707244,33.9821883,0.217725423,3.41734865,0.128602165,0.00339620245,0.215074119,0.00265130397,0.0,0.892893,31.25501257,60.384,16.8516,0.650465,25.9069916
thickness.iv,5,28,0.6844,0.392278,29.544344,3.86949497,33.9821883,0.229412515,3.50807935,0.128606853,0.00339624776,0.226525753,0.00288676212,0.0,0.892893,31.25501257,60.384,16.8516,0.650465,25.9069916
thickness.iv,5,29,0.6844,0.412923,29.4154076,3.97843029,33.9821883,0.242476899,3.60394561,0.128611493,0.00339629077,0.239330082,0.00314681692,0.0,0.892893,31.25501257,60.384,16.8516,0.650465,25.9069916
thickness.iv,5,30,0.6844,0.433605,29.2789658,4.09487228,33.9821883,0.257277467,3.7055824,0.128616085,0.00339633186,0.253842412,0.00343505555,0.0,0.892893,31.25501257,60.384,16.8516,0.650465,25.9069916
thickness.iv,5,31,0.6844,0.454332,29.1336618,4.22017518,33.9821883,0.274345837,3.81381234,0.128620629,0.00339637146,0.270589819,0.00375601801,0.0,0.892893,31.25501257,60.384,16.8516,0.650465,25.9069916
thickness.iv,5,32,0.6844,0.475112,28.9775619,4.35627465,33.9821883,0.294485318,3.9297678,0.128625125,0.00339641006,0.290369578,0.00411573921,0.0,0.892893,31.25501257,60.384,16.8516,0.650465,25.9069916
thickness.iv,5,33,0.6844,0.495961,28.8077591,4.50607687,33.9821883,0.318926164,4.05512468,0.128629575,0.00339644824,0.314403388,0.0045227766,0.0,0.892893,31.25501257,60.384,16.8516,0.650465,25.9069916
thickness.iv,5,34,0.6844,0.516902,28.6196743,4.67416113,33.9821883,0.349571083,4.19255958,0.128633981,0.00339648681,0.344580859,0.00499022479,0.0,0.892893,31.25501257,60.384,16.8516,0.650465,25.9069916
thickness.iv,5,35,0.6844,0.537971,28.4057557,4.86807888,33.9821883,0.389389096,4.34665491,0.128638348,0.00339652697,0.383849346,0.00553974953,0.0,0.892893,31.25501257,60.384,16.8516,0.650465,25.9069916
thickness.iv,5,36,0.6844,0.559235,28.1530382,5.10079495,33.9821883,0.443056142,4.52569955,0.128642682,0.00339657061,0.436846393,0.00620974944,0.0,0.892893,31.25501257,60.384,16.8516,0.650465,25.9069916
thickness.iv,5,37,0.6844,0.580807,27.8385256,5.39530633,33.9821883,0.518002828,4.74525988,0.128646998,0.00339662099,0.510930957,0.00707187168,0.0,0.892893,31.25501257,60.384,16.8516,0.650465,25.9069916
thickness.iv,5,38,0.6844,0.602897,27.4205069,5.7933241,33.9821883,0.626110514,5.03516558,0.128651322,0.00339668391,0.617846486,0.00826402879,0.0,0.892893,31.25501257,60.384,16.8516,0.650465,25.9069916
thickness.iv,5,39,0.6844,0.625887,26.8226788,6.37115148,33.9821883,0.786349106,5.4527499,0.128655699,0.00339677,0.776294749,0.0100543576,0.0,0.892893,31.25501257,60.384,16.8516,0.650465,25.9069916
thickness.iv,5,40,0.6844,0.650465,25.9069916,7.26683583,33.9821883,1.02846473,6.10631399,0.128660218,0.00339689881,1.01550782,0.0129569045,0.0,0.892893,31.25501257,60.384,16.8516,0.650465,25.9069916
thickness.iv,5,41,0.6844,0.67783,24.4340439,8.71978055,33.9821883,1.3967533,7.19096512,0.128665032,0.00339710567,1.37884213,0.017911166,0.0,0.892893,31.25501257,60.384,16.8516,0.650465,25.9069916
thickness.iv,5,42,0.6844,0.709865,22.0270525,11.1067645,33.9821883,1.94965536,9.02504127,0.128670398,0.00339745105,1.92319099,0.026464373,0.0,0.892893,31.25501257,60.384,16.8516,0.650465,25.9069916
thickness.iv,5,43,0.6844,0.748991,18.2017044,14.9121133,33.9821883,2.7450102,12.0350284,0.12867667,0.00339802828,2.70433111,0.0406790828,0.0,0.892893,31.25501257,60.384,16.8516,0.650465,25.9069916
thickness.iv,5,44,0.6844,0.797156,12.5688019,20.5250068,33.9821883,3.80069033,16.5922333,0.128684173,0.00339895861,3.73844615,0.0622441862,0.0,0.892893,31.25501257,60.384,16.8516,0.650465,25.9069916
thickness.iv,5,45,0.6844,0.853931,5.21381076,27.8597487,33.9821883,5.04667508,22.6809803,0.128692982,0.00340036448,4.95592838,0.0907467073,0.0,0.892893,31.25501257,60.384,16.8516,0.650465,25.9069916
thickness.iv,5,46,0.6844,0.915298,-3.05958466,36.1132325,33.9821883,6.32234963,29.6587779,0.12870263,0.00340233683,6.19967778,0.122671853,0.0,0.892893,31.25501257,60.384,16.8516,0.650465,25.9069916
thickness.iv,5,47,0.6844,0.974997,-10.9993553,44.0325113,33.9821883,7.44602818,36.4543662,0.128712031,0.00340491755,7.29336958,0.152658602,0.0,0.892893,31.25501257,60.384,16.8516,0.650465,25.9069916
thickness.iv,5,48,0.6844,1.027432,-17.4864643,50.5009104,33.9821883,8.30174123,42.067041,0.128720076,0.0034080818,8.12512249,0.176618741,0.0,0.892893,31.25501257,60.384,16.8516,0.650465,25.9069916
thickness.iv,5,49,0.6844,1.070222,-22.0444638,55.0392216,33.9821883,8.86902663,46.0380573,0.128725919,0.00341175065,8.67611033,0.192916295,0.0,0.892893,31.25501257,60.384,16.8516,0.650465,25.9069916
thickness.iv,5,50,0.6844,1.104265,-24.8530546,57.8279415,33.9821883,9.20443557,48.4913606,0.128729617,0.00341575678,9.00173235,0.202703222,0.0,0.892893,31.25501257,60.384,16.8516,0.650465,25.9069916
thickness.iv,5,51,0.6844,1.132189,-26.4377199,59.390441,33.9821883,9.38463555,49.8736539,0.128731657,0.00341991566,9.17676359,0.207871961,0.0,0.892893,31.25501257,60.384,16.8516,0.650465,25.9069916
thickness.iv,5,52,0.6844,1.15648,-27.2959431,60.2307184,33.9821883,9.48505697,50.6135044,0.128732872,0.00342416804,9.27409534,0.21096163,0.0,0.892893,31.25501257,60.384,16.8516,0.650465,25.9069916
thickness.iv,5,53,0.6844,1.178873,-27.7746578,60.6895662,33.9821883,9.53803614,51.0193681,0.128733507,0.00342843093,9.32549783,0.212538313,0.0,0.892893,31.25501257,60.384,16.8516,0.650465,25.9069916
thickness.iv,5,54,0.6844,1.200311,-28.0621604,60.9571356,33.9821883,9.56879142,51.2561777,0.128733878,0.00343264917,9.35533726,0.213454155,0.0,0.892893,31.25501257,60.384,16.8516,0.650465,25.9069916
thickness.iv,5,55,0.6844,1.221277,-28.2553568,61.1303644,33.9821883,9.58863828,51.4095553,0.128734119,0.00343673971,9.37459331,0.214044965,0.0,0.892893,31.25501257,60.384,16.8516,0.650465,25.9069916
thickness.iv,5,56,0.6844,1.242012,-28.4024471,61.2574697,33.9821883,9.60316329,51.5221313,0.128734295,0.00344082307,9.38868624,0.21447705,0.0,0.892893,31.25501257,60.384,16.8516,0.650465,25.9069916
thickness.iv,5,57,0.6844,1.262629,-28.5258119,61.3608415,33.9821883,9.61495274,51.6137094,0.128734439,0.00344483818,9.40012517,0.214827574,0.0,0.892893,31.25501257,60.384,16.8516,0.650465,25.9069916
thickness.iv,5,58,0.6844,1.283191,-28.6381588,61.4512397,33.9821883,9.62206459,51.6969918,0.1287345,0.00344876864,9.40714382,0.214920767,0.0,0.892893,31.25501257,60.384,16.8516,0.650465,25.9069916
thickness.iv,5,59,0.6844,1.303704,-28.7408873,61.5339693,33.9821883,9.63145844,51.7703237,0.128734615,0.00345263329,9.4162585,0.215199939,0.0,0.892893,31.25501257,60.384,16.8516,0.650465,25.9069916
thickness.iv,5,60,0.6844,1.324192,-28.83847,61.6115515,33.9821883,9.64025692,51.8391034,0.128734723,0.00345645579,9.42479553,0.215461391,0.0,0.892893,31.25501257,60.384,16.8516,0.650465,25.9069916
thickness.iv,5,61,0.6844,1.344659,-28.9318571,61.6849383,33.9821883,9.64857257,51.9041707,0.128734825,0.00346017679,9.432864,0.21570857,0.0,0.892893,31.25501257,60.384,16.8516,0.650465,25.9069916
thickness.iv,6,1,0.7402,-0.159661,31.9321166,2.26405767,34.2280978,0.104832184,2.02876256,0.128466908,0.00199601864,0.104264228,0.000567956293,0.0,0.894145,31.45993342,60.5211,17.0244,0.648801,26.23981292
thickness.iv,6,2,0.7402,-0.139379,31.8758667,2.30029757,34.2280978,0.107304892,2.0625242,0.128472386,0.00199609163,0.106695932,0.000608960445,0.0,0.894145,31.45993342,60.5211,17.0244,0.648801,26.23981292
thickness.iv,6,3,0.7402,-0.119093,31.818627,2.33753643,34.2280978,0.109903708,2.0971587,0.128477854,0.00199615963,0.109250902,0.000652806115,0.0,0.894145,31.45993342,60.5211,17.0244,0.648801,26.23981292
thickness.iv,6,4,0.7402,-0.098802,31.7603386,2.37582467,34.2280978,0.112636881,2.13270826,0.128483314,0.00199622296,0.111937183,0.00069969828,0.0,0.894145,31.45993342,60.5211,17.0244,0.648801,26.23981292
thickness.iv,6,5,0.7402,-0.078505,31.7009464,2.41521551,34.2280978,0.115513607,2.16921686,0.128488765,0.00199628194,0.114763744,0.000749862273,0.0,0.894145,31.45993342,60.5211,17.0244,0.648801,26.23981292
thickness.iv,6,6,0.7402,-0.058202,31.6403961,2.45576612,34.2280978,0.118543893,2.20673169,0.128494204,0.00199633686,0.11774035,0.000803543447,0.0,0.894145,31.45993342,60.5211,17.0244,0.648801,26.23981292
thickness.iv,6,7,0.7402,-0.037893,31.5786354,2.49753661,34.2280978,0.121739038,2.24530156,0.128499621,0.00199638798,0.120878026,0.000861012335,0.0,0.894145,31.45993342,60.5211,17.0244,0.648801,26.23981292
thickness.iv,6,8,0.7402,-0.017578,31.5155756,2.54059628,34.2280978,0.125110248,2.28498456,0.12850503,0.00199643559,0.124187693,0.000922555507,0.0,0.894145,31.45993342,60.5211,17.0244,0.648801,26.23981292
thickness.iv,6,9,0.7402,0.002744,31.4511563,2.58501547,34.2280978,0.128670912,2.32583766,0.12851042,0.00199647992,0.127682417,0.000988495074,0.0,0.894145,31.45993342,60.5211,17.0244,0.648801,26.23981292
thickness.iv,6,10,0.7402,0.023074,31.3852998,2.63087181,34.2280978,0.132435336,2.36792417,0.12851579,0.0019965212,0.131376155,0.00105918095,0.0,0.894145,31.45993342,60.5211,17.0244,0.648801,26.23981292
thickness.iv,6,11,0.7402,0.04341,31.317922,2.67824945,34.2280978,0.136419234,2.41131252,0.128521138,0.00199655965,0.135284237,0.00113499698,0.0,0.894145,31.45993342,60.5211,17.0244,0.648801,26.23981292
thickness.iv,6,12,0.7402,0.063755,31.2489316,2.72723975,34.2280978,0.140639907,2.45607678,0.128526461,0.00199659549,0.139423542,0.0012163649,0.0,0.894145,31.45993342,60.5211,17.0244,0.648801,26.23981292
thickness.iv,6,13,0.7402,0.084109,31.1782291,2.77794209,34.2280978,0.145116443,2.50229726,0.128531757,0.0019966289,0.143812694,0.00130374891,0.0,0.894145,31.45993342,60.5211,17.0244,0.648801,26.23981292
thickness.iv,6,14,0.7402,0.104471,31.1057063,2.83046483,34.2280978,0.149869959,2.55006119,0.128537024,0.00199666008,0.148472298,0.00139766088,0.0,0.894145,31.45993342,60.5211,17.0244,0.648801,26.23981292
thickness.iv,6,15,0.7402,0.124844,31.0312444,2.88492639,34.2280978,0.154923882,2.59946356,0.12854226,0.0019966892,0.153425216,0.00149866637,0.0,0.894145,31.45993342,60.5211,17.0244,0.648801,26.23981292
thickness.iv,6,16,0.7402,0.145226,30.9547142,2.94145646,34.2280978,0.160304284,2.650608,0.128547464,0.00199671642,0.158696893,0.00160739156,0.0,0.894145,31.45993342,60.5211,17.0244,0.648801,26.23981292
thickness.iv,6,17,0.7402,0.16562,30.875973,3.00019753,34.2280978,0.166040281,2.70360787,0.128552633,0.0019967419,0.16431575,0.00172453139,0.0,0.894145,31.45993342,60.5211,17.0244,0.648801,26.23981292
thickness.iv,6,18,0.7402,0.186026,30.7948637,3.06130658,34.2280978,0.172164515,2.75858753,0.128557765,0.0019967658,0.170313656,0.00185085896,0.0,0.894145,31.45993342,60.5211,17.0244,0.648801,26.23981292
thickness.iv,6,19,0.7402,0.206444,30.7112129,3.12495718,34.2280978,0.17871375,2.81568378,0.128562859,0.00199678824,0.176726513,0.00198723667,0.0,0.894145,31.45993342,60.5211,17.0244,0.648801,26.23981292
thickness.iv,6,20,0.7402,0.226876,30.6248277,3.19134198,34.2280978,0.185729618,2.87504764,0.128567913,0.00199680937,0.183594989,0.00213462929,0.0,0.894145,31.45993342,60.5211,17.0244,0.648801,26.23981292
thickness.iv,6,21,0.7402,0.247323,30.5354936,3.26067574,34.2280978,0.193259584,2.9368464,0.128572926,0.00199682932,0.190965464,0.0022941196,0.0,0.894145,31.45993342,60.5211,17.0244,0.648801,26.23981292
thickness.iv,6,22,0.7402,0.267785,30.4429697,3.33319913,34.2280978,0.201358232,3.00126616,0.128577895,0.0019968482,0.198891305,0.00246692699,0.0,0.894145,31.45993342,60.5211,17.0244,0.648801,26.23981292
thickness.iv,6,23,0.7402,0.288265,30.3469852,3.4091836,34.2280978,0.210089057,3.06851486,0.128582821,0.00199686615,0.207434627,0.00265443011,0.0,0.894145,31.45993342,60.5211,17.0244,0.648801,26.23981292
thickness.iv,6,24,0.7402,0.308764,30.2472307,3.48893781,34.2280978,0.219527057,3.13882617,0.128587701,0.00199688326,0.216668862,0.00285819455,0.0,0.894145,31.45993342,60.5211,17.0244,0.648801,26.23981292
thickness.iv,6,25,0.7402,0.329283,30.1433514,3.57281642,34.2280978,0.229762633,3.21246436,0.128592535,0.00199689966,0.226682625,0.00308000741,0.0,0.894145,31.45993342,60.5211,17.0244,0.648801,26.23981292
thickness.iv,6,26,0.7402,0.349825,30.0349349,3.66123275,34.2280978,0.240907677,3.28973084,0.128597321,0.00199691546,0.237585756,0.00332192168,0.0,0.894145,31.45993342,60.5211,17.0244,0.648801,26.23981292
thickness.iv,6,27,0.7402,0.370393,29.9214894,3.75467756,34.2280978,0.25310527,3.3709733,0.128602059,0.00199693077,0.249518955,0.00358631504,0.0,0.894145,31.45993342,60.5211,17.0244,0.648801,26.23981292
thickness.iv,6,28,0.7402,0.390988,29.8024184,3.85374818,34.2280978,0.266545321,3.45659916,0.128606749,0.00199694571,0.262669349,0.00387597183,0.0,0.894145,31.45993342,60.5211,17.0244,0.648801,26.23981292
thickness.iv,6,29,0.7402,0.411615,29.6769709,3.95919506,34.2280978,0.281489838,3.54709687,0.12861139,0.0019969604,0.277295633,0.00419420434,0.0,0.894145,31.45993342,60.5211,17.0244,0.648801,26.23981292
thickness.iv,6,30,0.7402,0.432279,29.5441675,4.07199795,34.2280978,0.298313414,3.64307158,0.128615981,0.00199697497,0.293768369,0.00454504463,0.0,0.894145,31.45993342,60.5211,17.0244,0.648801,26.23981292
thickness.iv,6,31,0.7402,0.452987,29.4026712,4.19349346,34.2280978,0.317567482,3.74530846,0.128620524,0.0019969896,0.312633912,0.00493357005,0.0,0.894145,31.45993342,60.5211,17.0244,0.648801,26.23981292
thickness.iv,6,32,0.7402,0.473747,29.2505702,4.32559358,34.2280978,0.340081393,3.85489016,0.128625019,0.00199700447,0.334714903,0.00536648972,0.0,0.894145,31.45993342,60.5211,17.0244,0.648801,26.23981292
thickness.iv,6,33,0.7402,0.494575,29.084994,4.47116959,34.2280978,0.367121394,3.97342171,0.128629467,0.00199701986,0.361268139,0.00585325449,0.0,0.894145,31.45993342,60.5211,17.0244,0.648801,26.23981292
thickness.iv,6,34,0.7402,0.515493,28.9014182,4.63474423,34.2280978,0.400642887,4.10347044,0.12863387,0.00199703618,0.394234656,0.00640823087,0.0,0.894145,31.45993342,60.5211,17.0244,0.648801,26.23981292
thickness.iv,6,35,0.7402,0.536538,28.692392,4.82376979,34.2280978,0.44369693,4.24943757,0.128638233,0.00199705404,0.436641877,0.00705505304,0.0,0.894145,31.45993342,60.5211,17.0244,0.648801,26.23981292
thickness.iv,6,36,0.7402,0.557774,28.4451325,5.051028,34.2280978,0.501095001,4.41929336,0.128642563,0.00199707449,0.493259571,0.00783543039,0.0,0.894145,31.45993342,60.5211,17.0244,0.648801,26.23981292
thickness.iv,6,37,0.7402,0.579315,28.1369908,5.33916894,34.2280978,0.580503575,4.62802139,0.128646873,0.00199709936,0.571676592,0.00882698297,0.0,0.894145,31.45993342,60.5211,17.0244,0.648801,26.23981292
thickness.iv,6,38,0.7402,0.601365,27.7269138,5.7292451,34.2280978,0.694231242,4.90436554,0.12865119,0.00199713194,0.684052302,0.0101789404,0.0,0.894145,31.45993342,60.5211,17.0244,0.648801,26.23981292
thickness.iv,6,39,0.7402,0.624301,27.1398213,6.29633646,34.2280978,0.862040666,5.30364306,0.128655557,0.0019971783,0.849859233,0.0121814332,0.0,0.894145,31.45993342,60.5211,17.0244,0.648801,26.23981292
thickness.iv,6,40,0.7402,0.648801,26.2398129,7.17634266,34.2280978,1.11515366,5.93053168,0.128660062,0.00199724967,1.09976241,0.0153912518,0.0,0.894145,31.45993342,60.5211,17.0244,0.648801,26.23981292
thickness.iv,6,41,0.7402,0.676046,24.7908229,8.60532986,34.2280978,1.50053757,6.97413006,0.128664857,0.00199736637,1.47970918,0.0208283974,0.0,0.894145,31.45993342,60.5211,17.0244,0.648801,26.23981292
thickness.iv,6,42,0.7402,0.7079,22.4199355,10.9562094,34.2280978,2.08109848,8.74444313,0.128670192,0.00199756327,2.05091834,0.0301801402,0.0,0.894145,31.45993342,60.5211,17.0244,0.648801,26.23981292
thickness.iv,6,43,0.7402,0.746781,18.6438476,14.7122967,34.2280978,2.92093832,11.6606841,0.128676419,0.00199789431,2.87522267,0.0457156534,0.0,0.894145,31.45993342,60.5211,17.0244,0.648801,26.23981292
thickness.iv,6,44,0.7402,0.794677,13.0646305,20.2715087,34.2280978,4.04385207,16.0969743,0.12868387,0.00199842991,3.97451254,0.0693395251,0.0,0.894145,31.45993342,60.5211,17.0244,0.648801,26.23981292
thickness.iv,6,45,0.7402,0.851277,5.74464037,27.5712512,34.2280978,5.38041756,22.0601418,0.128692633,0.0019992416,5.27971442,0.100703142,0.0,0.894145,31.45993342,60.5211,17.0244,0.648801,26.23981292
thickness.iv,6,46,0.7402,0.912703,-2.54053319,35.8365073,34.2280978,6.76106408,28.9447406,0.128702271,0.00200038312,6.62501875,0.136045328,0.0,0.894145,31.45993342,60.5211,17.0244,0.648801,26.23981292
thickness.iv,6,47,0.7402,0.972755,-10.5509268,43.8263022,34.2280978,7.98808914,35.7074994,0.128711716,0.00200188023,7.81861838,0.169470758,0.0,0.894145,31.45993342,60.5211,17.0244,0.648801,26.23981292
thickness.iv,6,48,0.7402,1.025767,-17.1533902,50.4086662,34.2280978,8.92917484,41.3487678,0.128719823,0.00200372093,8.73291696,0.196257887,0.0,0.894145,31.45993342,60.5211,17.0244,0.648801,26.23981292
thickness.iv,6,49,0.7402,1.069137,-21.8273388,55.0627517,34.2280978,9.55829991,45.3737201,0.128725795,0.0020058599,9.34363027,0.214669639,0.0,0.894145,31.45993342,60.5211,17.0244,0.648801,26.23981292
thickness.iv,6,50,0.7402,1.103623,-24.7246449,57.9415981,34.2280978,9.93472524,47.876135,0.128729654,0.00200820551,9.70876528,0.225959965,0.0,0.894145,31.45993342,60.5211,17.0244,0.648801,26.23981292
thickness.iv,6,51,0.7402,1.131834,-26.3667977,59.5620311,34.2280978,10.1374653,49.2938234,0.128731782,0.00201064527,9.90554699,0.231918283,0.0,0.894145,31.45993342,60.5211,17.0244,0.648801,26.23981292
thickness.iv,6,52,0.7402,1.156287,-27.2574086,60.4343982,34.2280978,10.2495175,50.0541345,0.128733031,0.00201314921,10.0141052,0.235412278,0.0,0.894145,31.45993342,60.5211,17.0244,0.648801,26.23981292
thickness.iv,6,53,0.7402,1.178762,-27.7524798,60.9096033,34.2280978,10.3087618,50.4700922,0.128733688,0.00201564779,10.0715525,0.237209328,0.0,0.894145,31.45993342,60.5211,17.0244,0.648801,26.23981292
thickness.iv,6,54,0.7402,1.20024,-28.0480606,61.1852527,34.2280978,10.3429714,50.7115291,0.12873407,0.00201812787,10.1047236,0.238247732,0.0,0.894145,31.45993342,60.5211,17.0244,0.648801,26.23981292
thickness.iv,6,55,0.7402,1.221228,-28.2455559,61.3627821,34.2280978,10.3649321,50.8670952,0.128734316,0.00202055683,10.1260179,0.238914151,0.0,0.894145,31.45993342,60.5211,17.0244,0.648801,26.23981292
thickness.iv,6,56,0.7402,1.241971,-28.3942981,61.4915411,34.2280978,10.3808194,50.9799643,0.128734495,0.00202293476,10.1414234,0.239395964,0.0,0.894145,31.45993342,60.5211,17.0244,0.648801,26.23981292
thickness.iv,6,57,0.7402,1.262594,-28.5187032,61.5959546,34.2280978,10.3936769,51.0715177,0.12873464,0.00202529587,10.1538912,0.239785674,0.0,0.894145,31.45993342,60.5211,17.0244,0.648801,26.23981292
thickness.iv,6,58,0.7402,1.283149,-28.6297377,61.6869935,34.2280978,10.4048703,51.1513608,0.128734767,0.00202760864,10.1647455,0.240124861,0.0,0.894145,31.45993342,60.5211,17.0244,0.648801,26.23981292
thickness.iv,6,59,0.7402,1.303664,-28.7328372,61.7700955,34.2280978,10.4150753,51.2242555,0.128734882,0.0020298811,10.1746412,0.240434079,0.0,0.894145,31.45993342,60.5211,17.0244,0.648801,26.23981292
thickness.iv,6,60,0.7402,1.324153,-28.830682,61.8479421,34.2280978,10.4246248,51.2925502,0.12873499,0.00203212868,10.1839013,0.240723469,0.0,0.894145,31.45993342,60.5211,17.0244,0.648801,26.23981292
thickness.iv,6,61,0.7402,1.344621,-28.9242774,61.9215389,34.2280978,10.4336447,51.3571248,0.128735093,0.00203431683,10.1926479,0.240996861,0.0,0.894145,31.45993342,60.5211,17.0244,0.648801,26.23981292
thickness.iv,7,1,0.8007,-0.160562,32.1123997,2.29568136,34.4434354,0.120616593,2.04547064,0.128466581,0.00112754092,0.119695816,0.000920777286,0.0,0.895205,31.64982453,60.6248,17.1769,0.647324,26.53517681
thickness.iv,7,2,0.8007,-0.140288,32.0576749,2.3303975,34.4434354,0.123629076,2.07716878,0.128472086,0.00112755701,0.122651223,0.000977853708,0.0,0.895205,31.64982453,60.6248,17.1769,0.647324,26.53517681
thickness.iv,7,3,0.8007,-0.12001,32.0019793,2.36609193,34.4434354,0.126790062,2.10969672,0.128477578,0.00112757208,0.125751584,0.00103847786,0.0,0.895205,31.64982453,60.6248,17.1769,0.647324,26.53517681
thickness.iv,7,4,0.8007,-0.099726,31.9452565,2.40281422,34.4434354,0.130108971,2.1430946,0.128483061,0.00112758621,0.129006077,0.00110289445,0.0,0.895205,31.64982453,60.6248,17.1769,0.647324,26.53517681
thickness.iv,7,5,0.8007,-0.079437,31.8874544,2.44061608,34.4434354,0.133596304,2.17740365,0.128488533,0.00112759946,0.132424933,0.00117137029,0.0,0.895205,31.64982453,60.6248,17.1769,0.647324,26.53517681
thickness.iv,7,6,0.8007,-0.059143,31.8285165,2.47955313,34.4434354,0.137263469,2.21266806,0.128493991,0.00112761189,0.136019274,0.00124419537,0.0,0.895205,31.64982453,60.6248,17.1769,0.647324,26.53517681
thickness.iv,7,7,0.8007,-0.038842,31.7683837,2.51968531,34.4434354,0.14112289,2.24893536,0.128499434,0.00112762357,0.139801205,0.00132168521,0.0,0.895205,31.64982453,60.6248,17.1769,0.647324,26.53517681
thickness.iv,7,8,0.8007,-0.018535,31.7069911,2.56107727,34.4434354,0.145188108,2.28625667,0.12850486,0.00112763454,0.143783925,0.00140418362,0.0,0.895205,31.64982453,60.6248,17.1769,0.647324,26.53517681
thickness.iv,7,9,0.8007,0.001779,31.6442821,2.60379638,34.4434354,0.149474465,2.32468401,0.128510257,0.00112764486,0.147982398,0.00149206695,0.0,0.895205,31.64982453,60.6248,17.1769,0.647324,26.53517681
thickness.iv,7,10,0.8007,0.022099,31.5801552,2.64792322,34.4434354,0.1539971,2.36428283,0.12851564,0.00112765459,0.152411357,0.00158574315,0.0,0.895205,31.64982453,60.6248,17.1769,0.647324,26.53517681
thickness.iv,7,11,0.8007,0.042427,31.5145409,2.6935374,34.4434354,0.158774243,2.40511449,0.128521,0.00112766377,0.157088582,0.00168566166,0.0,0.895205,31.64982453,60.6248,17.1769,0.647324,26.53517681
thickness.iv,7,12,0.8007,0.062763,31.4473502,2.74072799,34.4434354,0.163825383,2.4472486,0.128526333,0.00112767245,0.162033069,0.00179231422,0.0,0.895205,31.64982453,60.6248,17.1769,0.647324,26.53517681
thickness.iv,7,13,0.8007,0.083108,31.3784861,2.78959194,34.4434354,0.169171979,2.49076064,0.128531639,0.00112768067,0.167265738,0.00190624077,0.0,0.895205,31.64982453,60.6248,17.1769,0.647324,26.53517681
thickness.iv,7,14,0.8007,0.103461,31.3078429,2.84023498,34.4434354,0.174837721,2.53573266,0.128536914,0.00112768847,0.172809686,0.00202803529,0.0,0.895205,31.64982453,60.6248,17.1769,0.647324,26.53517681
thickness.iv,7,15,0.8007,0.123823,31.235305,2.89277269,34.4434354,0.180848836,2.582254,0.128542158,0.00112769589,0.178690483,0.00215835247,0.0,0.895205,31.64982453,60.6248,17.1769,0.647324,26.53517681
thickness.iv,7,16,0.8007,0.144196,31.1607456,2.94733174,34.4434354,0.187234441,2.63042223,0.128547367,0.00112770296,0.184936526,0.00229791553,0.0,0.895205,31.64982453,60.6248,17.1769,0.647324,26.53517681
thickness.iv,7,17,0.8007,0.16458,31.0840259,3.00405133,34.4434354,0.194026978,2.6803441,0.128552541,0.00112770974,0.191579453,0.00244752519,0.0,0.895205,31.64982453,60.6248,17.1769,0.647324,26.53517681
thickness.iv,7,18,0.8007,0.184975,31.0049921,3.0630849,34.4434354,0.201262722,2.73213679,0.128557678,0.00112771624,0.198654652,0.00260807021,0.0,0.895205,31.64982453,60.6248,17.1769,0.647324,26.53517681
thickness.iv,7,19,0.8007,0.205383,30.9234745,3.12460222,34.4434354,0.208982422,2.7859293,0.128562775,0.0011277225,0.206201882,0.00278053975,0.0,0.895205,31.64982453,60.6248,17.1769,0.647324,26.53517681
thickness.iv,7,20,0.8007,0.225804,30.8392847,3.18879177,34.4434354,0.217232088,2.84186412,0.128567832,0.00112772856,0.21426605,0.00296603794,0.0,0.895205,31.64982453,60.6248,17.1769,0.647324,26.53517681
thickness.iv,7,21,0.8007,0.246239,30.7522124,3.2558638,34.4434354,0.226064018,2.90009921,0.128572846,0.00112773445,0.222898217,0.00316580118,0.0,0.895205,31.64982453,60.6248,17.1769,0.647324,26.53517681
thickness.iv,7,22,0.8007,0.26669,30.662022,3.3260541,34.4434354,0.235538148,2.96081039,0.128577817,0.0011277402,0.232156929,0.00338121883,0.0,0.895205,31.64982453,60.6248,17.1769,0.647324,26.53517681
thickness.iv,7,23,0.8007,0.287158,30.5684469,3.39962875,34.4434354,0.245723926,3.02419433,0.128582743,0.00112774585,0.242110067,0.00361385827,0.0,0.895205,31.64982453,60.6248,17.1769,0.647324,26.53517681
thickness.iv,7,24,0.8007,0.307644,30.4711848,3.47689055,34.4434354,0.256703008,3.09047217,0.128587623,0.00112775141,0.252837513,0.00386549552,0.0,0.895205,31.64982453,60.6248,17.1769,0.647324,26.53517681
thickness.iv,7,25,0.8007,0.328151,30.369887,3.55818776,34.4434354,0.268573298,3.15989425,0.128592457,0.00112775694,0.264435145,0.00413815348,0.0,0.895205,31.64982453,60.6248,17.1769,0.647324,26.53517681
thickness.iv,7,26,0.8007,0.348679,30.2641478,3.64392661,34.4434354,0.281455208,3.2327464,0.128597242,0.00112776246,0.277021057,0.00443415075,0.0,0.895205,31.64982453,60.6248,17.1769,0.647324,26.53517681
thickness.iv,7,27,0.8007,0.369233,30.1534839,3.73459009,34.4434354,0.295501606,3.30935874,0.128601979,0.001127768,0.29074544,0.00475616631,0.0,0.895205,31.64982453,60.6248,17.1769,0.647324,26.53517681
thickness.iv,7,28,0.8007,0.389813,30.0373063,3.83076692,34.4434354,0.310913831,3.39011864,0.128606667,0.00112777362,0.305806502,0.00510732936,0.0,0.895205,31.64982453,60.6248,17.1769,0.647324,26.53517681
thickness.iv,7,29,0.8007,0.410426,29.9148752,3.9331979,34.4434354,0.327967488,3.47549133,0.128611305,0.00112777935,0.322476136,0.00549135154,0.0,0.895205,31.64982453,60.6248,17.1769,0.647324,26.53517681
thickness.iv,7,30,0.8007,0.431074,29.7852204,4.04285179,34.4434354,0.34705379,3.56605432,0.128615894,0.00112778525,0.341141054,0.00591273561,0.0,0.895205,31.64982453,60.6248,17.1769,0.647324,26.53517681
thickness.iv,7,31,0.8007,0.451765,29.6470193,4.16105212,34.4434354,0.368745151,3.66255875,0.128620433,0.00112779139,0.362368023,0.00637712788,0.0,0.895205,31.64982453,60.6248,17.1769,0.647324,26.53517681
thickness.iv,7,32,0.8007,0.472508,29.4983766,4.28969427,34.4434354,0.393898515,3.76604303,0.128624925,0.00112779787,0.387006563,0.00689195206,0.0,0.895205,31.64982453,60.6248,17.1769,0.647324,26.53517681
thickness.iv,7,33,0.8007,0.493318,29.336444,4.43162607,34.4434354,0.423818205,3.8780507,0.128629368,0.00112780481,0.416350599,0.00746760644,0.0,0.895205,31.64982453,60.6248,17.1769,0.647324,26.53517681
thickness.iv,7,34,0.8007,0.514216,29.1567361,4.59133333,34.4434354,0.460515199,4.00105655,0.128633767,0.00112781243,0.452395392,0.00811980695,0.0,0.895205,31.64982453,60.6248,17.1769,0.647324,26.53517681
thickness.iv,7,35,0.8007,0.535241,28.9518649,4.77620402,34.4434354,0.507126734,4.13931134,0.128638125,0.00112782107,0.498252457,0.00887427653,0.0,0.895205,31.64982453,60.6248,17.1769,0.647324,26.53517681
thickness.iv,7,36,0.8007,0.556454,28.709168,4.99890035,34.4434354,0.56860622,4.30052384,0.12864245,0.00112783128,0.558829983,0.00977623739,0.0,0.895205,31.64982453,60.6248,17.1769,0.647324,26.53517681
thickness.iv,7,37,0.8007,0.577969,28.4062241,5.28184279,34.4434354,0.652866643,4.49920155,0.128646755,0.00112784407,0.641957,0.0109096435,0.0,0.895205,31.64982453,60.6248,17.1769,0.647324,26.53517681
thickness.iv,7,38,0.8007,0.599988,28.0024267,5.66563997,34.4434354,0.772662351,4.76319869,0.128651064,0.00112786127,0.76022664,0.0124357104,0.0,0.895205,31.64982453,60.6248,17.1769,0.647324,26.53517681
thickness.iv,7,39,0.8007,0.622882,27.423536,6.2245291,34.4434354,0.948580916,5.14616488,0.128655424,0.00112788624,0.933913112,0.0146678046,0.0,0.895205,31.64982453,60.6248,17.1769,0.647324,26.53517681
thickness.iv,7,40,0.8007,0.647324,26.5351768,7.09288654,34.4434354,1.21337193,5.74972676,0.128659917,0.00112792522,1.19516426,0.0182076777,0.0,0.895205,31.64982453,60.6248,17.1769,0.647324,26.53517681
thickness.iv,7,41,0.8007,0.674481,25.1037572,8.50430227,34.4434354,1.61674496,6.75776462,0.128664695,0.00112798948,1.59258558,0.0241593784,0.0,0.895205,31.64982453,60.6248,17.1769,0.647324,26.53517681
thickness.iv,7,42,0.8007,0.706202,22.7595206,10.8285331,34.4434354,2.22613185,8.47260314,0.128670005,0.00112809842,2.19177724,0.0343546146,0.0,0.895205,31.64982453,60.6248,17.1769,0.647324,26.53517681
thickness.iv,7,43,0.8007,0.744896,19.0207989,14.5472509,34.4434354,3.11187713,11.3055693,0.128676197,0.00112828204,3.06060531,0.0512718182,0.0,0.895205,31.64982453,60.6248,17.1769,0.647324,26.53517681
thickness.iv,7,44,0.8007,0.792577,13.4845262,20.0635198,34.4434354,4.30356618,15.6301415,0.128683603,0.0011285796,4.2265378,0.0770283703,0.0,0.895205,31.64982453,60.6248,17.1769,0.647324,26.53517681
thickness.iv,7,45,0.8007,0.84902,6.19595942,27.3318582,34.4434354,5.73229527,21.4697415,0.128692324,0.00112903116,5.62096187,0.111333405,0.0,0.895205,31.64982453,60.6248,17.1769,0.647324,26.53517681
thickness.iv,7,46,0.8007,0.910468,-2.09357316,35.6014524,34.4434354,7.21971019,28.2519106,0.128701945,0.00112966704,7.06953218,0.150178011,0.0,0.895205,31.64982453,60.6248,17.1769,0.647324,26.53517681
thickness.iv,7,47,0.8007,0.970765,-10.1529021,43.6413927,34.4434354,8.55311558,34.9584352,0.128711472,0.00113050336,8.36586539,0.187250196,0.0,0.895205,31.64982453,60.6248,17.1769,0.647324,26.53517681
thickness.iv,7,48,0.8007,1.024243,-16.8485201,50.317333,34.4434354,9.58438538,40.6030964,0.128719679,0.00113153273,9.36724119,0.217144188,0.0,0.895205,31.64982453,60.6248,17.1769,0.647324,26.53517681
thickness.iv,7,49,0.8007,1.068144,-21.628892,55.0759491,34.4434354,10.2763358,44.6697549,0.128725703,0.00113273066,10.0387437,0.237592058,0.0,0.895205,31.64982453,60.6248,17.1769,0.647324,26.53517681
thickness.iv,7,50,0.8007,1.10305,-24.60991,58.037112,34.4434354,10.6914369,47.2158114,0.128729613,0.00113404841,10.4412974,0.250139471,0.0,0.895205,31.64982453,60.6248,17.1769,0.647324,26.53517681
thickness.iv,7,51,0.8007,1.131499,-26.2997684,59.7090315,34.4434354,10.9236416,48.6555226,0.128731934,0.00113542482,10.6662714,0.257370164,0.0,0.895205,31.64982453,60.6248,17.1769,0.647324,26.53517681
thickness.iv,7,52,0.8007,1.156122,-27.2244053,60.6113923,34.4434354,11.0411652,49.4403572,0.128733088,0.00113683513,10.7803746,0.260790557,0.0,0.895205,31.64982453,60.6248,17.1769,0.647324,26.53517681
thickness.iv,7,53,0.8007,1.178663,-27.7326088,61.1015271,34.4434354,11.1103041,49.8613509,0.128733825,0.0011382463,10.8472446,0.26305949,0.0,0.895205,31.64982453,60.6248,17.1769,0.647324,26.53517681
thickness.iv,7,54,0.8007,1.200178,-28.0356369,61.3846292,34.4434354,11.1481637,50.1065917,0.128734218,0.00113964665,10.8839359,0.264227718,0.0,0.895205,31.64982453,60.6248,17.1769,0.647324,26.53517681
thickness.iv,7,55,0.8007,1.221184,-28.2368022,61.5658298,34.4434354,11.1723117,50.2636426,0.128734469,0.0011410183,10.9073392,0.264972479,0.0,0.895205,31.64982453,60.6248,17.1769,0.647324,26.53517681
thickness.iv,7,56,0.8007,1.241937,-28.3873767,61.6964221,34.4434354,11.1896714,50.3768737,0.12873465,0.0011423614,10.9241639,0.265507557,0.0,0.895205,31.64982453,60.6248,17.1769,0.647324,26.53517681
thickness.iv,7,57,0.8007,1.262564,-28.5127385,61.8017931,34.4434354,11.2036504,50.4682643,0.128734796,0.00114369483,10.9377122,0.265938189,0.0,0.895205,31.64982453,60.6248,17.1769,0.647324,26.53517681
thickness.iv,7,58,0.8007,1.283122,-28.6243126,61.8933725,34.4434354,11.2157811,50.5477115,0.128734923,0.00114500092,10.9494693,0.266311788,0.0,0.895205,31.64982453,60.6248,17.1769,0.647324,26.53517681
thickness.iv,7,59,0.8007,1.303639,-28.7277505,61.9768137,34.4434354,11.2268201,50.6201123,0.128735039,0.00114628421,10.9601684,0.266651749,0.0,0.895205,31.64982453,60.6248,17.1769,0.647324,26.53517681
thickness.iv,7,60,0.8007,1.324129,-28.825835,62.0549006,34.4434354,11.2371399,50.687878,0.128735148,0.0011475534,10.9701703,0.266969588,0.0,0.895205,31.64982453,60.6248,17.1769,0.647324,26.53517681
thickness.iv,7,61,0.8007,1.344598,-28.9196199,62.1286876,34.4434354,11.2468825,50.7519211,0.12873525,0.00114878915,10.9796128,0.267269703,0.0,0.895205,31.64982453,60.6248,17.1769,0.647324,26.53517681
thickness.iv,8,1,0.866,-0.161387,32.2773011,2.31410794,34.6310051,0.140550904,2.04448067,0.128466495,0.000609871598,0.139138774,0.00141212999,0.0,0.896101,31.82265039,60.7023,17.3101,0.646027,26.79463833
thickness.iv,8,2,0.866,-0.141119,32.2238432,2.34755822,34.6310051,0.144198696,2.07427764,0.12847201,0.000609875046,0.142710142,0.00148855387,0.0,0.896101,31.82265039,60.7023,17.3101,0.646027,26.79463833
thickness.iv,8,3,0.866,-0.120847,32.1694352,2.38196573,34.6310051,0.148020293,2.10485804,0.128477511,0.000609878318,0.146450971,0.00156932187,0.0,0.896101,31.82265039,60.7023,17.3101,0.646027,26.79463833
thickness.iv,8,4,0.866,-0.10057,32.1140191,2.41738034,34.6310051,0.152026453,2.13626101,0.128483002,0.000609881431,0.150371727,0.00165472622,0.0,0.896101,31.82265039,60.7023,17.3101,0.646027,26.79463833
thickness.iv,8,5,0.866,-0.080288,32.0575467,2.45385329,34.6310051,0.156229113,2.16852581,0.12848848,0.000609884397,0.154484032,0.0017450804,0.0,0.896101,31.82265039,60.7023,17.3101,0.646027,26.79463833
thickness.iv,8,6,0.866,-0.06,31.99996,2.49143953,34.6310051,0.160641203,2.2016945,0.128493944,0.00060988723,0.158800479,0.00184072386,0.0,0.896101,31.82265039,60.7023,17.3101,0.646027,26.79463833
thickness.iv,8,7,0.866,-0.039706,31.9412004,2.53019813,34.6310051,0.165276755,2.2358121,0.128499392,0.000609889942,0.163334731,0.00194202454,0.0,0.896101,31.82265039,60.7023,17.3101,0.646027,26.79463833
thickness.iv,8,8,0.866,-0.019406,31.8812055,2.57019265,34.6310051,0.170151022,2.27092691,0.128504822,0.000609892542,0.16810164,0.00204938185,0.0,0.896101,31.82265039,60.7023,17.3101,0.646027,26.79463833
thickness.iv,8,9,0.866,0.0009,31.8199048,2.61149161,34.6310051,0.175280613,2.30709087,0.128510231,0.000609895043,0.173117383,0.00216323,0.0,0.896101,31.82265039,60.7023,17.3101,0.646027,26.79463833
thickness.iv,8,10,0.866,0.021214,31.7572277,2.65416902,34.6310051,0.180683658,2.34435985,0.128515617,0.000609897454,0.178399617,0.00228404177,0.0,0.896101,31.82265039,60.7023,17.3101,0.646027,26.79463833
thickness.iv,8,11,0.866,0.041534,31.6931051,2.69830112,34.6310051,0.186380744,2.3827895,0.12852097,0.000609899777,0.183968417,0.0024123266,0.0,0.896101,31.82265039,60.7023,17.3101,0.646027,26.79463833
thickness.iv,8,12,0.866,0.061863,31.6274236,2.74398246,34.6310051,0.192392187,2.42245407,0.128526305,0.000609902039,0.189843526,0.00254866098,0.0,0.896101,31.82265039,60.7023,17.3101,0.646027,26.79463833
thickness.iv,8,13,0.866,0.082199,31.5601021,2.79130387,34.6310051,0.198742551,2.4634198,0.128531612,0.000609904239,0.196048896,0.00269365583,0.0,0.896101,31.82265039,60.7023,17.3101,0.646027,26.79463833
thickness.iv,8,14,0.866,0.102545,31.4910374,2.84036842,34.6310051,0.205458161,2.50576347,0.128536888,0.000609906388,0.202610172,0.00284798871,0.0,0.896101,31.82265039,60.7023,17.3101,0.646027,26.79463833
thickness.iv,8,15,0.866,0.122899,31.4201166,2.89128885,34.6310051,0.212568104,2.5495687,0.128542132,0.000609908494,0.209555699,0.00301240496,0.0,0.896101,31.82265039,60.7023,17.3101,0.646027,26.79463833
thickness.iv,8,16,0.866,0.143264,31.3472165,2.94418874,34.6310051,0.22010462,2.59492687,0.128547341,0.000609910566,0.216916893,0.00318772647,0.0,0.896101,31.82265039,60.7023,17.3101,0.646027,26.79463833
thickness.iv,8,17,0.866,0.163639,31.272201,2.99920402,34.6310051,0.228103565,2.64193803,0.128552515,0.000609912613,0.224728703,0.00337486177,0.0,0.896101,31.82265039,60.7023,17.3101,0.646027,26.79463833
thickness.iv,8,18,0.866,0.184025,31.1949203,3.05648469,34.6310051,0.236604963,2.69071216,0.12855765,0.000609914644,0.233030145,0.00357481784,0.0,0.896101,31.82265039,60.7023,17.3101,0.646027,26.79463833
thickness.iv,8,19,0.866,0.204424,31.1152078,3.11619683,34.6310051,0.245653686,2.74137048,0.128562746,0.000609916667,0.241864972,0.00378871392,0.0,0.896101,31.82265039,60.7023,17.3101,0.646027,26.79463833
thickness.iv,8,20,0.866,0.224836,31.0328795,3.17852507,34.6310051,0.255300298,2.79404706,0.128567802,0.000609918691,0.2512825,0.00401779765,0.0,0.896101,31.82265039,60.7023,17.3101,0.646027,26.79463833
thickness.iv,8,21,0.866,0.245261,30.9477286,3.24367558,34.6310051,0.265602131,2.84889071,0.128572814,0.000609920726,0.261338666,0.00426346429,0.0,0.896101,31.82265039,60.7023,17.3101,0.646027,26.79463833
thickness.iv,8,22,0.866,0.265702,30.8595241,3.31187978,34.6310051,0.276624715,2.90606736,0.128577783,0.00060992278,0.272097435,0.00452727959,0.0,0.896101,31.82265039,60.7023,17.3101,0.646027,26.79463833
thickness.iv,8,23,0.866,0.28616,30.7680046,3.38339913,34.6310051,0.288443733,2.96576277,0.128582707,0.000609924864,0.283632726,0.00481100736,0.0,0.896101,31.82265039,60.7023,17.3101,0.646027,26.79463833
thickness.iv,8,24,0.866,0.306636,30.6728718,3.45853147,34.6310051,0.301147824,3.02818613,0.128587585,0.000609926988,0.296031181,0.00511664322,0.0,0.896101,31.82265039,60.7023,17.3101,0.646027,26.79463833
thickness.iv,8,25,0.866,0.327131,30.5737835,3.53761966,34.6310051,0.314842757,3.09357455,0.128592415,0.000609929163,0.3093963,0.00544645652,0.0,0.896101,31.82265039,60.7023,17.3101,0.646027,26.79463833
thickness.iv,8,26,0.866,0.347648,30.4703385,3.62106413,34.6310051,0.329657882,3.16219912,0.128597198,0.000609931403,0.323854838,0.0058030439,0.0,0.896101,31.82265039,60.7023,17.3101,0.646027,26.79463833
thickness.iv,8,27,0.866,0.36819,30.3620607,3.70934154,34.6310051,0.345756334,3.23437334,0.128601931,0.00060993372,0.339566934,0.00618940002,0.0,0.896101,31.82265039,60.7023,17.3101,0.646027,26.79463833
thickness.iv,8,28,0.866,0.388758,30.2483678,3.80303371,34.6310051,0.363351411,3.31046575,0.128606616,0.000609936132,0.356742396,0.00660901542,0.0,0.896101,31.82265039,60.7023,17.3101,0.646027,26.79463833
thickness.iv,8,29,0.866,0.409357,30.1285271,3.90287389,34.6310051,0.382732931,3.39091977,0.12861125,0.000609938659,0.37566691,0.00706602039,0.0,0.896101,31.82265039,60.7023,17.3101,0.646027,26.79463833
thickness.iv,8,30,0.866,0.429992,30.0015781,4.00982243,34.6310051,0.404309426,3.47628723,0.128615835,0.000609941325,0.396744015,0.00756541095,0.0,0.896101,31.82265039,60.7023,17.3101,0.646027,26.79463833
thickness.iv,8,31,0.866,0.450669,29.8662062,4.12519336,34.6310051,0.428675116,3.56728793,0.128620371,0.000609944164,0.420561686,0.00811342984,0.0,0.896101,31.82265039,60.7023,17.3101,0.646027,26.79463833
thickness.iv,8,32,0.866,0.471397,29.7205283,4.25087063,34.6310051,0.456715547,3.66492028,0.128624858,0.000609947222,0.447997297,0.0087182499,0.0,0.896101,31.82265039,60.7023,17.3101,0.646027,26.79463833
thickness.iv,8,33,0.866,0.492191,29.561712,4.38968703,34.6310051,0.489774478,3.7706733,0.128629297,0.000609950568,0.480383215,0.00939126351,0.0,0.896101,31.82265039,60.7023,17.3101,0.646027,26.79463833
thickness.iv,8,34,0.866,0.513074,29.3852925,4.54610591,34.6310051,0.529920487,3.88694177,0.128633691,0.000609954311,0.519770883,0.0101496042,0.0,0.896101,31.82265039,60.7023,17.3101,0.646027,26.79463833
thickness.iv,8,35,0.866,0.53408,29.1839202,4.72747724,34.6310051,0.580380291,4.01784894,0.128638045,0.000609958626,0.569359099,0.0110211923,0.0,0.896101,31.82265039,60.7023,17.3101,0.646027,26.79463833
thickness.iv,8,36,0.866,0.555275,28.9450039,4.9463925,34.6310051,0.646254884,4.17088528,0.128642364,0.000609963814,0.634199934,0.0120549501,0.0,0.896101,31.82265039,60.7023,17.3101,0.646027,26.79463833
thickness.iv,8,37,0.866,0.576769,28.6462628,5.22513367,34.6310051,0.735713664,4.36016337,0.128646663,0.000609970411,0.722372157,0.0133415068,0.0,0.896101,31.82265039,60.7023,17.3101,0.646027,26.79463833
thickness.iv,8,38,0.866,0.598763,28.2473612,5.60403391,34.6310051,0.861974203,4.61279877,0.128650966,0.000609979389,0.8469195,0.0150547029,0.0,0.896101,31.82265039,60.7023,17.3101,0.646027,26.79463833
thickness.iv,8,39,0.866,0.621627,27.6746045,6.15678907,34.6310051,1.04647922,4.98104454,0.128655318,0.000609992549,1.02894688,0.0175323335,0.0,0.896101,31.82265039,60.7023,17.3101,0.646027,26.79463833
thickness.iv,8,40,0.866,0.646027,26.7946383,7.01675315,34.6310051,1.32355483,5.56392851,0.128659801,0.000610013218,1.3021316,0.0214232302,0.0,0.896101,31.82265039,60.7023,17.3101,0.646027,26.79463833
thickness.iv,8,41,0.866,0.673122,25.3756441,8.41574433,34.6310051,1.7457181,6.54075161,0.128664566,0.000610047426,1.71779928,0.02791882,0.0,0.896101,31.82265039,60.7023,17.3101,0.646027,26.79463833
thickness.iv,8,42,0.866,0.704748,23.0504051,10.7209769,34.6310051,2.38497705,8.20671993,0.128669856,0.000610105519,2.34597789,0.0389991555,0.0,0.896101,31.82265039,60.7023,17.3101,0.646027,26.79463833
thickness.iv,8,43,0.866,0.743303,19.3393526,14.4120256,34.6310051,3.31787566,10.9648637,0.128676019,0.000610203519,3.26052221,0.0573534509,0.0,0.896101,31.82265039,60.7023,17.3101,0.646027,26.79463833
thickness.iv,8,44,0.866,0.790814,13.8371791,19.8941955,34.6310051,4.57960841,15.1852934,0.128683386,0.000610362381,4.49430152,0.0853068898,0.0,0.896101,31.82265039,60.7023,17.3101,0.646027,26.79463833
thickness.iv,8,45,0.866,0.847115,6.57707022,27.134073,34.6310051,6.10165117,20.9031191,0.128692068,0.000610603527,5.97903373,0.122617439,0.0,0.896101,31.82265039,60.7023,17.3101,0.646027,26.79463833
thickness.iv,8,46,0.866,0.908552,-1.71035297,35.4015596,34.6310051,7.69704935,27.5751976,0.128701668,0.000610943287,7.53202206,0.165027288,0.0,0.896101,31.82265039,60.7023,17.3101,0.646027,26.79463833
thickness.iv,8,47,0.866,0.969046,-9.8091286,43.4809778,34.6310051,9.13772215,34.2139331,0.128711219,0.00061139065,8.93200032,0.205721833,0.0,0.896101,31.82265039,60.7023,17.3101,0.646027,26.79463833
thickness.iv,8,48,0.866,1.022903,-16.5805066,50.2328526,34.6310051,10.2605139,39.8430072,0.128719503,0.000611942251,10.0217507,0.238763227,0.0,0.896101,31.82265039,60.7023,17.3101,0.646027,26.79463833
thickness.iv,8,49,0.866,1.067225,-21.444905,55.0774711,34.6310051,11.0220315,43.9261013,0.128725688,0.00061258621,10.7602784,0.261753159,0.0,0.896101,31.82265039,60.7023,17.3101,0.646027,26.79463833
thickness.iv,8,50,0.866,1.102502,-24.5004718,58.1127368,34.6310051,11.4795891,46.5038047,0.128729674,0.000613295425,11.2038477,0.275741401,0.0,0.896101,31.82265039,60.7023,17.3101,0.646027,26.79463833
thickness.iv,8,51,0.866,1.131206,-26.2411078,59.8334357,34.6310051,11.7328897,47.9712,0.128731991,0.000614037387,11.4493204,0.283569262,0.0,0.896101,31.82265039,60.7023,17.3101,0.646027,26.79463833
thickness.iv,8,52,0.866,1.155961,-27.1922079,60.7627086,34.6310051,11.8640294,48.7693312,0.128733195,0.000614799232,11.5765491,0.287480296,0.0,0.896101,31.82265039,60.7023,17.3101,0.646027,26.79463833
thickness.iv,8,53,0.866,1.178583,-27.7165099,61.2668329,34.6310051,11.9361204,49.2013631,0.128733881,0.000615561403,11.6464145,0.289705869,0.0,0.896101,31.82265039,60.7023,17.3101,0.646027,26.79463833
thickness.iv,8,54,0.866,1.200133,-28.0265611,61.5567859,34.6310051,11.9773959,49.4500395,0.128734277,0.000616318481,11.6864139,0.290982006,0.0,0.896101,31.82265039,60.7023,17.3101,0.646027,26.79463833
thickness.iv,8,55,0.866,1.221146,-28.2291789,61.7414094,34.6310051,12.0078736,49.6041842,0.128734598,0.000617063457,11.7157703,0.292103283,0.0,0.896101,31.82265039,60.7023,17.3101,0.646027,26.79463833
thickness.iv,8,56,0.866,1.241907,-28.3814161,61.8736708,34.6310051,12.0267825,49.7175357,0.128734782,0.000617787038,11.7340879,0.292694634,0.0,0.896101,31.82265039,60.7023,17.3101,0.646027,26.79463833
thickness.iv,8,57,0.866,1.262538,-28.5076599,61.9799246,34.6310051,12.0419335,49.8086377,0.128734929,0.000618508103,11.7487656,0.293167831,0.0,0.896101,31.82265039,60.7023,17.3101,0.646027,26.79463833
thickness.iv,8,58,0.866,1.283099,-28.6197297,62.0719999,34.6310051,12.0550419,49.8876037,0.128735057,0.000619214374,11.7614648,0.293577079,0.0,0.896101,31.82265039,60.7023,17.3101,0.646027,26.79463833
thickness.iv,8,59,0.866,1.303617,-28.7234772,62.1557509,34.6310051,12.0669505,49.9594453,0.128735173,0.000619908293,11.7730016,0.293948844,0.0,0.896101,31.82265039,60.7023,17.3101,0.646027,26.79463833
thickness.iv,8,60,0.866,1.324109,-28.8217794,62.2340557,34.6310051,12.078073,50.0266268,0.128735282,0.000620594559,11.7837769,0.294296094,0.0,0.896101,31.82265039,60.7023,17.3101,0.646027,26.79463833
thickness.iv,8,61,0.866,1.344579,-28.9157358,62.3080144,34.6310051,12.0885685,50.0900892,0.128735385,0.000621262813,11.7939447,0.294623826,0.0,0.896101,31.82265039,60.7023,17.3101,0.646027,26.79463833
thickness.iv,9,1,0.9367,-0.162138,32.4275094,2.32252154,34.7936077,0.165458271,2.02828189,0.128466497,0.000314876299,0.163388176,0.00207009441,0.0,0.896855,31.97924505,60.7577,17.4258,0.644894,27.02111383
thickness.iv,9,2,0.9367,-0.141875,32.3750739,2.35495055,34.7936077,0.1698438,2.05631985,0.128472015,0.000314877111,0.167674438,0.00216936273,0.0,0.896855,31.97924505,60.7577,17.4258,0.644894,27.02111383
thickness.iv,9,3,0.9367,-0.121609,32.3217092,2.38831536,34.7936077,0.174430155,2.08509281,0.12847752,0.0003148779,0.172156328,0.00227382754,0.0,0.896855,31.97924505,60.7577,17.4258,0.644894,27.02111383
thickness.iv,9,4,0.9367,-0.101337,32.2673577,2.42266557,34.7936077,0.179229459,2.11463822,0.128483014,0.000314878671,0.176845627,0.00238383181,0.0,0.896855,31.97924505,60.7577,17.4258,0.644894,27.02111383
thickness.iv,9,5,0.9367,-0.08106,32.2119722,2.45805132,34.7936077,0.184255098,2.14499285,0.128488495,0.000314879426,0.181755363,0.00249973483,0.0,0.896855,31.97924505,60.7577,17.4258,0.644894,27.02111383
thickness.iv,9,6,0.9367,-0.060777,32.1554952,2.49452646,34.7936077,0.189521563,2.17619605,0.128493961,0.000314880168,0.186899638,0.00262192512,0.0,0.896855,31.97924505,60.7577,17.4258,0.644894,27.02111383
thickness.iv,9,7,0.9367,-0.040489,32.0978725,2.5321489,34.7936077,0.195044561,2.20829005,0.128499411,0.000314880899,0.192293738,0.00275082344,0.0,0.896855,31.97924505,60.7577,17.4258,0.644894,27.02111383
thickness.iv,9,8,0.9367,-0.020195,32.0390394,2.57098107,34.7936077,0.200841152,2.24132019,0.128504841,0.000314881622,0.197954266,0.00288688603,0.0,0.896855,31.97924505,60.7577,17.4258,0.644894,27.02111383
thickness.iv,9,9,0.9367,0.000105,31.9789299,2.61109031,34.7936077,0.206929894,2.27533529,0.128510251,0.000314882339,0.203899286,0.00303060839,0.0,0.896855,31.97924505,60.7577,17.4258,0.644894,27.02111383
thickness.iv,9,10,0.9367,0.020413,31.917471,2.65254947,34.7936077,0.213331018,2.31038794,0.128515638,0.000314883052,0.210148489,0.00318252944,0.0,0.896855,31.97924505,60.7577,17.4258,0.644894,27.02111383
thickness.iv,9,11,0.9367,0.040727,31.8545809,2.69543745,34.7936077,0.220066618,2.34653495,0.128521001,0.000314883763,0.216723381,0.00334323641,0.0,0.896855,31.97924505,60.7577,17.4258,0.644894,27.02111383
thickness.iv,9,12,0.9367,0.061049,31.7901777,2.73983991,34.7936077,0.227160876,2.38383781,0.128526336,0.000314884475,0.223647506,0.0035133702,0.0,0.896855,31.97924505,60.7577,17.4258,0.644894,27.02111383
thickness.iv,9,13,0.9367,0.081379,31.7241834,2.78584429,34.7936077,0.234641274,2.4223565,0.128531633,0.000314885185,0.230947668,0.00369360516,0.0,0.896855,31.97924505,60.7577,17.4258,0.644894,27.02111383
thickness.iv,9,14,0.9367,0.101718,31.656464,2.83356352,34.7936077,0.24253521,2.46217651,0.128536908,0.000314885904,0.238650448,0.00388476156,0.0,0.896855,31.97924505,60.7577,17.4258,0.644894,27.02111383
thickness.iv,9,15,0.9367,0.122065,31.5869242,2.88310321,34.7936077,0.250875699,2.50337047,0.128542151,0.000314886632,0.246788042,0.00408765713,0.0,0.896855,31.97924505,60.7577,17.4258,0.644894,27.02111383
thickness.iv,9,16,0.9367,0.142423,31.5154419,2.93458522,34.7936077,0.25969833,2.54602465,0.128547359,0.000314887369,0.25539511,0.00430322012,0.0,0.896855,31.97924505,60.7577,17.4258,0.644894,27.02111383
thickness.iv,9,17,0.9367,0.162791,31.4418834,2.98814356,34.7936077,0.269042593,2.59023355,0.128552531,0.000314888119,0.264510119,0.00453247473,0.0,0.896855,31.97924505,60.7577,17.4258,0.644894,27.02111383
thickness.iv,9,18,0.9367,0.183169,31.3661007,3.04392605,34.7936077,0.278952475,2.63610102,0.128557664,0.000314888883,0.274175921,0.00477655396,0.0,0.896855,31.97924505,60.7577,17.4258,0.644894,27.02111383
thickness.iv,9,19,0.9367,0.20356,31.2879302,3.10209637,34.7936077,0.289477174,2.68374155,0.128562758,0.000314889666,0.284440459,0.00503671466,0.0,0.896855,31.97924505,60.7577,17.4258,0.644894,27.02111383
thickness.iv,9,20,0.9367,0.223964,31.2071899,3.16283644,34.7936077,0.300672,2.73328174,0.128567811,0.000314890469,0.295357644,0.0053143553,0.0,0.896855,31.97924505,60.7577,17.4258,0.644894,27.02111383
thickness.iv,9,21,0.9367,0.244382,31.1236765,3.22634942,34.7936077,0.312599511,2.7848622,0.128572821,0.000314891297,0.306988474,0.00561103702,0.0,0.896855,31.97924505,60.7577,17.4258,0.644894,27.02111383
thickness.iv,9,22,0.9367,0.264814,31.0371624,3.29286338,34.7936077,0.325331017,2.83863968,0.128577787,0.000314892151,0.319402508,0.0059285087,0.0,0.896855,31.97924505,60.7577,17.4258,0.644894,27.02111383
thickness.iv,9,23,0.9367,0.285263,30.9473897,3.36263609,34.7936077,0.338948625,2.89478986,0.128582708,0.000314893037,0.332679887,0.0062687373,0.0,0.896855,31.97924505,60.7577,17.4258,0.644894,27.02111383
thickness.iv,9,24,0.9367,0.30573,30.8540641,3.43596127,34.7936077,0.35354816,2.95351064,0.128587583,0.000314893958,0.346914216,0.00663394481,0.0,0.896855,31.97924505,60.7577,17.4258,0.644894,27.02111383
thickness.iv,9,25,0.9367,0.326216,30.7568478,3.51317735,34.7936077,0.369243492,3.01502655,0.12859241,0.000314894918,0.362216838,0.00702665422,0.0,0.896855,31.97924505,60.7577,17.4258,0.644894,27.02111383
thickness.iv,9,26,0.9367,0.346723,30.655345,3.59467988,34.7936077,0.386173175,3.07959462,0.128597189,0.000314895924,0.378723427,0.00744974808,0.0,0.896855,31.97924505,60.7577,17.4258,0.644894,27.02111383
thickness.iv,9,27,0.9367,0.367255,30.5490839,3.68094024,34.7936077,0.404510933,3.14751249,0.128601919,0.00031489698,0.396604387,0.00790654557,0.0,0.896855,31.97924505,60.7577,17.4258,0.644894,27.02111383
thickness.iv,9,28,0.9367,0.387813,30.4374891,3.77253462,34.7936077,0.424482427,3.21913069,0.1286066,0.000314898096,0.416081518,0.00840090906,0.0,0.896855,31.97924505,60.7577,17.4258,0.644894,27.02111383
thickness.iv,9,29,0.9367,0.408401,30.3198329,3.87019028,34.7936077,0.446392201,3.29487194,0.128611231,0.000314899279,0.437454801,0.00893739991,0.0,0.896855,31.97924505,60.7577,17.4258,0.644894,27.02111383
thickness.iv,9,30,0.9367,0.429024,30.195161,3.97486132,34.7936077,0.470666778,3.37526383,0.128615812,0.000314900543,0.461145255,0.00952152284,0.0,0.896855,31.97924505,60.7577,17.4258,0.644894,27.02111383
thickness.iv,9,31,0.9367,0.449689,30.0621667,4.08785528,34.7936077,0.497923085,3.46099695,0.128620343,0.000314901903,0.487762948,0.0101601366,0.0,0.896855,31.97924505,60.7577,17.4258,0.644894,27.02111383
thickness.iv,9,32,0.9367,0.470405,29.9189728,4.21104924,34.7936077,0.529076496,3.55303301,0.128624826,0.000314903382,0.518214306,0.0108621898,0.0,0.896855,31.97924505,60.7577,17.4258,0.644894,27.02111383
thickness.iv,9,33,0.9367,0.491186,29.7627532,4.3472683,34.7936077,0.565511896,3.65281224,0.128629261,0.000314905015,0.553871789,0.0116401065,0.0,0.896855,31.97924505,60.7577,17.4258,0.644894,27.02111383
thickness.iv,9,34,0.9367,0.512055,29.5890549,4.50096576,34.7936077,0.609357829,3.76265938,0.12863365,0.000314906858,0.596845332,0.0125124964,0.0,0.896855,31.97924505,60.7577,17.4258,0.644894,27.02111383
thickness.iv,9,35,0.9367,0.533047,29.3905441,4.67947553,34.7936077,0.663933962,3.88658866,0.128637999,0.000314908999,0.650424388,0.0135095746,0.0,0.896855,31.97924505,60.7577,17.4258,0.644894,27.02111383
thickness.iv,9,36,0.9367,0.554227,29.1546608,4.89535847,34.7936077,0.734494342,4.0319069,0.128642313,0.000314911593,0.719810206,0.014684136,0.0,0.896855,31.97924505,60.7577,17.4258,0.644894,27.02111383
thickness.iv,9,37,0.9367,0.575704,28.8591853,5.17083268,34.7936077,0.829474073,4.21239708,0.128646607,0.000314914914,0.813340268,0.0161338051,0.0,0.896855,31.97924505,60.7577,17.4258,0.644894,27.02111383
thickness.iv,9,38,0.9367,0.59768,28.4639238,5.54609437,34.7936077,0.962570376,4.45455817,0.128650904,0.000314919461,0.944524725,0.0180456512,0.0,0.896855,31.97924505,60.7577,17.4258,0.644894,27.02111383
thickness.iv,9,39,0.9367,0.620522,27.8955119,6.09454363,34.7936077,1.15610895,4.8094645,0.128655249,0.000314926154,1.13532593,0.0207830167,0.0,0.896855,31.97924505,60.7577,17.4258,0.644894,27.02111383
thickness.iv,9,40,0.9367,0.644894,27.0211138,6.94893916,34.7936077,1.44603923,5.37392528,0.128659725,0.0003149367,1.42099544,0.0250437882,0.0,0.896855,31.97924505,60.7577,17.4258,0.644894,27.02111383
thickness.iv,9,41,0.9367,0.671949,25.6101311,8.33991738,34.7936077,1.88774266,6.32319529,0.128664478,0.000314954183,1.8556329,0.0321097592,0.0,0.896855,31.97924505,60.7577,17.4258,0.644894,27.02111383
thickness.iv,9,42,0.9367,0.703513,23.2973649,10.6326769,34.7936077,2.55783337,7.94585883,0.128669753,0.000314983889,2.51372093,0.0441124387,0.0,0.896855,31.97924505,60.7577,17.4258,0.644894,27.02111383
thickness.iv,9,43,0.9367,0.741971,19.6057067,14.3043321,34.7936077,3.53896505,10.6363762,0.128675892,0.000315033995,3.47501338,0.0639516683,0.0,0.896855,31.97924505,60.7577,17.4258,0.644894,27.02111383
thickness.iv,9,44,0.9367,0.789343,14.1313446,19.7587792,34.7936077,4.87168987,14.758091,0.128683246,0.000315115217,4.77753132,0.0941585498,0.0,0.896855,31.97924505,60.7577,17.4258,0.644894,27.02111383
thickness.iv,9,45,0.9367,0.845521,6.89589536,26.973922,34.7936077,6.48762199,20.3572929,0.128691871,0.000315238345,6.35311098,0.134511014,0.0,0.896855,31.97924505,60.7577,17.4258,0.644894,27.02111383
thickness.iv,9,46,0.9367,0.906919,-1.38381211,35.233675,34.7936077,8.19144633,26.9132118,0.128701446,0.000315411865,8.01092681,0.180519525,0.0,0.896855,31.97924505,60.7577,17.4258,0.644894,27.02111383
thickness.iv,9,47,0.9367,0.967548,-9.50952424,43.340068,34.7936077,9.74017249,33.4708689,0.128711007,0.000315640484,9.51529863,0.224873863,0.0,0.896855,31.97924505,60.7577,17.4258,0.644894,27.02111383
thickness.iv,9,48,0.9367,1.021734,-16.3468636,50.156309,34.7936077,10.953863,39.0734108,0.128719291,0.000315922466,10.6929646,0.260898454,0.0,0.896855,31.97924505,60.7577,17.4258,0.644894,27.02111383
thickness.iv,9,49,0.9367,1.066414,-21.2827647,55.0737561,34.7936077,11.785162,43.1595522,0.128725604,0.00031625291,11.4987488,0.286413166,0.0,0.896855,31.97924505,60.7577,17.4258,0.644894,27.02111383
thickness.iv,9,50,0.9367,1.102013,-24.4026822,58.1736524,34.7936077,12.2871535,45.7574526,0.12872968,0.00031661744,11.9851873,0.301966216,0.0,0.896855,31.97924505,60.7577,17.4258,0.644894,27.02111383
thickness.iv,9,51,0.9367,1.130947,-26.1893143,59.9383496,34.7936077,12.5618026,47.247498,0.128731987,0.000316999252,12.2514344,0.310368234,0.0,0.896855,31.97924505,60.7577,17.4258,0.644894,27.02111383
thickness.iv,9,52,0.9367,1.155803,-27.1606783,60.8918368,34.7936077,12.7143429,48.0484431,0.128733354,0.000317392538,12.398993,0.315349909,0.0,0.896855,31.97924505,60.7577,17.4258,0.644894,27.02111383
thickness.iv,9,53,0.9367,1.178499,-27.6998722,61.4090191,34.7936077,12.7898646,48.4901027,0.128733997,0.0003177855,12.4723258,0.317538817,0.0,0.896855,31.97924505,60.7577,17.4258,0.644894,27.02111383
thickness.iv,9,54,0.9367,1.200082,-28.0163232,61.7053831,34.7936077,12.8351359,48.7411946,0.128734402,0.000318176197,12.5161799,0.31895598,0.0,0.896855,31.97924505,60.7577,17.4258,0.644894,27.02111383
thickness.iv,9,55,0.9367,1.221121,-28.2241139,61.893125,34.7936077,12.8637446,48.9003272,0.128734659,0.000318560443,12.5438918,0.319852765,0.0,0.896855,31.97924505,60.7577,17.4258,0.644894,27.02111383
thickness.iv,9,56,0.9367,1.24189,-28.3779609,62.0269474,34.7936077,12.884119,49.0137747,0.128734843,0.000318933961,12.5636263,0.320492686,0.0,0.896855,31.97924505,60.7577,17.4258,0.644894,27.02111383
thickness.iv,9,57,0.9367,1.262525,-28.5050399,62.134014,34.7936077,12.9004118,49.104548,0.128734991,0.000319306144,12.5794065,0.321005268,0.0,0.896855,31.97924505,60.7577,17.4258,0.644894,27.02111383
thickness.iv,9,58,0.9367,1.283088,-28.6175781,62.2265453,34.7936077,12.9144841,49.1830064,0.128735119,0.000319670684,12.5930356,0.321448473,0.0,0.896855,31.97924505,60.7577,17.4258,0.644894,27.02111383
thickness.iv,9,59,0.9367,1.303608,-28.7216175,62.3105804,34.7936077,12.9272554,49.2542698,0.128735235,0.00032002884,12.6054044,0.321850998,0.0,0.896855,31.97924505,60.7577,17.4258,0.644894,27.02111383
thickness.iv,9,60,0.9367,1.324101,-28.820125,62.389085,34.7936077,12.9391771,49.3208522,0.128735344,0.000320383034,12.6169501,0.322226923,0.0,0.896855,31.97924505,60.7577,17.4258,0.644894,27.02111383
thickness.iv,9,61,0.9367,1.344571,-28.9142433,62.4632008,34.7936077,12.9504229,49.3837217,0.128735446,0.000320727961,12.6278413,0.322581647,0.0,0.896855,31.97924505,60.7577,17.4258,0.644894,27.02111383
thickness.iv,10,1,1.013,-0.162808,32.5615097,2.32471881,34.9339727,0.196069445,2.00002819,0.128466529,0.000154654324,0.19314937,0.00292007481,0.0,0.897482,32.11838975,60.7937,17.5242,0.643927,27.21458668
thickness.iv,10,2,1.013,-0.14255,32.5099148,2.35630921,34.9339727,0.20129151,2.026391,0.128472047,0.000154654564,0.198246038,0.00304547144,0.0,0.897482,32.11838975,60.7937,17.5242,0.643927,27.21458668
thickness.iv,10,3,1.013,-0.122287,32.4574058,2.38881782,34.9339727,0.206743115,2.0534425,0.128477552,0.000154654804,0.203566152,0.00317696296,0.0,0.897482,32.11838975,60.7937,17.5242,0.643927,27.21458668
thickness.iv,10,4,1.013,-0.10202,32.4039283,2.42229447,34.9339727,0.212437857,2.08121891,0.128483046,0.000154655045,0.209122904,0.00331495253,0.0,0.897482,32.11838975,60.7937,17.5242,0.643927,27.21458668
thickness.iv,10,5,1.013,-0.081747,32.3494339,2.45678847,34.9339727,0.218390604,2.10975468,0.128488527,0.000154655288,0.214930757,0.00345984661,0.0,0.897482,32.11838975,60.7937,17.5242,0.643927,27.21458668
thickness.iv,10,6,1.013,-0.061469,32.2938698,2.49235277,34.9339727,0.224617426,2.1390867,0.128493993,0.000154655534,0.221005342,0.00361208401,0.0,0.897482,32.11838975,60.7937,17.5242,0.643927,27.21458668
thickness.iv,10,7,1.013,-0.041186,32.2371765,2.52904433,34.9339727,0.231135721,2.16925451,0.128499442,0.000154655782,0.227363582,0.00377213905,0.0,0.897482,32.11838975,60.7937,17.5242,0.643927,27.21458668
thickness.iv,10,8,1.013,-0.020896,32.1792958,2.5669245,34.9339727,0.237964354,2.20030062,0.128504872,0.000154656034,0.234023829,0.00394052526,0.0,0.897482,32.11838975,60.7937,17.5242,0.643927,27.21458668
thickness.iv,10,9,1.013,-0.000601,32.1201602,2.60605952,34.9339727,0.245123825,2.23227075,0.128510282,0.00015465629,0.241006026,0.00411779953,0.0,0.897482,32.11838975,60.7937,17.5242,0.643927,27.21458668
thickness.iv,10,10,1.013,0.019702,32.059699,2.64652099,34.9339727,0.25263645,2.26521422,0.128515668,0.000154656552,0.248331884,0.00430456675,0.0,0.897482,32.11838975,60.7937,17.5242,0.643927,27.21458668
thickness.iv,10,11,1.013,0.040011,31.9978315,2.68838655,34.9339727,0.260526576,2.29918429,0.128521029,0.000154656818,0.256025091,0.00450148518,0.0,0.897482,32.11838975,60.7937,17.5242,0.643927,27.21458668
thickness.iv,10,12,1.013,0.060328,31.9344773,2.73174051,34.9339727,0.268820824,2.33423866,0.128526363,0.000154657091,0.264111551,0.00470927254,0.0,0.897482,32.11838975,60.7937,17.5242,0.643927,27.21458668
thickness.iv,10,13,1.013,0.080652,31.8695424,2.77667464,34.9339727,0.277548366,2.37043995,0.128531669,0.00015465737,0.272619653,0.0049287129,0.0,0.897482,32.11838975,60.7937,17.5242,0.643927,27.21458668
thickness.iv,10,14,1.013,0.100985,31.8029279,2.82328912,34.9339727,0.286741253,2.40785627,0.128536943,0.000154657657,0.281580589,0.00516066465,0.0,0.897482,32.11838975,60.7937,17.5242,0.643927,27.21458668
thickness.iv,10,15,1.013,0.121327,31.7345395,2.87168528,34.9339727,0.296435852,2.4465526,0.128542174,0.000154657949,0.291029854,0.0054059981,0.0,0.897482,32.11838975,60.7937,17.5242,0.643927,27.21458668
thickness.iv,10,16,1.013,0.141679,31.6642253,2.92199952,34.9339727,0.306669189,2.48662829,0.12854738,0.000154658254,0.3010033,0.0056658885,0.0,0.897482,32.11838975,60.7937,17.5242,0.643927,27.21458668
thickness.iv,10,17,1.013,0.162041,31.5918683,2.97435618,34.9339727,0.317485393,2.52816358,0.12855255,0.000154658568,0.311543984,0.00594140911,0.0,0.897482,32.11838975,60.7937,17.5242,0.643927,27.21458668
thickness.iv,10,18,1.013,0.182413,31.5173231,3.02890125,34.9339727,0.328932513,2.5712564,0.128557681,0.000154658894,0.322698692,0.00623382148,0.0,0.897482,32.11838975,60.7937,17.5242,0.643927,27.21458668
thickness.iv,10,19,1.013,0.202798,31.4404277,3.08579644,34.9339727,0.341064204,2.61601481,0.128562773,0.000154659232,0.33451968,0.00654452362,0.0,0.897482,32.11838975,60.7937,17.5242,0.643927,27.21458668
thickness.iv,10,20,1.013,0.223195,31.3610024,3.14522157,34.9339727,0.353940673,2.66255842,0.128567823,0.000154659583,0.347065603,0.00687506932,0.0,0.897482,32.11838975,60.7937,17.5242,0.643927,27.21458668
thickness.iv,10,21,1.013,0.243606,31.2788462,3.20737752,34.9339727,0.367629883,2.71102014,0.128572831,0.000154659948,0.360402692,0.00722719105,0.0,0.897482,32.11838975,60.7937,17.5242,0.643927,27.21458668
thickness.iv,10,22,1.013,0.264031,31.1937336,3.27248988,34.9339727,0.382209128,2.7615483,0.128577794,0.00015466033,0.374606301,0.00760282722,0.0,0.897482,32.11838975,60.7937,17.5242,0.643927,27.21458668
thickness.iv,10,23,1.013,0.284473,31.1054096,3.3408137,34.9339727,0.397767165,2.81430916,0.128582712,0.000154660729,0.389763009,0.00800415511,0.0,0.897482,32.11838975,60.7937,17.5242,0.643927,27.21458668
thickness.iv,10,24,1.013,0.304932,31.0135831,3.41263976,34.9339727,0.414407249,2.86949027,0.128587583,0.000154661147,0.405973618,0.00843363105,0.0,0.897482,32.11838975,60.7937,17.5242,0.643927,27.21458668
thickness.iv,10,25,1.013,0.32541,30.9179192,3.48830323,34.9339727,0.432251608,2.92730455,0.128592407,0.000154661587,0.423357568,0.00889404028,0.0,0.897482,32.11838975,60.7937,17.5242,0.643927,27.21458668
thickness.iv,10,26,1.013,0.34591,30.8180262,3.56819611,34.9339727,0.451448284,2.98799598,0.128597183,0.000154662051,0.442059723,0.00938856037,0.0,0.897482,32.11838975,60.7937,17.5242,0.643927,27.21458668
thickness.iv,10,27,1.013,0.366433,30.7134358,3.65278597,34.9339727,0.472181883,3.05184752,0.128601909,0.000154662542,0.462261038,0.00992084479,0.0,0.897482,32.11838975,60.7937,17.5242,0.643927,27.21458668
thickness.iv,10,28,1.013,0.386982,30.6035769,3.74264492,34.9339727,0.49469074,3.11919293,0.128606586,0.000154663063,0.484195602,0.0104951379,0.0,0.897482,32.11838975,60.7937,17.5242,0.643927,27.21458668
thickness.iv,10,29,1.013,0.407561,30.487725,3.83849601,34.9339727,0.519294444,3.19043569,0.128611214,0.000154663618,0.508178001,0.0111164431,0.0,0.897482,32.11838975,60.7937,17.5242,0.643927,27.21458668
thickness.iv,10,30,1.013,0.428175,30.3649316,3.94128917,34.9339727,0.546437867,3.26608085,0.128615791,0.000154664214,0.534647081,0.0117907859,0.0,0.897482,32.11838975,60.7937,17.5242,0.643927,27.21458668
thickness.iv,10,31,1.013,0.448831,30.233892,4.05232808,34.9339727,0.576761075,3.34679202,0.128620319,0.000154664857,0.56423542,0.0125256553,0.0,0.897482,32.11838975,60.7937,17.5242,0.643927,27.21458668
thickness.iv,10,32,1.013,0.469536,30.092733,4.17348677,34.9339727,0.611209866,3.43349744,0.128624797,0.00015466556,0.597879072,0.0133307938,0.0,0.897482,32.11838975,60.7937,17.5242,0.643927,27.21458668
thickness.iv,10,33,1.013,0.490307,29.9386303,4.30758855,34.9339727,0.651211148,3.52759351,0.128629228,0.000154666339,0.636991464,0.0142196842,0.0,0.897482,32.11838975,60.7937,17.5242,0.643927,27.21458668
thickness.iv,10,34,1.013,0.511164,29.7671319,4.4590868,34.9339727,0.69895492,3.6313436,0.128633614,0.000154667222,0.683742465,0.0152124551,0.0,0.897482,32.11838975,60.7937,17.5242,0.643927,27.21458668
thickness.iv,10,35,1.013,0.532145,29.5709009,4.63531746,34.9339727,0.757856375,3.74866846,0.128637958,0.000154668251,0.741514682,0.0163416928,0.0,0.897482,32.11838975,60.7937,17.5242,0.643927,27.21458668
thickness.iv,10,36,1.013,0.553313,29.3373728,4.8488444,34.9339727,0.833327165,3.8867203,0.128642268,0.000154669502,0.815662957,0.0176642079,0.0,0.897482,32.11838975,60.7937,17.5242,0.643927,27.21458668
thickness.iv,10,37,1.013,0.574778,29.0443323,5.12188488,34.9339727,0.934076211,4.05900744,0.128646558,0.00015467111,0.914791317,0.0192848941,0.0,0.897482,32.11838975,60.7937,17.5242,0.643927,27.21458668
thickness.iv,10,38,1.013,0.596742,28.6516001,5.49461561,34.9339727,1.07429476,4.29151532,0.12865085,0.000154673318,1.05289019,0.0214045756,0.0,0.897482,32.11838975,60.7937,17.5242,0.643927,27.21458668
thickness.iv,10,39,1.013,0.619571,28.0858531,6.04036149,34.9339727,1.27721759,4.63433404,0.12865519,0.000154676577,1.25280446,0.0244131285,0.0,0.897482,32.11838975,60.7937,17.5242,0.643927,27.21458668
thickness.iv,10,40,1.013,0.643927,27.2145867,6.89162674,34.9339727,1.58045249,5.18235991,0.128659659,0.000154681721,1.55139333,0.0290591611,0.0,0.897482,32.11838975,60.7937,17.5242,0.643927,27.21458668
thickness.iv,10,41,1.013,0.670961,25.8078237,8.27838387,34.9339727,2.04228764,6.10727714,0.128664404,0.000154690255,2.00557044,0.0367171945,0.0,0.897482,32.11838975,60.7937,17.5242,0.643927,27.21458668
thickness.iv,10,42,1.013,0.70249,23.501966,10.5642636,34.9339727,2.74394055,7.69149873,0.128669667,0.000154704755,2.69426857,0.0496719766,0.0,0.897482,32.11838975,60.7937,17.5242,0.643927,27.21458668
thickness.iv,10,43,1.013,0.740887,19.8226388,14.2235887,34.9339727,3.77402168,10.3207365,0.128675787,0.000154729196,3.70299034,0.0710313462,0.0,0.897482,32.11838975,60.7937,17.5242,0.643927,27.21458668
thickness.iv,10,44,1.013,0.788158,14.3683792,19.6579248,34.9339727,5.17807686,14.3510101,0.128683113,0.00015476877,5.07456139,0.103515474,0.0,0.897482,32.11838975,60.7937,17.5242,0.643927,27.21458668
thickness.iv,10,45,1.013,0.844215,7.15706633,26.8489481,34.9339727,6.88761856,19.832483,0.128691702,0.000154828695,6.74069363,0.146924935,0.0,0.897482,32.11838975,60.7937,17.5242,0.643927,27.21458668
thickness.iv,10,46,1.013,0.905548,-1.109501,35.0955624,34.9339727,8.69920877,26.2674975,0.128701248,0.000154913089,8.50268519,0.196523578,0.0,0.897482,32.11838975,60.7937,17.5242,0.643927,27.21458668
thickness.iv,10,47,1.013,0.966253,-9.25064484,43.2173651,34.9339727,10.3556516,32.7328477,0.12871081,0.000155024306,10.1111202,0.244531375,0.0,0.897482,32.11838975,60.7937,17.5242,0.643927,27.21458668
thickness.iv,10,48,1.013,1.020681,-16.1361047,50.0817244,34.9339727,11.6622897,38.2905604,0.128719131,0.000155161619,11.3785701,0.283719562,0.0,0.897482,32.11838975,60.7937,17.5242,0.643927,27.21458668
thickness.iv,10,49,1.013,1.065696,-21.1392158,55.0647337,34.9339727,12.5603772,42.3754758,0.12872546,0.000155322717,12.2489788,0.311398384,0.0,0.897482,32.11838975,60.7937,17.5242,0.643927,27.21458668
thickness.iv,10,50,1.013,1.101568,-24.3135941,58.2203537,34.9339727,13.1106379,44.9808306,0.128729672,0.000155501015,12.7818945,0.328743416,0.0,0.897482,32.11838975,60.7937,17.5242,0.643927,27.21458668
thickness.iv,10,51,1.013,1.130685,-26.1370915,60.0242978,34.9339727,13.4147739,46.4806361,0.128732087,0.000155688236,13.0763853,0.338388601,0.0,0.897482,32.11838975,60.7937,17.5242,0.643927,27.21458668
thickness.iv,10,52,1.013,1.155681,-27.1361179,61.0012368,34.9339727,13.5723574,47.2999902,0.128733343,0.000155880834,13.2292009,0.343156493,0.0,0.897482,32.11838975,60.7937,17.5242,0.643927,27.21458668
thickness.iv,10,53,1.013,1.178414,-27.6828135,61.530084,34.9339727,13.6646294,47.7365644,0.128734142,0.000156073933,13.3183124,0.346316981,0.0,0.897482,32.11838975,60.7937,17.5242,0.643927,27.21458668
thickness.iv,10,54,1.013,1.200025,-28.0050376,61.8324489,34.9339727,13.7146223,47.9889357,0.128734563,0.000156265732,13.366701,0.347921341,0.0,0.897482,32.11838975,60.7937,17.5242,0.643927,27.21458668
thickness.iv,10,55,1.013,1.221088,-28.2176558,62.0231165,34.9339727,13.7410519,48.1531735,0.128734758,0.000156454262,13.3924996,0.348552244,0.0,0.897482,32.11838975,60.7937,17.5242,0.643927,27.21458668
thickness.iv,10,56,1.013,1.241865,-28.3729485,62.1583993,34.9339727,13.7631084,48.2663993,0.128734945,0.00015663767,13.4138554,0.349253055,0.0,0.897482,32.11838975,60.7937,17.5242,0.643927,27.21458668
thickness.iv,10,57,1.013,1.262504,-28.5007828,62.2662229,34.9339727,13.780656,48.356675,0.128735093,0.000156820406,13.4308455,0.349810507,0.0,0.897482,32.11838975,60.7937,17.5242,0.643927,27.21458668
thickness.iv,10,58,1.013,1.283069,-28.6137414,62.3591758,34.9339727,13.7957743,48.4345093,0.128735221,0.000156999385,13.445483,0.350291299,0.0,0.897482,32.11838975,60.7937,17.5242,0.643927,27.21458668
thickness.iv,10,59,1.013,1.30359,-28.7180397,62.4434715,34.9339727,13.8094758,48.5051031,0.128735338,0.000157175226,13.4587484,0.350727417,0.0,0.897482,32.11838975,60.7937,17.5242,0.643927,27.21458668
thickness.iv,10,60,1.013,1.324084,-28.8167276,62.5221573,34.9339727,13.8222549,48.5710096,0.128735447,0.000157349116,13.4711206,0.351134303,0.0,0.897482,32.11838975,60.7937,17.5242,0.643927,27.21458668
thickness.iv,10,61,1.013,1.344555,-28.9109867,62.5964147,34.9339727,13.8343049,48.6332167,0.12873555,0.000157518469,13.4827868,0.351518087,0.0,0.897482,32.11838975,60.7937,17.5242,0.643927,27.21458668
thickness.iv,11,1,1.096,-0.163399,32.6797982,2.32300478,35.0547058,0.233043184,1.96142302,0.12846658,7.19947716e-05,0.229059924,0.00398326011,0.0,0.897999,32.24078009,60.8128,17.6067,0.643114,27.37718307
thickness.iv,11,2,1.096,-0.143144,32.628881,2.35391806,35.0547058,0.239187846,1.98618612,0.128472098,7.19948605e-05,0.23505021,0.00413763628,0.0,0.897999,32.24078009,60.8128,17.6067,0.643114,27.37718307
thickness.iv,11,3,1.096,-0.122885,32.5770662,2.38573296,35.0547058,0.245591096,2.01159226,0.128477603,7.19949504e-05,0.241292091,0.0042990048,0.0,0.897999,32.24078009,60.8128,17.6067,0.643114,27.37718307
thickness.iv,11,4,1.096,-0.102621,32.5242982,2.41850005,35.0547058,0.252268195,2.03767676,0.128483097,7.19950423e-05,0.247800352,0.00446784321,0.0,0.897999,32.24078009,60.8128,17.6067,0.643114,27.37718307
thickness.iv,11,5,1.096,-0.082353,32.4705299,2.45226814,35.0547058,0.259235585,2.06447198,0.128488578,7.19951364e-05,0.254590978,0.00464460723,0.0,0.897999,32.24078009,60.8128,17.6067,0.643114,27.37718307
thickness.iv,11,6,1.096,-0.062079,32.4157082,2.48708972,35.0547058,0.266511027,2.09201265,0.128494044,7.19952328e-05,0.261681238,0.00482978869,0.0,0.897999,32.24078009,60.8128,17.6067,0.643114,27.37718307
thickness.iv,11,7,1.096,-0.041799,32.3597759,2.52302125,35.0547058,0.274113732,2.12033603,0.128499492,7.19953318e-05,0.269089813,0.005023919,0.0,0.897999,32.24078009,60.8128,17.6067,0.643114,27.37718307
thickness.iv,11,8,1.096,-0.021513,32.3026731,2.56012363,35.0547058,0.28206451,2.14948221,0.128504921,7.19954334e-05,0.276836937,0.005227573,0.0,0.897999,32.24078009,60.8128,17.6067,0.643114,27.37718307
thickness.iv,11,9,1.096,-0.001222,32.2443335,2.59846257,35.0547058,0.290385943,2.1794943,0.12851033,7.19955381e-05,0.284944569,0.00544137339,0.0,0.897999,32.24078009,60.8128,17.6067,0.643114,27.37718307
thickness.iv,11,10,1.096,0.019077,32.1846871,2.63810915,35.0547058,0.299102573,2.21041886,0.128515714,7.19956458e-05,0.293436578,0.00566599564,0.0,0.897999,32.24078009,60.8128,17.6067,0.643114,27.37718307
thickness.iv,11,11,1.096,0.039382,32.1236553,2.67914036,35.0547058,0.30824113,2.24230616,0.128521074,7.19957569e-05,0.302338956,0.00590217368,0.0,0.897999,32.24078009,60.8128,17.6067,0.643114,27.37718307
thickness.iv,11,12,1.096,0.059694,32.0611551,2.72163981,35.0547058,0.31783078,2.27521063,0.128526406,7.19958717e-05,0.311680073,0.00615070635,0.0,0.897999,32.24078009,60.8128,17.6067,0.643114,27.37718307
thickness.iv,11,13,1.096,0.080015,31.9970956,2.76569848,35.0547058,0.32790342,2.30919135,0.12853171,7.19959903e-05,0.321490955,0.00641246476,0.0,0.897999,32.24078009,60.8128,17.6067,0.643114,27.37718307
thickness.iv,11,14,1.096,0.100343,31.9313777,2.81141556,35.0547058,0.338494022,2.34431256,0.128536982,7.19961132e-05,0.331805621,0.00668840083,0.0,0.897999,32.24078009,60.8128,17.6067,0.643114,27.37718307
thickness.iv,11,15,1.096,0.120681,31.8638936,2.85889955,35.0547058,0.349641033,2.3806443,0.128542221,7.19962405e-05,0.342661476,0.00697955706,0.0,0.897999,32.24078009,60.8128,17.6067,0.643114,27.37718307
thickness.iv,11,16,1.096,0.141027,31.794522,2.90826944,35.0547058,0.361386849,2.41826317,0.128547426,7.19963726e-05,0.354099771,0.00728707786,0.0,0.897999,32.24078009,60.8128,17.6067,0.643114,27.37718307
thickness.iv,11,17,1.096,0.161384,31.7231544,2.95964446,35.0547058,0.37377932,2.45724056,0.128552582,7.19965082e-05,0.366167257,0.00761206221,0.0,0.897999,32.24078009,60.8128,17.6067,0.643114,27.37718307
thickness.iv,11,18,1.096,0.181752,31.6496068,3.01319191,35.0547058,0.386868845,2.49769335,0.128557711,7.19966512e-05,0.378912631,0.00795621328,0.0,0.897999,32.24078009,60.8128,17.6067,0.643114,27.37718307
thickness.iv,11,19,1.096,0.202131,31.573738,3.06906056,35.0547058,0.400714281,2.53971149,0.1285628,7.19968001e-05,0.392393365,0.00832091635,0.0,0.897999,32.24078009,60.8128,17.6067,0.643114,27.37718307
thickness.iv,11,20,1.096,0.222523,31.4953698,3.12742839,35.0547058,0.415380712,2.58340783,0.128567847,7.19969557e-05,0.406672833,0.00870787919,0.0,0.897999,32.24078009,60.8128,17.6067,0.643114,27.37718307
thickness.iv,11,21,1.096,0.242928,31.4143038,3.18849424,35.0547058,0.430941483,2.62890791,0.128572852,7.19971184e-05,0.421822479,0.009119004,0.0,0.897999,32.24078009,60.8128,17.6067,0.643114,27.37718307
thickness.iv,11,22,1.096,0.263348,31.3303163,3.25248152,35.0547058,0.447479854,2.67635185,0.128577812,7.19972888e-05,0.437923437,0.00955641713,0.0,0.897999,32.24078009,60.8128,17.6067,0.643114,27.37718307
thickness.iv,11,23,1.096,0.283784,31.2431547,3.31964292,35.0547058,0.465091228,2.72589697,0.128582727,7.19974676e-05,0.455068723,0.0100225049,0.0,0.897999,32.24078009,60.8128,17.6067,0.643114,27.37718307
thickness.iv,11,24,1.096,0.304237,31.1525305,3.39026669,35.0547058,0.483886302,2.7777208,0.128587595,7.19976557e-05,0.473366345,0.0105199569,0.0,0.897999,32.24078009,60.8128,17.6067,0.643114,27.37718307
thickness.iv,11,25,1.096,0.324709,31.0581116,3.46468529,35.0547058,0.503995684,2.83202519,0.128592416,7.1997854e-05,0.492943864,0.0110518203,0.0,0.897999,32.24078009,60.8128,17.6067,0.643114,27.37718307
thickness.iv,11,26,1.096,0.345202,30.9595091,3.54328788,35.0547058,0.525576936,2.88904176,0.128597188,7.19980636e-05,0.513955368,0.011621568,0.0,0.897999,32.24078009,60.8128,17.6067,0.643114,27.37718307
thickness.iv,11,27,1.096,0.365719,30.8562581,3.62653902,35.0547058,0.548825602,2.94903951,0.128601912,7.19982857e-05,0.536592413,0.0122331888,0.0,0.897999,32.24078009,60.8128,17.6067,0.643114,27.37718307
thickness.iv,11,28,1.096,0.386261,30.7477883,3.71500782,35.0547058,0.573992775,3.01233646,0.128606585,7.1998522e-05,0.561101463,0.0128913111,0.0,0.897999,32.24078009,60.8128,17.6067,0.643114,27.37718307
thickness.iv,11,29,1.096,0.406833,30.6333813,3.80941447,35.0547058,0.601413244,3.07931802,0.128611209,7.19987744e-05,0.587811861,0.0136013832,0.0,0.897999,32.24078009,60.8128,17.6067,0.643114,27.37718307
thickness.iv,11,30,1.096,0.42744,30.5120889,3.91070654,35.0547058,0.63155047,3.15046829,0.128615783,7.19990455e-05,0.617180514,0.0143699563,0.0,0.897999,32.24078009,60.8128,17.6067,0.643114,27.37718307
thickness.iv,11,31,1.096,0.448087,30.3826082,4.02018638,35.0547058,0.665068017,3.22642606,0.128620307,7.19993391e-05,0.64986286,0.0152051571,0.0,0.897999,32.24078009,60.8128,17.6067,0.643114,27.37718307
thickness.iv,11,32,1.096,0.468785,30.2430661,4.13972859,35.0547058,0.702942638,3.30808917,0.128624782,7.19996602e-05,0.686825104,0.0161175338,0.0,0.897999,32.24078009,60.8128,17.6067,0.643114,27.37718307
thickness.iv,11,33,1.096,0.489547,30.0906333,4.27216039,35.0547058,0.74664411,3.39681507,0.128629209,7.20000168e-05,0.729522462,0.0171216476,0.0,0.897999,32.24078009,60.8128,17.6067,0.643114,27.37718307
thickness.iv,11,34,1.096,0.510396,29.9208492,4.42194461,35.0547058,0.798425276,3.49481375,0.128633591,7.20004212e-05,0.780186094,0.0182391821,0.0,0.897999,32.24078009,60.8128,17.6067,0.643114,27.37718307
thickness.iv,11,35,1.096,0.531368,29.726357,4.5964358,35.0547058,0.861799277,3.60592659,0.128637931,7.20008938e-05,0.842294117,0.0195051601,0.0,0.897999,32.24078009,60.8128,17.6067,0.643114,27.37718307
thickness.iv,11,36,1.096,0.552527,29.4945612,4.80823095,35.0547058,0.942339739,3.73717698,0.128642237,7.20014699e-05,0.921359207,0.0209805321,0.0,0.897999,32.24078009,60.8128,17.6067,0.643114,27.37718307
thickness.iv,11,37,1.096,0.573984,29.2031894,5.07960245,35.0547058,1.04903726,3.90184666,0.128646523,7.20022117e-05,1.02625956,0.0227776987,0.0,0.897999,32.24078009,60.8128,17.6067,0.643114,27.37718307
thickness.iv,11,38,1.096,0.59594,28.8119799,5.45081106,35.0547058,1.19659085,4.1254974,0.128650811,7.20032328e-05,1.17147916,0.0251116902,0.0,0.897999,32.24078009,60.8128,17.6067,0.643114,27.37718307
thickness.iv,11,39,1.096,0.618762,28.2475013,5.9952887,35.0547058,1.40916588,4.45739567,0.128655146,7.20047429e-05,1.38076615,0.0283997335,0.0,0.897999,32.24078009,60.8128,17.6067,0.643114,27.37718307
thickness.iv,11,40,1.096,0.643114,27.3771831,6.84560425,35.0547058,1.7260601,4.99081254,0.12865961,7.20071292e-05,1.69261759,0.0334425036,0.0,0.897999,32.24078009,60.8128,17.6067,0.643114,27.37718307
thickness.iv,11,41,1.096,0.670143,25.9713201,8.23149488,35.0547058,2.20848885,5.89426967,0.128664349,7.20110899e-05,2.16677997,0.041708875,0.0,0.897999,32.24078009,60.8128,17.6067,0.643114,27.37718307
thickness.iv,11,42,1.096,0.701663,23.6674146,10.5153949,35.0547058,2.94222738,7.44442589,0.128669603,7.20178176e-05,2.88659019,0.0556371937,0.0,0.897999,32.24078009,60.8128,17.6067,0.643114,27.37718307
thickness.iv,11,43,1.096,0.740028,19.994322,14.1684834,35.0547058,4.02160865,10.018127,0.128675708,7.2029144e-05,3.94307078,0.0785378685,0.0,0.897999,32.24078009,60.8128,17.6067,0.643114,27.37718307
thickness.iv,11,44,1.096,0.787226,14.5548163,19.5880623,35.0547058,5.49671637,13.9625909,0.128683009,7.20474534e-05,5.38341091,0.113305462,0.0,0.897999,32.24078009,60.8128,17.6067,0.643114,27.37718307
thickness.iv,11,45,1.096,0.843168,7.36633156,26.7562859,35.0547058,7.29863225,19.3288901,0.128691565,7.20751328e-05,7.13888509,0.159747157,0.0,0.897999,32.24078009,60.8128,17.6067,0.643114,27.37718307
thickness.iv,11,46,1.096,0.90441,-0.88203268,34.9846797,35.0547058,9.21614469,25.6397618,0.128701078,7.21140707e-05,9.00326018,0.212884515,0.0,0.897999,32.24078009,60.8128,17.6067,0.643114,27.37718307
thickness.iv,11,47,1.096,0.965141,-9.02811859,43.1114091,35.0547058,10.9787603,32.003866,0.128710632,7.21653765e-05,10.7142652,0.264495113,0.0,0.897999,32.24078009,60.8128,17.6067,0.643114,27.37718307
thickness.iv,11,48,1.096,1.019747,-15.9494082,50.0115514,35.0547058,12.377739,37.5050212,0.128718979,7.2228768e-05,12.0709152,0.306823808,0.0,0.897999,32.24078009,60.8128,17.6067,0.643114,27.37718307
thickness.iv,11,49,1.096,1.065033,-21.0065861,55.0485023,35.0547058,13.3451684,41.5745362,0.128725362,7.23032662e-05,13.0082928,0.336875669,0.0,0.897999,32.24078009,60.8128,17.6067,0.643114,27.37718307
thickness.iv,11,50,1.096,1.101171,-24.2341785,58.255997,35.0547058,13.9369554,44.1902397,0.128729568,7.23858596e-05,13.5814263,0.355529073,0.0,0.897999,32.24078009,60.8128,17.6067,0.643114,27.37718307
thickness.iv,11,51,1.096,1.130457,-26.0914115,60.0951279,35.0547058,14.2724553,45.693868,0.128732106,7.24737695e-05,13.9060289,0.366426385,0.0,0.897999,32.24078009,60.8128,17.6067,0.643114,27.37718307
thickness.iv,11,52,1.096,1.155553,-27.1106651,61.0927306,35.0547058,14.4448822,46.5190424,0.1287334,7.25625055e-05,14.0731509,0.371731269,0.0,0.897999,32.24078009,60.8128,17.6067,0.643114,27.37718307
thickness.iv,11,53,1.096,1.178355,-27.6709566,61.6327512,35.0547058,14.5390093,46.9649351,0.12873413,7.2652072e-05,14.1642992,0.374710115,0.0,0.897999,32.24078009,60.8128,17.6067,0.643114,27.37718307
thickness.iv,11,54,1.096,1.199985,-27.9969552,61.9405969,35.0547058,14.5977696,47.2140199,0.12873462,7.27413527e-05,14.2209518,0.376817864,0.0,0.897999,32.24078009,60.8128,17.6067,0.643114,27.37718307
thickness.iv,11,55,1.096,1.221052,-28.2103049,62.1340193,35.0547058,14.6317229,47.3734887,0.128734889,7.28291298e-05,14.2538076,0.377915335,0.0,0.897999,32.24078009,60.8128,17.6067,0.643114,27.37718307
thickness.iv,11,56,1.096,1.241835,-28.3669323,62.2706739,35.0547058,14.6556049,47.486261,0.128735079,7.29144793e-05,14.2769202,0.378684682,0.0,0.897999,32.24078009,60.8128,17.6067,0.643114,27.37718307
thickness.iv,11,57,1.096,1.262477,-28.4954524,62.3792063,35.0547058,14.6745224,47.5758757,0.128735229,7.29995088e-05,14.2952292,0.379293181,0.0,0.897999,32.24078009,60.8128,17.6067,0.643114,27.37718307
thickness.iv,11,58,1.096,1.283044,-28.6087918,62.4725516,35.0547058,14.6907619,47.6529812,0.128735359,7.30827888e-05,14.3109468,0.379815105,0.0,0.897999,32.24078009,60.8128,17.6067,0.643114,27.37718307
thickness.iv,11,59,1.096,1.303567,-28.7133182,62.5570807,35.0547058,14.7054462,47.7228259,0.128735476,7.31646065e-05,14.3251593,0.380286841,0.0,0.897999,32.24078009,60.8128,17.6067,0.643114,27.37718307
thickness.iv,11,60,1.096,1.324061,-28.8121753,62.6359391,35.0547058,14.7191292,47.788001,0.128735585,7.32455136e-05,14.3384028,0.380726351,0.0,0.897999,32.24078009,60.8128,17.6067,0.643114,27.37718307
thickness.iv,11,61,1.096,1.344533,-28.9065605,62.710325,35.0547058,14.732024,47.849492,0.128735688,7.33243151e-05,14.3508835,0.381140581,0.0,0.897999,32.24078009,60.8128,17.6067,0.643114,27.37718307
thickness.iv,12,1,1.185,-0.163907,32.7814724,2.3194231,35.1582506,0.276691998,1.91423279,0.128466683,3.16387885e-05,0.27142269,0.00526930761,0.0,0.898419,32.3455992,60.8182,17.6737,0.642451,27.5098104
thickness.iv,12,2,1.185,-0.143656,32.7311066,2.34978598,35.1582506,0.283828487,1.93745366,0.128472197,3.16388245e-05,0.27837359,0.0054548971,0.0,0.898419,32.3455992,60.8182,17.6737,0.642451,27.5098104
thickness.iv,12,3,1.185,-0.123399,32.6798498,2.38104256,35.1582506,0.291254413,1.96127881,0.128477699,3.1638861e-05,0.285605988,0.00564842563,0.0,0.898419,32.3455992,60.8182,17.6737,0.642451,27.5098104
thickness.iv,12,4,1.185,-0.103138,32.6276479,2.41324429,35.1582506,0.29898674,1.98574272,0.128483189,3.16388985e-05,0.293136279,0.00585046021,0.0,0.898419,32.3455992,60.8182,17.6737,0.642451,27.5098104
thickness.iv,12,5,1.185,-0.082872,32.5744528,2.4464392,35.1582506,0.307043287,2.01087561,0.128488667,3.16389371e-05,0.300981786,0.00606150018,0.0,0.898419,32.3455992,60.8182,17.6737,0.642451,27.5098104
thickness.iv,12,6,1.185,-0.062601,32.5202127,2.48067888,35.1582506,0.315443282,2.03670983,0.128494129,3.16389769e-05,0.309161199,0.00628208359,0.0,0.898419,32.3455992,60.8182,17.6737,0.642451,27.5098104
thickness.iv,12,7,1.185,-0.042324,32.4648725,2.51601884,35.1582506,0.324207507,2.06328012,0.128499574,3.1639018e-05,0.317694715,0.00651279116,0.0,0.898419,32.3455992,60.8182,17.6737,0.642451,27.5098104
thickness.iv,12,8,1.185,-0.022042,32.4083719,2.5525189,35.1582506,0.333358454,2.0906238,0.128505,3.16390604e-05,0.326604203,0.00675425068,0.0,0.898419,32.3455992,60.8182,17.6737,0.642451,27.5098104
thickness.iv,12,9,1.185,-0.001753,32.3506474,2.59024368,35.1582506,0.342920518,2.11878112,0.128510405,3.16391041e-05,0.335913376,0.00700714197,0.0,0.898419,32.3455992,60.8182,17.6737,0.642451,27.5098104
thickness.iv,12,10,1.185,0.018542,32.2916272,2.62926312,35.1582506,0.352920201,2.14779549,0.128515786,3.16391494e-05,0.345647999,0.00727220242,0.0,0.898419,32.3455992,60.8182,17.6737,0.642451,27.5098104
thickness.iv,12,11,1.185,0.038844,32.2312374,2.66965305,35.1582506,0.363386359,2.1777139,0.128521143,3.16391962e-05,0.355836126,0.00755023332,0.0,0.898419,32.3455992,60.8182,17.6737,0.642451,27.5098104
thickness.iv,12,12,1.185,0.059153,32.1694085,2.71148339,35.1582506,0.374349939,2.20857535,0.128526465,3.16392439e-05,0.366508062,0.00784187674,0.0,0.898419,32.3455992,60.8182,17.6737,0.642451,27.5098104
thickness.iv,12,13,1.185,0.07947,32.1060235,2.75486841,35.1582506,0.385846529,2.24045848,0.128531764,3.16392942e-05,0.377697996,0.00814853284,0.0,0.898419,32.3455992,60.8182,17.6737,0.642451,27.5098104
thickness.iv,12,14,1.185,0.099795,32.0409975,2.79989412,35.1582506,0.397913291,2.27341216,0.128537033,3.16393464e-05,0.389442268,0.00847102208,0.0,0.898419,32.3455992,60.8182,17.6737,0.642451,27.5098104
thickness.iv,12,15,1.185,0.120129,31.9742237,2.84666784,35.1582506,0.410591732,2.3075022,0.128542268,3.16394005e-05,0.401781249,0.00881048305,0.0,0.898419,32.3455992,60.8182,17.6737,0.642451,27.5098104
thickness.iv,12,16,1.185,0.140472,31.9055841,2.89530734,35.1582506,0.423927605,2.34280062,0.128547469,3.16394569e-05,0.41475944,0.00916816549,0.0,0.898419,32.3455992,60.8182,17.6737,0.642451,27.5098104
thickness.iv,12,17,1.185,0.160825,31.8349491,2.94594228,35.1582506,0.437971496,2.37938651,0.128552633,3.16395156e-05,0.428426051,0.00954544445,0.0,0.898419,32.3455992,60.8182,17.6737,0.642451,27.5098104
thickness.iv,12,18,1.185,0.181189,31.7621752,2.99871585,35.1582506,0.452779523,2.41734692,0.128557759,3.16395768e-05,0.442835686,0.00994383676,0.0,0.898419,32.3455992,60.8182,17.6737,0.642451,27.5098104
thickness.iv,12,19,1.185,0.201564,31.6871042,3.05378672,35.1582506,0.468414193,2.45677805,0.128562845,3.16396407e-05,0.458049172,0.0103650202,0.0,0.898419,32.3455992,60.8182,17.6737,0.642451,27.5098104
thickness.iv,12,20,1.185,0.221952,31.6095592,3.11133147,35.1582506,0.484945447,2.49778649,0.128567889,3.16397075e-05,0.474134591,0.0108108562,0.0,0.898419,32.3455992,60.8182,17.6737,0.642451,27.5098104
thickness.iv,12,21,1.185,0.242353,31.5293433,3.17154743,35.1582506,0.502451992,2.54049091,0.12857289,3.16397774e-05,0.491168575,0.0112834166,0.0,0.898419,32.3455992,60.8182,17.6737,0.642451,27.5098104
thickness.iv,12,22,1.185,0.262769,31.4462339,3.2346564,35.1582506,0.521023015,2.5850239,0.128577847,3.16398508e-05,0.509238,0.0117850152,0.0,0.898419,32.3455992,60.8182,17.6737,0.642451,27.5098104
thickness.iv,12,23,1.185,0.2832,31.3599808,3.30090934,35.1582506,0.540760516,2.63153443,0.128582759,3.16399279e-05,0.52844227,0.0123182466,0.0,0.898419,32.3455992,60.8182,17.6737,0.642451,27.5098104
thickness.iv,12,24,1.185,0.303649,31.2702974,3.37059261,35.1582506,0.561782563,2.68019079,0.128587624,3.1640009e-05,0.54889653,0.0128860325,0.0,0.898419,32.3455992,60.8182,17.6737,0.642451,27.5098104
thickness.iv,12,25,1.185,0.324116,31.1768528,3.44403667,35.1582506,0.584228066,2.73118452,0.128592442,3.16400947e-05,0.570736386,0.0134916795,0.0,0.898419,32.3455992,60.8182,17.6737,0.642451,27.5098104
thickness.iv,12,26,1.185,0.344604,31.0792611,3.52162855,35.1582506,0.608264028,2.78473568,0.128597211,3.16401852e-05,0.594125076,0.0141389529,0.0,0.898419,32.3455992,60.8182,17.6737,0.642451,27.5098104
thickness.iv,12,27,1.185,0.365115,30.9770587,3.60383073,35.1582506,0.634096866,2.84110029,0.128601931,3.16402813e-05,0.619264693,0.0148321728,0.0,0.898419,32.3455992,60.8182,17.6737,0.642451,27.5098104
thickness.iv,12,28,1.185,0.385652,30.8696784,3.69121031,35.1582506,0.661990404,2.90058166,0.128606601,3.16403835e-05,0.646414057,0.0155763474,0.0,0.898419,32.3455992,60.8182,17.6737,0.642451,27.5098104
thickness.iv,12,29,1.185,0.406218,30.7564029,3.78448592,35.1582506,0.692294659,2.9635484,0.128611222,3.16404928e-05,0.675917293,0.0163773659,0.0,0.898419,32.3455992,60.8182,17.6737,0.642451,27.5098104
thickness.iv,12,30,1.185,0.426819,30.6362835,3.88460443,35.1582506,0.725491772,3.03046523,0.128615792,3.16406103e-05,0.708249471,0.0172423008,0.0,0.898419,32.3455992,60.8182,17.6737,0.642451,27.5098104
thickness.iv,12,31,1.185,0.44746,30.5080191,3.99286909,35.1582506,0.762268982,3.10194816,0.128620313,3.16407377e-05,0.744089068,0.0181799141,0.0,0.898419,32.3455992,60.8182,17.6737,0.642451,27.5098104
thickness.iv,12,32,1.185,0.468151,30.3697293,4.11115825,35.1582506,0.803634259,3.17886756,0.128624785,3.16408771e-05,0.784432699,0.0192015601,0.0,0.898419,32.3455992,60.8182,17.6737,0.642451,27.5098104
thickness.iv,12,33,1.185,0.488907,30.2185789,4.24230779,35.1582506,0.851100639,3.2625463,0.128629208,3.1641032e-05,0.830777753,0.0203228852,0.0,0.898419,32.3455992,60.8182,17.6737,0.642451,27.5098104
thickness.iv,12,34,1.185,0.50975,30.0500886,4.39079784,35.1582506,0.90698448,3.35514813,0.128633587,3.16412079e-05,0.885417335,0.0215671453,0.0,0.898419,32.3455992,60.8182,17.6737,0.642451,27.5098104
thickness.iv,12,35,1.185,0.530716,29.8568715,4.56401515,35.1582506,0.974898114,3.46044747,0.128637923,3.16414138e-05,0.951926274,0.0229718406,0.0,0.898419,32.3455992,60.8182,17.6737,0.642451,27.5098104
thickness.iv,12,36,1.185,0.551869,29.6262713,4.77461468,35.1582506,1.06057949,3.58536133,0.128642226,3.16416651e-05,1.03597734,0.0246021473,0.0,0.898419,32.3455992,60.8182,17.6737,0.642451,27.5098104
thickness.iv,12,37,1.185,0.57332,29.335916,5.0449702,35.1582506,1.17330534,3.74298671,0.128646508,3.16419894e-05,1.1467272,0.0265781477,0.0,0.898419,32.3455992,60.8182,17.6737,0.642451,27.5098104
thickness.iv,12,38,1.185,0.595273,28.9453715,5.41551306,35.1582506,1.3282907,3.95853993,0.128650792,3.16424366e-05,1.29916128,0.0291294162,0.0,0.898419,32.3455992,60.8182,17.6737,0.642451,27.5098104
thickness.iv,12,39,1.185,0.618095,28.3809444,5.95993897,35.1582506,1.55064506,4.28060714,0.128655124,3.1643099e-05,1.51794393,0.0327011341,0.0,0.898419,32.3455992,60.8182,17.6737,0.642451,27.5098104
thickness.iv,12,40,1.185,0.642451,27.5098104,6.81113599,35.1582506,1.8813695,4.80107527,0.128659584,3.16441468e-05,1.84322259,0.0381469114,0.0,0.898419,32.3455992,60.8182,17.6737,0.642451,27.5098104
thickness.iv,12,41,1.185,0.66949,26.1019495,8.19899522,35.1582506,2.38461083,5.68568843,0.128664319,3.16458865e-05,2.33757998,0.0470308494,0.0,0.898419,32.3455992,60.8182,17.6737,0.642451,27.5098104
thickness.iv,12,42,1.185,0.70102,23.795926,10.4850113,35.1582506,3.15060321,7.20570688,0.128669566,3.16488399e-05,3.08865991,0.0619433059,0.0,0.898419,32.3455992,60.8182,17.6737,0.642451,27.5098104
thickness.iv,12,43,1.185,0.73938,20.124059,14.1368772,35.1582506,4.27909865,9.72907124,0.12867566,3.16538049e-05,4.19270952,0.0863891204,0.0,0.898419,32.3455992,60.8182,17.6737,0.642451,27.5098104
thickness.iv,12,44,1.185,0.786524,14.6951124,19.5458944,35.1582506,5.82418057,13.5929992,0.128682939,3.16618144e-05,5.70076146,0.123419108,0.0,0.898419,32.3455992,60.8182,17.6737,0.642451,27.5098104
thickness.iv,12,45,1.185,0.842356,7.52888508,26.6918759,35.1582506,7.71614571,18.847007,0.128691462,3.16738969e-05,7.54331597,0.17282974,0.0,0.898419,32.3455992,60.8182,17.6737,0.642451,27.5098104
thickness.iv,12,46,1.185,0.903481,-0.696253634,34.8970378,35.1582506,9.73645594,25.0318492,0.128700938,3.16908678e-05,9.50704803,0.229407913,0.0,0.898419,32.3455992,60.8182,17.6737,0.642451,27.5098104
thickness.iv,12,47,1.185,0.964188,-8.83767091,43.0190745,35.1582506,11.6024357,31.2878966,0.128710475,3.17132186e-05,11.3179121,0.284523658,0.0,0.898419,32.3455992,60.8182,17.6737,0.642451,27.5098104
thickness.iv,12,48,1.185,1.018919,-15.7837335,49.9439972,35.1582506,13.0921782,36.7230684,0.128718837,3.174085e-05,12.762248,0.329930213,0.0,0.898419,32.3455992,60.8182,17.6737,0.642451,27.5098104
thickness.iv,12,49,1.185,1.064429,-20.8858714,55.0258178,35.1582506,14.1285582,40.7685025,0.128725264,3.1773373e-05,13.7662249,0.362333384,0.0,0.898419,32.3455992,60.8182,17.6737,0.642451,27.5098104
thickness.iv,12,50,1.185,1.100776,-24.1552451,58.2772357,35.1582506,14.7712299,43.3772444,0.128729606,3.18096553e-05,14.3882087,0.383021202,0.0,0.898419,32.3455992,60.8182,17.6737,0.642451,27.5098104
thickness.iv,12,51,1.185,1.130247,-26.049396,60.1503546,35.1582506,15.1282108,44.8933799,0.128732098,3.18480068e-05,14.7339145,0.39429626,0.0,0.898419,32.3455992,60.8182,17.6737,0.642451,27.5098104
thickness.iv,12,52,1.185,1.155437,-27.0874612,61.167485,35.1582506,15.3154817,45.723238,0.128733424,3.18869552e-05,14.9152902,0.400191435,0.0,0.898419,32.3455992,60.8182,17.6737,0.642451,27.5098104
thickness.iv,12,53,1.185,1.178279,-27.6558783,61.7177939,35.1582506,15.4236378,46.1653899,0.128734248,3.19263038e-05,15.019701,0.403936855,0.0,0.898419,32.3455992,60.8182,17.6737,0.642451,27.5098104
thickness.iv,12,54,1.185,1.199954,-27.9907868,62.0309129,35.1582506,15.4764581,46.4256881,0.12873461,3.19654636e-05,15.071066,0.405392092,0.0,0.898419,32.3455992,60.8182,17.6737,0.642451,27.5098104
thickness.iv,12,55,1.185,1.221034,-28.2067926,62.2268784,35.1582506,15.5126173,46.5854942,0.128734878,3.20040147e-05,15.1060642,0.406553158,0.0,0.898419,32.3455992,60.8182,17.6737,0.642451,27.5098104
thickness.iv,12,56,1.185,1.241824,-28.3647465,62.3648018,35.1582506,15.5380095,46.6980252,0.128735068,3.20415056e-05,15.1306409,0.407368555,0.0,0.898419,32.3455992,60.8182,17.6737,0.642451,27.5098104
thickness.iv,12,57,1.185,1.26247,-28.4939484,62.4739913,35.1582506,15.5581176,46.7871064,0.128735218,3.20788535e-05,15.1501015,0.408016119,0.0,0.898419,32.3455992,60.8182,17.6737,0.642451,27.5098104
thickness.iv,12,58,1.185,1.283038,-28.6076636,62.5677019,35.1582506,15.5753727,46.8635617,0.128735347,3.21154326e-05,15.1667999,0.408572769,0.0,0.898419,32.3455992,60.8182,17.6737,0.642451,27.5098104
thickness.iv,12,59,1.185,1.303562,-28.7124185,62.6524558,35.1582506,15.5909726,46.9327156,0.128735465,3.21513687e-05,15.181896,0.409076594,0.0,0.898419,32.3455992,60.8182,17.6737,0.642451,27.5098104
thickness.iv,12,60,1.185,1.324057,-28.8114322,62.7314702,35.1582506,15.6055076,46.9971948,0.128735574,3.21869039e-05,15.1959612,0.409546359,0.0,0.898419,32.3455992,60.8182,17.6737,0.642451,27.5098104
thickness.iv,12,61,1.185,1.34453,-28.9059384,62.8059776,35.1582506,15.6192031,47.0580066,0.128735677,3.22215164e-05,15.209214,0.409989146,0.0,0.898419,32.3455992,60.8182,17.6737,0.642451,27.5098104
thickness.iv,13,1,1.282,-0.164353,32.8706618,2.3147456,35.2468638,0.327060272,1.85920549,0.128466768,1.30689167e-05,0.320281,0.00677927149,0.0,0.898759,32.43704197,60.8106,17.7282,0.641911,27.61777854
thickness.iv,13,2,1.282,-0.144104,32.8207155,2.34468817,35.2468638,0.335232774,1.88097005,0.128472279,1.30689308e-05,0.328235443,0.00699733113,0.0,0.898759,32.43704197,60.8106,17.7282,0.641911,27.61777854
thickness.iv,13,3,1.282,-0.123849,32.7698782,2.37552551,35.2468638,0.343725779,1.90330888,0.128477781,1.30689455e-05,0.336501341,0.00722443878,0.0,0.898759,32.43704197,60.8106,17.7282,0.641911,27.61777854
thickness.iv,13,4,1.282,-0.103591,32.7181038,2.40729995,35.2468638,0.352556602,1.92624701,0.128483271,1.30689605e-05,0.345095556,0.00746104581,0.0,0.898759,32.43704197,60.8106,17.7282,0.641911,27.61777854
thickness.iv,13,5,1.282,-0.083327,32.6653445,2.44005918,35.2468638,0.361744518,1.94981285,0.128488748,1.30689761e-05,0.35403682,0.00770769807,0.0,0.898759,32.43704197,60.8106,17.7282,0.641911,27.61777854
thickness.iv,13,6,1.282,-0.063058,32.6115493,2.4738544,35.2468638,0.371310295,1.97403682,0.128494209,1.30689921e-05,0.363345312,0.00796498299,0.0,0.898759,32.43704197,60.8106,17.7282,0.641911,27.61777854
thickness.iv,13,7,1.282,-0.042783,32.556663,2.50874066,35.2468638,0.381276352,1.99895158,0.128499653,1.30690087e-05,0.373042818,0.00823353378,0.0,0.898759,32.43704197,60.8106,17.7282,0.641911,27.61777854
thickness.iv,13,8,1.282,-0.022503,32.5006262,2.5447773,35.2468638,0.391666934,2.02459222,0.128505078,1.30690258e-05,0.3831529,0.00851403423,0.0,0.898759,32.43704197,60.8106,17.7282,0.641911,27.61777854
thickness.iv,13,9,1.282,-0.002217,32.443375,2.58202844,35.2468638,0.402508315,2.05099657,0.128510482,1.30690435e-05,0.393701091,0.00880722405,0.0,0.898759,32.43704197,60.8106,17.7282,0.641911,27.61777854
thickness.iv,13,10,1.282,0.018076,32.38484,2.62056342,35.2468638,0.413829026,2.07820546,0.128515863,1.30690618e-05,0.404715121,0.00911390497,0.0,0.898759,32.43704197,60.8106,17.7282,0.641911,27.61777854
thickness.iv,13,11,1.282,0.038375,32.3249458,2.66045748,35.2468638,0.425660116,2.10626308,0.128521218,1.30690808e-05,0.416225169,0.00943494747,0.0,0.898759,32.43704197,60.8106,17.7282,0.641911,27.61777854
thickness.iv,13,12,1.282,0.058682,32.2636108,2.70179242,35.2468638,0.438035445,2.13521736,0.128526546,1.30691005e-05,0.428264147,0.00977129857,0.0,0.898759,32.43704197,60.8106,17.7282,0.641911,27.61777854
thickness.iv,13,13,1.282,0.078996,32.2007458,2.74465732,35.2468638,0.450992023,2.16512039,0.128531845,1.30691209e-05,0.440868032,0.0101239905,0.0,0.898759,32.43704197,60.8106,17.7282,0.641911,27.61777854
thickness.iv,13,14,1.282,0.099319,32.1362535,2.78914952,35.2468638,0.464570397,2.19602894,0.128537112,1.30691421e-05,0.454076246,0.0104941509,0.0,0.898759,32.43704197,60.8106,17.7282,0.641911,27.61777854
thickness.iv,13,15,1.282,0.11965,32.0700273,2.83537556,35.2468638,0.478815104,2.22800504,0.128542347,1.30691641e-05,0.46793209,0.0108830138,0.0,0.898759,32.43704197,60.8106,17.7282,0.641911,27.61777854
thickness.iv,13,16,1.282,0.13999,32.0019503,2.88345244,35.2468638,0.493775196,2.26111662,0.128547546,1.30691871e-05,0.482483263,0.0112919334,0.0,0.898759,32.43704197,60.8106,17.7282,0.641911,27.61777854
thickness.iv,13,17,1.282,0.160341,31.9318937,2.93350898,35.2468638,0.509504866,2.29543834,0.128552709,1.3069211e-05,0.497782467,0.0117223988,0.0,0.898759,32.43704197,60.8106,17.7282,0.641911,27.61777854
thickness.iv,13,18,1.282,0.180701,31.859715,2.9856875,35.2468638,0.526064183,2.33105242,0.128557833,1.30692359e-05,0.513888131,0.0121760519,0.0,0.898759,32.43704197,60.8106,17.7282,0.641911,27.61777854
thickness.iv,13,19,1.282,0.201074,31.7852566,3.04014577,35.2468638,0.543519996,2.36804978,0.128562917,1.30692619e-05,0.530865288,0.0126547078,0.0,0.898759,32.43704197,60.8106,17.7282,0.641911,27.61777854
thickness.iv,13,20,1.282,0.221458,31.7083428,3.09705936,35.2468638,0.561947026,2.40653131,0.12856796,1.30692892e-05,0.548786647,0.0131603791,0.0,0.898759,32.43704197,60.8106,17.7282,0.641911,27.61777854
thickness.iv,13,21,1.282,0.241856,31.6287772,3.15662461,35.2468638,0.581429258,2.44660932,0.12857296,1.30693177e-05,0.567733953,0.0136953044,0.0,0.898759,32.43704197,60.8106,17.7282,0.641911,27.61777854
thickness.iv,13,22,1.282,0.262268,31.5463397,3.21906222,35.2468638,0.602061733,2.4884095,0.128577915,1.30693476e-05,0.58779975,0.0142619826,0.0,0.898759,32.43704197,60.8106,17.7282,0.641911,27.61777854
thickness.iv,13,23,1.282,0.282696,31.4607796,3.28462199,35.2468638,0.623952964,2.53207313,0.128582825,1.30693791e-05,0.609089751,0.0148632132,0.0,0.898759,32.43704197,60.8106,17.7282,0.641911,27.61777854
thickness.iv,13,24,1.282,0.303141,31.3718125,3.35358907,35.2468638,0.647228314,2.57776,0.128587688,1.30694122e-05,0.631726167,0.0155021467,0.0,0.898759,32.43704197,60.8106,17.7282,0.641911,27.61777854
thickness.iv,13,25,1.282,0.323604,31.2791084,3.42629269,35.2468638,0.67203492,2.62565219,0.128592503,1.30694472e-05,0.655852574,0.0161823462,0.0,0.898759,32.43704197,60.8106,17.7282,0.641911,27.61777854
thickness.iv,13,26,1.282,0.344089,31.1822824,3.50311865,35.2468638,0.698549148,2.67595917,0.12859727,1.30694842e-05,0.681641282,0.0169078657,0.0,0.898759,32.43704197,60.8106,17.7282,0.641911,27.61777854
thickness.iv,13,27,1.282,0.364596,31.0808723,3.58452832,35.2468638,0.7269882,2.72892506,0.128601988,1.30695235e-05,0.709304846,0.0176833533,0.0,0.898759,32.43704197,60.8106,17.7282,0.641911,27.61777854
thickness.iv,13,28,1.282,0.385128,30.9743124,3.67108798,35.2468638,0.757628525,2.78483973,0.128606656,1.30695653e-05,0.739114333,0.0185141926,0.0,0.898759,32.43704197,60.8106,17.7282,0.641911,27.61777854
thickness.iv,13,29,1.282,0.405691,30.8618839,3.76351605,35.2468638,0.790835227,2.84405648,0.128611274,1.306961e-05,0.771428518,0.019406709,0.0,0.898759,32.43704197,60.8106,17.7282,0.641911,27.61777854
thickness.iv,13,30,1.282,0.426287,30.742639,3.86276034,35.2468638,0.827108982,2.90702245,0.128615841,1.30696581e-05,0.806740491,0.0203684915,0.0,0.898759,32.43704197,60.8106,17.7282,0.641911,27.61777854
thickness.iv,13,31,1.282,0.446924,30.6152719,3.97012715,35.2468638,0.867160607,2.97433311,0.128620359,1.30697102e-05,0.845751675,0.0214089315,0.0,0.898759,32.43704197,60.8106,17.7282,0.641911,27.61777854
thickness.iv,13,32,1.282,0.467611,30.4778974,4.08750161,35.2468638,0.912029374,3.04683434,0.128624828,1.30697673e-05,0.88948919,0.0225401838,0.0,0.898759,32.43704197,60.8106,17.7282,0.641911,27.61777854
thickness.iv,13,33,1.282,0.488362,30.3276658,4.21773301,35.2468638,0.963271979,3.12581871,0.128629249,1.30698308e-05,0.939493003,0.023778976,0.0,0.898759,32.43704197,60.8106,17.7282,0.641911,27.61777854
thickness.iv,13,34,1.282,0.5092,30.1600719,4.36532637,35.2468638,1.0232692,3.21341048,0.128633624,1.3069903e-05,0.998119063,0.0251501388,0.0,0.898759,32.43704197,60.8106,17.7282,0.641911,27.61777854
thickness.iv,13,35,1.282,0.530162,29.9676836,4.53771383,35.2468638,1.09573429,3.31332851,0.128637958,1.30699876e-05,1.06904062,0.0266936678,0.0,0.898759,32.43704197,60.8106,17.7282,0.641911,27.61777854
thickness.iv,13,36,1.282,0.551311,29.7377656,4.74763195,35.2468638,1.1865727,3.43240392,0.128642257,1.30700909e-05,1.15809368,0.0284790178,0.0,0.898759,32.43704197,60.8106,17.7282,0.641911,27.61777854
thickness.iv,13,37,1.282,0.572761,29.447797,5.01759954,35.2468638,1.30535296,3.58358697,0.128646536,1.30702246e-05,1.27471889,0.0306340742,0.0,0.898759,32.43704197,60.8106,17.7282,0.641911,27.61777854
thickness.iv,13,38,1.282,0.594715,29.0570975,5.38829871,35.2468638,1.46781518,3.79181964,0.128650817,1.30704091e-05,1.43441198,0.0334032004,0.0,0.898759,32.43704197,60.8106,17.7282,0.641911,27.61777854
thickness.iv,13,39,1.282,0.617542,28.4915632,5.93383169,35.2468638,1.7000252,4.10513828,0.128655146,1.30706829e-05,1.66276524,0.037259959,0.0,0.898759,32.43704197,60.8106,17.7282,0.641911,27.61777854
thickness.iv,13,40,1.282,0.641911,27.6177785,6.78765168,35.2468638,2.04469909,4.61427991,0.128659604,1.30711164e-05,2.0015876,0.0431114899,0.0,0.898759,32.43704197,60.8106,17.7282,0.641911,27.61777854
thickness.iv,13,41,1.282,0.668973,26.2053429,8.1800818,35.2468638,2.56887916,5.48252524,0.128664336,1.30718362e-05,2.51626221,0.0526169504,0.0,0.898759,32.43704197,60.8106,17.7282,0.641911,27.61777854
thickness.iv,13,42,1.282,0.700532,23.8935008,10.471916,35.2468638,3.36712027,6.97611313,0.128669579,1.30730573e-05,3.29860439,0.068515877,0.0,0.898759,32.43704197,60.8106,17.7282,0.641911,27.61777854
thickness.iv,13,43,1.282,0.738908,20.218446,14.1269719,35.2468638,4.54419701,9.4540861,0.128675663,1.30751065e-05,4.44970035,0.0944966623,0.0,0.898759,32.43704197,60.8106,17.7282,0.641911,27.61777854
thickness.iv,13,44,1.282,0.786017,14.7965116,19.5289783,35.2468638,6.15755723,13.242725,0.128682923,1.30784041e-05,6.0238119,0.133745329,0.0,0.898759,32.43704197,60.8106,17.7282,0.641911,27.61777854
thickness.iv,13,45,1.282,0.841739,7.65221161,26.6530087,35.2468638,8.13632727,18.3879769,0.128691412,1.30833658e-05,7.95029775,0.186029516,0.0,0.898759,32.43704197,60.8106,17.7282,0.641911,27.61777854
thickness.iv,13,46,1.282,0.902726,-0.545208789,34.8304518,35.2468638,10.2551828,24.4465551,0.128700847,1.30903217e-05,10.0092708,0.245912005,0.0,0.898759,32.43704197,60.8106,17.7282,0.641911,27.61777854
thickness.iv,13,47,1.282,0.963368,-8.67351008,42.9394604,35.2468638,12.2205748,30.5901621,0.128710358,1.30994757e-05,11.9161786,0.304396156,0.0,0.898759,32.43704197,60.8106,17.7282,0.641911,27.61777854
thickness.iv,13,48,1.282,1.018176,-15.6351301,49.8797542,35.2468638,13.7985278,35.9524946,0.128718725,1.3110797e-05,13.4457421,0.352785668,0.0,0.898759,32.43704197,60.8106,17.7282,0.641911,27.61777854
thickness.iv,13,49,1.282,1.063853,-20.7706588,54.9968749,35.2468638,14.9065945,39.961542,0.128725258,1.31241543e-05,14.5187105,0.387884006,0.0,0.898759,32.43704197,60.8106,17.7282,0.641911,27.61777854
thickness.iv,13,50,1.282,1.100436,-24.0872345,58.2916927,35.2468638,15.5866976,42.5762524,0.128729509,1.31390472e-05,15.177334,0.409363602,0.0,0.898759,32.43704197,60.8106,17.7282,0.641911,27.61777854
thickness.iv,13,51,1.282,1.130038,-26.007678,60.1941152,35.2468638,15.9770937,44.0882762,0.128732134,1.31548605e-05,15.554911,0.422182648,0.0,0.898759,32.43704197,60.8106,17.7282,0.641911,27.61777854
thickness.iv,13,52,1.282,1.155327,-27.0653717,61.2296929,35.2468638,16.1783502,44.9225961,0.128733474,1.31709119e-05,15.7499489,0.428401335,0.0,0.898759,32.43704197,60.8106,17.7282,0.641911,27.61777854
thickness.iv,13,53,1.282,1.178227,-27.6454874,61.7899702,35.2468638,16.2884526,45.3727702,0.128734234,1.3187139e-05,15.8564624,0.431990178,0.0,0.898759,32.43704197,60.8106,17.7282,0.641911,27.61777854
thickness.iv,13,54,1.282,1.199909,-27.9817322,62.1079961,35.2468638,16.3558194,45.6234288,0.12873473,1.32033202e-05,15.9214092,0.434410189,0.0,0.898759,32.43704197,60.8106,17.7282,0.641911,27.61777854
thickness.iv,13,55,1.282,1.221,-28.2000415,62.3064405,35.2468638,16.3951449,45.7825474,0.128735008,1.32192347e-05,15.9594414,0.435703508,0.0,0.898759,32.43704197,60.8106,17.7282,0.641911,27.61777854
thickness.iv,13,56,1.282,1.241796,-28.3591549,62.4455992,35.2468638,16.4225364,45.8943143,0.128735202,1.32347132e-05,15.9859382,0.436598253,0.0,0.898759,32.43704197,60.8106,17.7282,0.641911,27.61777854
thickness.iv,13,57,1.282,1.262445,-28.488964,62.5554247,35.2468638,16.4440706,45.9826055,0.128735354,1.32501315e-05,16.0067713,0.43729933,0.0,0.898759,32.43704197,60.8106,17.7282,0.641911,27.61777854
thickness.iv,13,58,1.282,1.283015,-28.60302,62.6494848,35.2468638,16.4624653,46.0582708,0.128735485,1.32652321e-05,16.0245682,0.437897049,0.0,0.898759,32.43704197,60.8106,17.7282,0.641911,27.61777854
thickness.iv,13,59,1.282,1.30354,-28.7079875,62.7344508,35.2468638,16.4790496,46.1266523,0.128735602,1.32800669e-05,16.0406142,0.438435348,0.0,0.898759,32.43704197,60.8106,17.7282,0.641911,27.61777854
thickness.iv,13,60,1.282,1.324036,-28.807151,62.81361,35.2468638,16.4944784,46.1903826,0.128735712,1.32947358e-05,16.0555425,0.438935881,0.0,0.898759,32.43704197,60.8106,17.7282,0.641911,27.61777854
thickness.iv,13,61,1.282,1.344509,-28.9017746,62.8882288,35.2468638,16.5090076,46.2504721,0.128735815,1.33090246e-05,16.0696004,0.43940721,0.0,0.898759,32.43704197,60.8106,17.7282,0.641911,27.61777854
thickness.iv,14,1,1.387,-0.164723,32.9445628,2.31201294,35.3226017,0.383880942,1.79966009,0.128466861,5.05041444e-06,0.3753777,0.00850324228,0.0,0.899024,32.51251935,60.7925,17.7693,0.641502,27.69959451
thickness.iv,14,2,1.387,-0.144475,32.8949159,2.34165528,35.3226017,0.393102204,1.82007565,0.128472374,5.05041983e-06,0.38434787,0.00875433326,0.0,0.899024,32.51251935,60.7925,17.7693,0.641502,27.69959451
thickness.iv,14,3,1.387,-0.124222,32.8443864,2.37218476,35.3226017,0.40267225,1.84102959,0.128477876,5.05042541e-06,0.393656861,0.00901538883,0.0,0.899024,32.51251935,60.7925,17.7693,0.641502,27.69959451
thickness.iv,14,4,1.387,-0.103965,32.7929283,2.40364293,35.3226017,0.412609495,1.86254502,0.128483367,5.05043117e-06,0.403322626,0.00928686889,0.0,0.899024,32.51251935,60.7925,17.7693,0.641502,27.69959451
thickness.iv,14,5,1.387,-0.083702,32.7404936,2.43607762,35.3226017,0.422934848,1.88464887,0.128488844,5.05043711e-06,0.413365477,0.00956937141,0.0,0.899024,32.51251935,60.7925,17.7693,0.641502,27.69959451
thickness.iv,14,6,1.387,-0.063435,32.687031,2.4695402,35.3226017,0.433670816,1.90737003,0.128494305,5.05044323e-06,0.423807277,0.00986353926,0.0,0.899024,32.51251935,60.7925,17.7693,0.641502,27.69959451
thickness.iv,14,7,1.387,-0.043162,32.6324852,2.50408593,35.3226017,0.444841664,1.93073947,0.128499749,5.05044956e-06,0.434671599,0.0101700646,0.0,0.899024,32.51251935,60.7925,17.7693,0.641502,27.69959451
thickness.iv,14,8,1.387,-0.022884,32.5767969,2.53977432,35.3226017,0.4564736,1.9547905,0.128505173,5.0504561e-06,0.445983906,0.0104896938,0.0,0.899024,32.51251935,60.7925,17.7693,0.641502,27.69959451
thickness.iv,14,9,1.387,-0.0026,32.5199016,2.57666962,35.3226017,0.468594977,1.97955901,0.128510576,5.05046287e-06,0.457771745,0.0108232327,0.0,0.899024,32.51251935,60.7925,17.7693,0.641502,27.69959451
thickness.iv,14,10,1.387,0.017691,32.4617299,2.61484129,35.3226017,0.481236529,2.00508376,0.128515955,5.05046987e-06,0.470064976,0.0111715534,0.0,0.899024,32.51251935,60.7925,17.7693,0.641502,27.69959451
thickness.iv,14,11,1.387,0.037989,32.4022066,2.65436462,35.3226017,0.494431632,2.03140663,0.128521308,5.05047713e-06,0.482896031,0.0115356006,0.0,0.899024,32.51251935,60.7925,17.7693,0.641502,27.69959451
thickness.iv,14,12,1.387,0.058294,32.3412497,2.69532138,35.3226017,0.508216613,2.05857308,0.128526634,5.05048466e-06,0.496300213,0.0119164003,0.0,0.899024,32.51251935,60.7925,17.7693,0.641502,27.69959451
thickness.iv,14,13,1.387,0.078606,32.2787705,2.73780055,35.3226017,0.522631102,2.08663246,0.128531931,5.05049247e-06,0.510316033,0.0123150685,0.0,0.899024,32.51251935,60.7925,17.7693,0.641502,27.69959451
thickness.iv,14,14,1.387,0.098927,32.2146717,2.78189925,35.3226017,0.537718434,2.11563857,0.128537196,5.05050058e-06,0.524985612,0.0127328221,0.0,0.899024,32.51251935,60.7925,17.7693,0.641502,27.69959451
thickness.iv,14,15,1.387,0.119256,32.148847,2.82772377,35.3226017,0.553526132,2.14565016,0.128542428,5.05050902e-06,0.540355141,0.0131709907,0.0,0.899024,32.51251935,60.7925,17.7693,0.641502,27.69959451
thickness.iv,14,16,1.387,0.139594,32.08118,2.87539068,35.3226017,0.570106453,2.17673155,0.128547625,5.05051781e-06,0.556475422,0.0136310309,0.0,0.899024,32.51251935,60.7925,17.7693,0.641502,27.69959451
thickness.iv,14,17,1.387,0.159942,32.0115422,2.92502833,35.3226017,0.587517048,2.20895344,0.128552786,5.05052696e-06,0.573402506,0.014114542,0.0,0.899024,32.51251935,60.7925,17.7693,0.641502,27.69959451
thickness.iv,14,18,1.387,0.180301,31.939792,2.97677842,35.3226017,0.60582174,2.24239372,0.128557907,5.05053651e-06,0.591198455,0.0146232854,0.0,0.899024,32.51251935,60.7925,17.7693,0.641502,27.69959451
thickness.iv,14,19,1.387,0.200671,31.8657722,3.03079804,35.3226017,0.625091467,2.27713853,0.128562989,5.05054649e-06,0.609932261,0.0151592061,0.0,0.899024,32.51251935,60.7925,17.7693,0.641502,27.69959451
thickness.iv,14,20,1.387,0.221053,31.7893082,3.08726198,35.3226017,0.645405438,2.31328346,0.128568029,5.05055693e-06,0.629680979,0.0157244589,0.0,0.899024,32.51251935,60.7925,17.7693,0.641502,27.69959451
thickness.iv,14,21,1.387,0.241449,31.7102043,3.1463657,35.3226017,0.666852583,2.35093504,0.128573026,5.05056787e-06,0.650531145,0.0163214388,0.0,0.899024,32.51251935,60.7925,17.7693,0.641502,27.69959451
thickness.iv,14,22,1.387,0.261859,31.6282408,3.208329,35.3226017,0.689533436,2.39021253,0.128577979,5.05057935e-06,0.672580618,0.0169528176,0.0,0.899024,32.51251935,60.7925,17.7693,0.641502,27.69959451
thickness.iv,14,23,1.387,0.282284,31.5431688,3.2734007,35.3226017,0.713562638,2.43125013,0.128582886,5.05059142e-06,0.695941051,0.0176215872,0.0,0.899024,32.51251935,60.7925,17.7693,0.641502,27.69959451
thickness.iv,14,24,1.387,0.302726,31.4547044,3.341865,35.3226017,0.739072445,2.47419976,0.128587746,5.05060413e-06,0.720741332,0.0183311132,0.0,0.899024,32.51251935,60.7925,17.7693,0.641502,27.69959451
thickness.iv,14,25,1.387,0.323187,31.362519,3.41405019,35.3226017,0.766217809,2.51923477,0.128592558,5.05061755e-06,0.747132609,0.0190852006,0.0,0.899024,32.51251935,60.7925,17.7693,0.641502,27.69959451
thickness.iv,14,26,1.387,0.343669,31.2662276,3.49034131,35.3226017,0.795184048,2.56655488,0.128597322,5.05063175e-06,0.775295871,0.0198881772,0.0,0.899024,32.51251935,60.7925,17.7693,0.641502,27.69959451
thickness.iv,14,27,1.387,0.364173,31.1653695,3.57119916,35.3226017,0.826198751,2.61639333,0.128602037,5.05064682e-06,0.805453748,0.0207450033,0.0,0.899024,32.51251935,60.7925,17.7693,0.641502,27.69959451
thickness.iv,14,28,1.387,0.384703,31.0593784,3.65719004,35.3226017,0.859550615,2.66902767,0.128606702,5.05066287e-06,0.837889193,0.0216614216,0.0,0.899024,32.51251935,60.7925,17.7693,0.641502,27.69959451
thickness.iv,14,29,1.387,0.405262,30.9475352,3.74903318,35.3226017,0.895619489,2.72479732,0.128611317,5.05068004e-06,0.872975312,0.0226441766,0.0,0.899024,32.51251935,60.7925,17.7693,0.641502,27.69959451
thickness.iv,14,30,1.387,0.425856,30.8288889,3.84767874,35.3226017,0.934924276,2.78413353,0.128615882,5.05069851e-06,0.911222921,0.0237013552,0.0,0.899024,32.51251935,60.7925,17.7693,0.641502,27.69959451
thickness.iv,14,31,1.387,0.446489,30.7021296,3.95443801,35.3226017,0.978199079,2.84761348,0.128620397,5.05071853e-06,0.953356121,0.0248429583,0.0,0.899024,32.51251935,60.7925,17.7693,0.641502,27.69959451
thickness.iv,14,32,1.387,0.467173,30.5653616,4.07120563,35.3226017,1.02651416,2.91606155,0.128624863,5.05074048e-06,1.00043224,0.0260819208,0.0,0.899024,32.51251935,60.7925,17.7693,0.641502,27.69959451
thickness.iv,14,33,1.387,0.487921,30.4157183,4.20084837,35.3226017,1.0814696,2.99074443,0.128629281,5.0507649e-06,1.05403357,0.0274360306,0.0,0.899024,32.51251935,60.7925,17.7693,0.641502,27.69959451
thickness.iv,14,34,1.387,0.508757,30.2486635,4.347903,35.3226017,1.14551044,3.07375386,0.128633653,5.05079268e-06,1.11657876,0.028931675,0.0,0.899024,32.51251935,60.7925,17.7693,0.641502,27.69959451
thickness.iv,14,35,1.387,0.529716,30.0567068,4.51985897,35.3226017,1.22245102,3.16876492,0.128637984,5.05082527e-06,1.19183968,0.0306113344,0.0,0.899024,32.51251935,60.7925,17.7693,0.641502,27.69959451
thickness.iv,14,36,1.387,0.550865,29.8270099,4.72955629,35.3226017,1.31836504,3.28254392,0.128642281,5.05086515e-06,1.28581629,0.0325487484,0.0,0.899024,32.51251935,60.7925,17.7693,0.641502,27.69959451
thickness.iv,14,37,1.387,0.572316,29.5368664,4.99969931,35.3226017,1.44311431,3.4279334,0.128646556,5.05091677e-06,1.40823466,0.0348796451,0.0,0.899024,32.51251935,60.7925,17.7693,0.641502,27.69959451
thickness.iv,14,38,1.387,0.594274,29.1452687,5.37129573,35.3226017,1.61296606,3.62967379,0.128650835,5.05098819e-06,1.57510279,0.0378632671,0.0,0.899024,32.51251935,60.7925,17.7693,0.641502,27.69959451
thickness.iv,14,39,1.387,0.617112,28.57762,5.91898386,35.3226017,1.85494098,3.93538267,0.128655162,5.05109429e-06,1.81293933,0.0420016475,0.0,0.899024,32.51251935,60.7925,17.7693,0.641502,27.69959451
thickness.iv,14,40,1.387,0.641502,27.6995945,6.77700617,35.3226017,2.2134593,4.4348822,0.128659618,5.05126242e-06,2.1652039,0.0482554002,0.0,0.899024,32.51251935,60.7925,17.7693,0.641502,27.69959451
thickness.iv,14,41,1.387,0.668599,26.2801987,8.17639692,35.3226017,2.75839113,5.28933639,0.128664348,5.05154166e-06,2.70001373,0.0583774043,0.0,0.899024,32.51251935,60.7925,17.7693,0.641502,27.69959451
thickness.iv,14,42,1.387,0.700204,23.9591845,10.4774064,35.3226017,3.58839563,6.76033609,0.128669589,5.05201485e-06,3.51314479,0.0752508395,0.0,0.899024,32.51251935,60.7925,17.7693,0.641502,27.69959451
thickness.iv,14,43,1.387,0.738615,20.277061,14.1395283,35.3226017,4.81276341,9.1980842,0.128675667,5.05280733e-06,4.71003078,0.102732639,0.0,0.899024,32.51251935,60.7925,17.7693,0.641502,27.69959451
thickness.iv,14,44,1.387,0.785704,14.8592938,19.5373665,35.3226017,6.49155688,12.9171216,0.128682909,5.05407896e-06,6.3474385,0.144118383,0.0,0.899024,32.51251935,60.7925,17.7693,0.641502,27.69959451
thickness.iv,14,45,1.387,0.841313,7.73733543,26.6390694,35.3226017,8.55232619,17.9580468,0.128691364,5.05598661e-06,8.35319888,0.199127313,0.0,0.899024,32.51251935,60.7925,17.7693,0.641502,27.69959451
thickness.iv,14,46,1.387,0.902138,-0.427530643,34.783953,35.3226017,10.7636464,23.8916008,0.128700755,5.05865497e-06,10.501533,0.26211337,0.0,0.899024,32.51251935,60.7925,17.7693,0.641502,27.69959451
thickness.iv,14,47,1.387,0.962673,-8.5345219,42.8716247,35.3226017,12.8226771,29.9202324,0.128710233,5.06216288e-06,12.4989133,0.323763813,0.0,0.899024,32.51251935,60.7925,17.7693,0.641502,27.69959451
thickness.iv,14,48,1.387,1.017512,-15.50235,49.8181577,35.3226017,14.4847467,35.2046874,0.128718598,5.06650248e-06,14.1097618,0.374984909,0.0,0.899024,32.51251935,60.7925,17.7693,0.641502,27.69959451
thickness.iv,14,49,1.387,1.063339,-20.6677539,54.9651621,35.3226017,15.6590208,39.1774111,0.128725164,5.07162979e-06,15.2466596,0.412361223,0.0,0.899024,32.51251935,60.7925,17.7693,0.641502,27.69959451
thickness.iv,14,50,1.387,1.100103,-24.02067,58.2961564,35.3226017,16.3832683,41.7841535,0.12872945,5.07735683e-06,15.947973,0.435295355,0.0,0.899024,32.51251935,60.7925,17.7693,0.641502,27.69959451
thickness.iv,14,51,1.387,1.129847,-25.9693168,60.2267968,35.3226017,16.8004357,43.2976239,0.128732108,5.08344928e-06,16.3513701,0.449065519,0.0,0.899024,32.51251935,60.7925,17.7693,0.641502,27.69959451
thickness.iv,14,52,1.387,1.155217,-27.0434955,61.2794798,35.3226017,17.0206697,44.1300715,0.128733522,5.08964021e-06,16.5646954,0.455974234,0.0,0.899024,32.51251935,60.7925,17.7693,0.641502,27.69959451
thickness.iv,14,53,1.387,1.178169,-27.6337174,61.8492888,35.3226017,17.1362704,44.5842791,0.128734266,5.09590293e-06,16.6765937,0.459676624,0.0,0.899024,32.51251935,60.7925,17.7693,0.641502,27.69959451
thickness.iv,14,54,1.387,1.199874,-27.9747037,62.1721058,35.3226017,17.2077967,44.8355693,0.128734764,5.1021514e-06,16.7455176,0.462279065,0.0,0.899024,32.51251935,60.7925,17.7693,0.641502,27.69959451
thickness.iv,14,55,1.387,1.220986,-28.1971188,62.3728955,35.3226017,17.2438261,45.0003293,0.128734977,5.10829428e-06,16.7806133,0.463212801,0.0,0.899024,32.51251935,60.7925,17.7693,0.641502,27.69959451
thickness.iv,14,56,1.387,1.241787,-28.3574343,62.5132176,35.3226017,17.272794,45.1116834,0.128735171,5.11427249e-06,16.8086366,0.464157324,0.0,0.899024,32.51251935,60.7925,17.7693,0.641502,27.69959451
thickness.iv,14,57,1.387,1.262439,-28.4878774,62.6236438,35.3226017,17.2954859,45.1994175,0.128735323,5.12022707e-06,16.8305917,0.464894165,0.0,0.899024,32.51251935,60.7925,17.7693,0.641502,27.69959451
thickness.iv,14,58,1.387,1.283011,-28.6022712,62.7180361,35.3226017,17.3149009,45.2743946,0.128735454,5.12605894e-06,16.8493742,0.465526717,0.0,0.899024,32.51251935,60.7925,17.7693,0.641502,27.69959451
thickness.iv,14,59,1.387,1.303537,-28.707435,62.8032051,35.3226017,17.3324211,45.3420432,0.128735572,5.13178808e-06,16.8663225,0.466098611,0.0,0.899024,32.51251935,60.7925,17.7693,0.641502,27.69959451
thickness.iv,14,60,1.387,1.324034,-28.8067259,62.8825041,35.3226017,17.3487294,45.4050339,0.128735682,5.13745297e-06,16.8820979,0.466631543,0.0,0.899024,32.51251935,60.7925,17.7693,0.641502,27.69959451
thickness.iv,14,61,1.387,1.344507,-28.9014444,62.957231,35.3226017,17.3640874,45.4644026,0.128735786,5.14297141e-06,16.8969538,0.467133639,0.0,0.899024,32.51251935,60.7925,17.7693,0.641502,27.69959451
thickness.iv,15,1,1.5,-0.165022,33.0044113,2.31095191,35.3873152,0.445999595,1.73648351,0.128466987,1.81669137e-06,0.435595726,0.0104038689,0.0,0.899235,32.57309211,60.7653,17.7987,0.64121,27.75794827
thickness.iv,15,2,1.5,-0.144775,32.9549542,2.34040338,35.3873152,0.456277065,1.755652,0.128472496,1.8166933e-06,0.445588842,0.0106882227,0.0,0.899235,32.57309211,60.7653,17.7987,0.64121,27.75794827
thickness.iv,15,3,1.5,-0.124523,32.9046145,2.37074304,35.3873152,0.46693286,1.77533037,0.128477995,1.81669529e-06,0.455949333,0.0109835274,0.0,0.899235,32.57309211,60.7653,17.7987,0.64121,27.75794827
thickness.iv,15,4,1.5,-0.104267,32.8533472,2.40201035,35.3873152,0.477985593,1.79553946,0.128483482,1.81669735e-06,0.466695387,0.0112902061,0.0,0.899235,32.57309211,60.7653,17.7987,0.64121,27.75794827
thickness.iv,15,5,1.5,-0.084006,32.8011052,2.43425237,35.3873152,0.48945717,1.81630443,0.128488955,1.81669947e-06,0.477848282,0.0116088875,0.0,0.899235,32.57309211,60.7653,17.7987,0.64121,27.75794827
thickness.iv,15,6,1.5,-0.063739,32.7478379,2.46751965,35.3873152,0.501371201,1.83765222,0.128494414,1.81670166e-06,0.489430953,0.0119402486,0.0,0.899235,32.57309211,60.7653,17.7987,0.64121,27.75794827
thickness.iv,15,7,1.5,-0.043467,32.6934909,2.50186666,35.3873152,0.513753172,1.85961182,0.128499855,1.81670393e-06,0.501468153,0.0122850192,0.0,0.899235,32.57309211,60.7653,17.7987,0.64121,27.75794827
thickness.iv,15,8,1.5,-0.02319,32.6380054,2.53735215,35.3873152,0.526630639,1.88221442,0.128505276,1.81670627e-06,0.513986652,0.0126439872,0.0,0.899235,32.57309211,60.7653,17.7987,0.64121,27.75794827
thickness.iv,15,9,1.5,-0.002907,32.5813179,2.57403962,35.3873152,0.540033447,1.90549368,0.128510677,1.81670869e-06,0.527015442,0.0130180049,0.0,0.899235,32.57309211,60.7653,17.7987,0.64121,27.75794827
thickness.iv,15,10,1.5,0.017383,32.5233597,2.61199783,35.3873152,0.55399398,1.92948598,0.128516053,1.81671119e-06,0.540585984,0.0134079956,0.0,0.899235,32.57309211,60.7653,17.7987,0.64121,27.75794827
thickness.iv,15,11,1.5,0.03768,32.4640562,2.6513014,35.3873152,0.568547444,1.95423073,0.128521405,1.81671379e-06,0.554732483,0.0138149609,0.0,0.899235,32.57309211,60.7653,17.7987,0.64121,27.75794827
thickness.iv,15,12,1.5,0.057983,32.4033261,2.69203146,35.3873152,0.583732188,1.97977073,0.128526729,1.81671648e-06,0.569492199,0.0142399897,0.0,0.899235,32.57309211,60.7653,17.7987,0.64121,27.75794827
thickness.iv,15,13,1.5,0.078295,32.3410811,2.73427645,35.3873152,0.599590078,2.00615254,0.128532024,1.81671928e-06,0.58490581,0.0146842678,0.0,0.899235,32.57309211,60.7653,17.7987,0.64121,27.75794827
thickness.iv,15,14,1.5,0.098614,32.2772246,2.77813296,35.3873152,0.616166917,2.03342694,0.128537287,1.81672218e-06,0.601017828,0.0151490889,0.0,0.899235,32.57309211,60.7653,17.7987,0.64121,27.75794827
thickness.iv,15,15,1.5,0.118942,32.2116507,2.82370678,35.3873152,0.633512946,2.0616495,0.128542517,1.8167252e-06,0.617877078,0.0156358679,0.0,0.899235,32.57309211,60.7653,17.7987,0.64121,27.75794827
thickness.iv,15,16,1.5,0.139279,32.1442435,2.87111407,35.3873152,0.65168342,2.09088113,0.128547712,1.81672835e-06,0.635537265,0.0161461549,0.0,0.899235,32.57309211,60.7653,17.7987,0.64121,27.75794827
thickness.iv,15,17,1.5,0.159626,32.0748747,2.92048279,35.3873152,0.670739287,2.12118881,0.12855287,1.81673162e-06,0.654057634,0.016681653,0.0,0.899235,32.57309211,60.7653,17.7987,0.64121,27.75794827
thickness.iv,15,18,1.5,0.179983,32.0034031,2.97195427,35.3873152,0.690747997,2.15264647,0.12855799,1.81673504e-06,0.673503759,0.0172442377,0.0,0.899235,32.57309211,60.7653,17.7987,0.64121,27.75794827
thickness.iv,15,19,1.5,0.200352,31.929672,3.02568527,35.3873152,0.711784484,2.1853359,0.12856307,1.81673861e-06,0.693948504,0.0178359801,0.0,0.899235,32.57309211,60.7653,17.7987,0.64121,27.75794827
thickness.iv,15,20,1.5,0.220732,31.8535068,3.08185029,35.3873152,0.733932362,2.219348,0.128568108,1.81674235e-06,0.715473188,0.0184591743,0.0,0.899235,32.57309211,60.7653,17.7987,0.64121,27.75794827
thickness.iv,15,21,1.5,0.241126,31.7747124,3.1406445,35.3873152,0.757285439,2.25478414,0.128573103,1.81674627e-06,0.73816907,0.0191163693,0.0,0.899235,32.57309211,60.7653,17.7987,0.64121,27.75794827
thickness.iv,15,22,1.5,0.261535,31.6930693,3.20228744,35.3873152,0.781949655,2.29175791,0.128578053,1.81675038e-06,0.762139248,0.0198104074,0.0,0.899235,32.57309211,60.7653,17.7987,0.64121,27.75794827
thickness.iv,15,23,1.5,0.281958,31.608329,3.26702772,35.3873152,0.80804568,2.33039726,0.128582958,1.8167547e-06,0.78750121,0.0205444703,0.0,0.899235,32.57309211,60.7653,17.7987,0.64121,27.75794827
thickness.iv,15,24,1.5,0.302399,31.5202071,3.33514934,35.3873152,0.835712522,2.37084719,0.128587816,1.81675925e-06,0.814390387,0.0213221349,0.0,0.899235,32.57309211,60.7653,17.7987,0.64121,27.75794827
thickness.iv,15,25,1.5,0.322858,31.4283757,3.40698053,35.3873152,0.865112754,2.41327334,0.128592626,1.81676405e-06,0.84296531,0.0221474431,0.0,0.899235,32.57309211,60.7653,17.7987,0.64121,27.75794827
thickness.iv,15,26,1.5,0.343338,31.3324496,3.48290641,35.3873152,0.896440394,2.45786681,0.128597388,1.81676914e-06,0.873415405,0.0230249892,0.0,0.899235,32.57309211,60.7653,17.7987,0.64121,27.75794827
thickness.iv,15,27,1.5,0.36384,31.2319677,3.56338822,35.3873152,0.929933108,2.50485119,0.1286021,1.81677453e-06,0.905973072,0.0239600359,0.0,0.899235,32.57309211,60.7653,17.7987,0.64121,27.75794827
thickness.iv,15,28,1.5,0.384368,31.1263625,3.64899322,35.3873152,0.965891474,2.55449317,0.128606763,1.81678028e-06,0.940932802,0.0249586725,0.0,0.899235,32.57309211,60.7653,17.7987,0.64121,27.75794827
thickness.iv,15,29,1.5,0.404925,31.0149126,3.74044271,35.3873152,1.00470967,2.60711984,0.128611376,1.81678643e-06,0.978681628,0.026028046,0.0,0.899235,32.57309211,60.7653,17.7987,0.64121,27.75794827
thickness.iv,15,30,1.5,0.425517,30.8966643,3.83869061,35.3873152,1.04692439,2.66314847,0.128615938,1.81679305e-06,1.01974767,0.0271767212,0.0,0.899235,32.57309211,60.7653,17.7987,0.64121,27.75794827
thickness.iv,15,31,1.5,0.446149,30.7702998,3.94505506,35.3873152,1.09329257,2.72314022,0.128620451,1.81680022e-06,1.06487728,0.0284152847,0.0,0.899235,32.57309211,60.7653,17.7987,0.64121,27.75794827
thickness.iv,15,32,1.5,0.46683,30.6339118,4.06144281,35.3873152,1.14491505,2.78790103,0.128624914,1.81680809e-06,1.11515762,0.0297574233,0.0,0.899235,32.57309211,60.7653,17.7987,0.64121,27.75794827
thickness.iv,15,33,1.5,0.487577,30.484612,4.19074209,35.3873152,1.2034349,2.85867604,0.128629329,1.81681685e-06,1.17221295,0.0312219528,0.0,0.899235,32.57309211,60.7653,17.7987,0.64121,27.75794827
thickness.iv,15,34,1.5,0.508411,30.317826,4.33752775,35.3873152,1.27136115,2.93753108,0.128633699,1.81682683e-06,1.23852437,0.032836782,0.0,0.899235,32.57309211,60.7653,17.7987,0.64121,27.75794827
thickness.iv,15,35,1.5,0.52937,30.1259961,4.50935756,35.3873152,1.35260914,3.02810858,0.128638028,1.81683853e-06,1.3179623,0.0346468392,0.0,0.899235,32.57309211,60.7653,17.7987,0.64121,27.75794827
thickness.iv,15,36,1.5,0.550519,29.8961586,4.71919498,35.3873152,1.4534211,3.13712974,0.128642322,1.81685288e-06,1.41669099,0.0367301137,0.0,0.899235,32.57309211,60.7653,17.7987,0.64121,27.75794827
thickness.iv,15,37,1.5,0.571973,29.6053865,4.98996689,35.3873152,1.58395291,3.27736557,0.128646595,1.81687148e-06,1.54472276,0.0392301445,0.0,0.899235,32.57309211,60.7653,17.7987,0.64121,27.75794827
thickness.iv,15,38,1.5,0.593939,29.2122786,5.36307454,35.3873152,1.76099933,3.47342253,0.128650872,1.81689726e-06,1.71857832,0.0424210092,0.0,0.899235,32.57309211,60.7653,17.7987,0.64121,27.75794827
thickness.iv,15,39,1.5,0.616792,28.6415319,5.91381929,35.3873152,2.01253422,3.77262806,0.128655197,1.8169356e-06,1.9657011,0.0468331163,0.0,0.899235,32.57309211,60.7653,17.7987,0.64121,27.75794827
thickness.iv,15,40,1.5,0.64121,27.7579483,6.77740031,35.3873152,2.38464929,4.26408954,0.128659652,1.81699641e-06,2.33116947,0.0534798219,0.0,0.899235,32.57309211,60.7653,17.7987,0.64121,27.75794827
thickness.iv,15,41,1.5,0.668352,26.3295376,8.18580579,35.3873152,2.94995188,5.10718771,0.128664382,1.8170974e-06,2.88574644,0.0642054395,0.0,0.899235,32.57309211,60.7653,17.7987,0.64121,27.75794827
thickness.iv,15,42,1.5,0.700017,23.9965243,10.4988142,35.3873152,3.81092887,6.55921388,0.128669622,1.81726836e-06,3.72889954,0.082029332,0.0,0.899235,32.57309211,60.7653,17.7987,0.64121,27.75794827
thickness.iv,15,43,1.5,0.738479,20.3042671,14.1710997,35.3873152,5.08079569,8.9616265,0.128675696,1.81755399e-06,4.96983655,0.110959143,0.0,0.899235,32.57309211,60.7653,17.7987,0.64121,27.75794827
thickness.iv,15,44,1.5,0.785556,14.8887295,19.5667057,35.3873152,6.82140513,12.6166158,0.12868292,1.81801085e-06,6.66703303,0.154372098,0.0,0.899235,32.57309211,60.7653,17.7987,0.64121,27.75794827
thickness.iv,15,45,1.5,0.841049,7.79011663,26.6450969,35.3873152,8.9583517,17.5580521,0.128691342,1.81869391e-06,8.74643148,0.211920222,0.0,0.899235,32.57309211,60.7653,17.7987,0.64121,27.75794827
thickness.iv,15,46,1.5,0.901666,-0.333200478,34.749145,35.3873152,11.2547338,23.3657086,0.128700721,1.81964811e-06,10.9768644,0.27786939,0.0,0.899235,32.57309211,60.7653,17.7987,0.64121,27.75794827
thickness.iv,15,47,1.5,0.962078,-8.41563362,42.8115287,35.3873152,13.4006292,29.2821876,0.128710122,1.82089818e-06,13.058287,0.342342214,0.0,0.899235,32.57309211,60.7653,17.7987,0.64121,27.75794827
thickness.iv,15,48,1.5,1.016909,-15.3818136,49.7564251,35.3873152,15.1417539,34.4859509,0.128718476,1.82244633e-06,14.7455436,0.39621031,0.0,0.899235,32.57309211,60.7653,17.7987,0.64121,27.75794827
thickness.iv,15,49,1.5,1.062856,-20.5711173,54.9273474,35.3873152,16.3793554,38.4192652,0.128725069,1.82427797e-06,15.9436051,0.435750299,0.0,0.899235,32.57309211,60.7653,17.7987,0.64121,27.75794827
thickness.iv,15,50,1.5,1.099769,-23.9537674,58.289988,35.3873152,17.1520164,41.0092403,0.128729462,1.8263292e-06,16.691417,0.460599412,0.0,0.899235,32.57309211,60.7653,17.7987,0.64121,27.75794827
thickness.iv,15,51,1.5,1.12967,-25.9339744,60.2486227,35.3873152,17.5860934,42.5337954,0.128732024,1.8285109e-06,17.1116825,0.474410901,0.0,0.899235,32.57309211,60.7653,17.7987,0.64121,27.75794827
thickness.iv,15,52,1.5,1.155116,-27.0232072,61.3178641,35.3873152,17.822279,43.3668498,0.128733481,1.83073531e-06,17.3401854,0.482093643,0.0,0.899235,32.57309211,60.7653,17.7987,0.64121,27.75794827
thickness.iv,15,53,1.5,1.178109,-27.6217904,61.8964696,35.3873152,17.9532653,43.8144682,0.128734321,1.8329841e-06,17.4669149,0.486350316,0.0,0.899235,32.57309211,60.7653,17.7987,0.64121,27.75794827
thickness.iv,15,54,1.5,1.199846,-27.9692882,62.224026,35.3873152,18.021921,44.0733685,0.128734743,1.83522893e-06,17.5333101,0.488610942,0.0,0.899235,32.57309211,60.7653,17.7987,0.64121,27.75794827
thickness.iv,15,55,1.5,1.220963,-28.1925863,62.427114,35.3873152,18.0654504,44.2329268,0.128735017,1.83743774e-06,17.5754524,0.489998003,0.0,0.899235,32.57309211,60.7653,17.7987,0.64121,27.75794827
thickness.iv,15,56,1.5,1.241771,-28.3541455,62.5685883,35.3873152,18.0958984,44.3439528,0.12873521,1.83958679e-06,17.6049197,0.490978698,0.0,0.899235,32.57309211,60.7653,17.7987,0.64121,27.75794827
thickness.iv,15,57,1.5,1.262426,-28.4851899,62.6796083,35.3873152,18.1198783,44.4309928,0.128735363,1.84172729e-06,17.6281201,0.491758235,0.0,0.899235,32.57309211,60.7653,17.7987,0.64121,27.75794827
thickness.iv,15,58,1.5,1.283,-28.5999087,62.7743271,35.3873152,18.1403765,44.5052132,0.128735494,1.84382366e-06,17.6479484,0.492428126,0.0,0.899235,32.57309211,60.7653,17.7987,0.64121,27.75794827
thickness.iv,15,59,1.5,1.303526,-28.7052636,62.8596939,35.3873152,18.1588683,44.5720881,0.128735613,1.84588308e-06,17.6658338,0.493034528,0.0,0.899235,32.57309211,60.7653,17.7987,0.64121,27.75794827
thickness.iv,15,60,1.5,1.324023,-28.8046804,62.939128,35.3873152,18.176078,44.6343124,0.128735724,1.84791934e-06,17.6824781,0.493599992,0.0,0.899235,32.57309211,60.7653,17.7987,0.64121,27.75794827
thickness.iv,15,61,1.5,1.344497,-28.8994937,63.0139587,35.3873152,18.1922826,44.6929384,0.128735829,1.84990308e-06,17.6981499,0.494132709,0.0,0.899235,32.57309211,60.7653,17.7987,0.64121,27.75794827
