source_file,simulation_id,scan_point,band gap[eV],electron affinity[eV],thickness[µm],v(V),jtot(mA/cm2),j_total_rec(mA/cm2),j_total_gen(mA/cm2),jbulk(mA/cm2),jifr(mA/cm2),jminor_left(mA/cm2),jminor_right(mA/cm2),j_SRH(mA/cm2),j_Radiative(mA/cm2),j_Auger(mA/cm2),Voc,Jsc,FF,eta,V_MPP,J_MPP
thickness+bandgap.iv,1,1,1.2,3.97,,-0.164454,32.8908821,1.86467547,34.7682332,0.0637662387,1.64859687,0.128582955,0.0237294036,0.0629039115,0.000862327205,0.0,0.651845,32.40330991,53.3602,11.2707,0.42848,26.30394737
thickness+bandgap.iv,1,2,1.2,3.97,,-0.144185,32.8369146,1.89864193,34.7682332,0.0657814479,1.68053776,0.128593077,0.0237296389,0.0648692139,0.000912234064,0.0,0.651845,32.40330991,53.3602,11.2707,0.42848,26.30394737
thickness+bandgap.iv,1,3,1.2,3.97,,-0.123907,32.7814634,1.93409311,34.7682332,0.0679385732,1.71382141,0.128603262,0.0237298704,0.066972081,0.000966492152,0.0,0.651845,32.40330991,53.3602,11.2707,0.42848,26.30394737
thickness+bandgap.iv,1,4,1.2,3.97,,-0.103622,32.7244142,1.97114229,34.7682332,0.0702524884,1.74854619,0.128613512,0.0237300985,0.0692268977,0.0010255907,0.0,0.651845,32.40330991,53.3602,11.2707,0.42848,26.30394737
thickness+bandgap.iv,1,5,1.2,3.97,,-0.083328,32.6656412,2.00991528,34.7682332,0.072740045,1.78482108,0.128623832,0.0237303235,0.0716499605,0.00109008448,0.0,0.651845,32.40330991,53.3602,11.2707,0.42848,26.30394737
thickness+bandgap.iv,1,6,1.2,3.97,,-0.063025,32.605004,2.0505524,34.7682332,0.0754203783,1.82276725,0.128634226,0.0237305459,0.0742597745,0.00116060374,0.0,0.651845,32.40330991,53.3602,11.2707,0.42848,26.30394737
thickness+bandgap.iv,1,7,1.2,3.97,,-0.042712,32.5423457,2.09321072,34.7682332,0.0783152708,1.86251999,0.128644699,0.0237307661,0.0770774049,0.00123786585,0.0,0.651845,32.40330991,53.3602,11.2707,0.42848,26.30394737
thickness+bandgap.iv,1,8,1.2,3.97,,-0.022387,32.4774896,2.13806679,34.7682332,0.0814495819,1.90423097,0.128655255,0.0237309846,0.0801268929,0.00132268904,0.0,0.651845,32.40330991,53.3602,11.2707,0.42848,26.30394737
thickness+bandgap.iv,1,9,1.2,3.97,,-0.002051,32.4102364,2.18531998,34.7682332,0.0848517572,1.94807112,0.128665901,0.0237312019,0.0834357487,0.00141600851,0.0,0.651845,32.40330991,53.3602,11.2707,0.42848,26.30394737
thickness+bandgap.iv,1,10,1.2,3.97,,0.018298,32.3403596,2.23519673,34.7682332,0.0885544346,1.99423423,0.128676642,0.0237314187,0.0870355391,0.00151889548,0.0,0.651845,32.40330991,53.3602,11.2707,0.42848,26.30394737
thickness+bandgap.iv,1,11,1.2,3.97,,0.038662,32.2676004,2.28795595,34.7682332,0.0925951685,2.04294166,0.128687484,0.0237316357,0.0909625889,0.00163257963,0.0,0.651845,32.40330991,53.3602,11.2707,0.42848,26.30394737
thickness+bandgap.iv,1,12,1.2,3.97,,0.059042,32.19166,2.34389633,34.7682332,0.0970173002,2.09444874,0.128698436,0.0237318537,0.0952588245,0.00175847575,0.0,0.651845,32.40330991,53.3602,11.2707,0.42848,26.30394737
thickness+bandgap.iv,1,13,1.2,3.97,,0.079439,32.1121898,2.40336645,34.7682332,0.101871006,2.14905386,0.128709504,0.0237320736,0.0999727901,0.00189821549,0.0,0.651845,32.40330991,53.3602,11.2707,0.42848,26.30394737
thickness+bandgap.iv,1,14,1.2,3.97,,0.099856,32.0287766,2.46677963,34.7682332,0.107214567,2.20711207,0.128720697,0.0237322964,0.105160881,0.00205368515,0.0,0.651845,32.40330991,53.3602,11.2707,0.42848,26.30394737
thickness+bandgap.iv,1,15,1.2,3.97,,0.120295,31.9409195,2.53463673,34.7682332,0.113115921,2.26905626,0.128732026,0.0237325235,0.11088885,0.00222707101,0.0,0.651845,32.40330991,53.3602,11.2707,0.42848,26.30394737
thickness+bandgap.iv,1,16,1.2,3.97,,0.14076,31.8479934,2.60756273,34.7682332,0.119654566,2.3354319,0.128743499,0.0237327564,0.117233652,0.00242091393,0.0,0.651845,32.40330991,53.3602,11.2707,0.42848,26.30394737
thickness+bandgap.iv,1,17,1.2,3.97,,0.161254,31.7491881,2.68636799,34.7682332,0.126923915,2.40695595,0.128755129,0.023732997,0.12428574,0.00263817514,0.0,0.651845,32.40330991,53.3602,11.2707,0.42848,26.30394737
thickness+bandgap.iv,1,18,1.2,3.97,,0.181783,31.6434022,2.77215389,34.7682332,0.135034244,2.48461946,0.128766929,0.0237332481,0.132151927,0.00288231619,0.0,0.651845,32.40330991,53.3602,11.2707,0.42848,26.30394737
thickness+bandgap.iv,1,19,1.2,3.97,,0.202355,31.5290572,2.86649886,34.7682332,0.144116415,2.56987002,0.128778911,0.0237335132,0.140959018,0.00315739612,0.0,0.651845,32.40330991,53.3602,11.2707,0.42848,26.30394737
thickness+bandgap.iv,1,20,1.2,3.97,,0.222981,31.4037649,2.97179114,34.7682332,0.154326649,2.6649396,0.128791092,0.0237337979,0.150858459,0.00346819001,0.0,0.651845,32.40330991,53.3602,11.2707,0.42848,26.30394737
thickness+bandgap.iv,1,21,1.2,3.97,,0.243681,31.2637282,3.09182771,34.7682332,0.165852717,2.77343739,0.128803488,0.0237341107,0.162032384,0.00382033345,0.0,0.651845,32.40330991,53.3602,11.2707,0.42848,26.30394737
thickness+bandgap.iv,1,22,1.2,3.97,,0.264487,31.1026609,3.23289496,34.7682332,0.178922065,2.90142231,0.128816117,0.0237344659,0.174701568,0.00422049759,0.0,0.651845,32.40330991,53.3602,11.2707,0.42848,26.30394737
thickness+bandgap.iv,1,23,1.2,3.97,,0.285451,30.9098449,3.40571091,34.7682332,0.19381256,3.05933446,0.128828997,0.0237348875,0.189135962,0.00467659777,0.0,0.651845,32.40330991,53.3602,11.2707,0.42848,26.30394737
thickness+bandgap.iv,1,24,1.2,3.97,,0.306667,30.6666718,3.62888402,34.7682332,0.210866562,3.26543989,0.128842148,0.0237354174,0.205668528,0.00519803345,0.0,0.651845,32.40330991,53.3602,11.2707,0.42848,26.30394737
thickness+bandgap.iv,1,25,1.2,3.97,,0.328297,30.3405867,3.93496896,34.7682332,0.230508639,3.55186861,0.128855587,0.0237361289,0.224712697,0.00579594219,0.0,0.651845,32.40330991,53.3602,11.2707,0.42848,26.30394737
thickness+bandgap.iv,1,26,1.2,3.97,,0.350626,29.874787,4.3807686,34.7682332,0.253265455,3.97489667,0.128869327,0.0237371521,0.24678204,0.00648341525,0.0,0.651845,32.40330991,53.3602,11.2707,0.42848,26.30394737
thickness+bandgap.iv,1,27,1.2,3.97,,0.374142,29.1715444,5.06401092,34.7682332,0.279781338,4.6316075,0.128883366,0.0237387147,0.272505796,0.00727554198,0.0,0.651845,32.40330991,53.3602,11.2707,0.42848,26.30394737
thickness+bandgap.iv,1,28,1.2,3.97,,0.399662,28.0675618,6.14799319,34.7682332,0.310810926,5.68454337,0.128897683,0.0237412113,0.302621951,0.00818897464,0.0,0.651845,32.40330991,53.3602,11.2707,0.42848,26.30394737
thickness+bandgap.iv,1,29,1.2,3.97,,0.42848,26.3039474,7.89160685,34.7682332,0.347145241,7.39180409,0.12891221,0.0237453087,0.337904903,0.00924033789,0.0,0.651845,32.40330991,53.3602,11.2707,0.42848,26.30394737
thickness+bandgap.iv,1,30,1.2,3.97,,0.462467,23.5066812,10.6688714,34.7682332,0.389386821,10.1268057,0.128926802,0.0237520915,0.378944723,0.0104420979,0.0,0.651845,32.40330991,53.3602,11.2707,0.42848,26.30394737
thickness+bandgap.iv,1,31,1.2,3.97,,0.503893,19.2214624,14.9340937,34.7682332,0.437454117,14.3439352,0.128941193,0.0237632373,0.425659474,0.0117946427,0.0,0.651845,32.40330991,53.3602,11.2707,0.42848,26.30394737
thickness+bandgap.iv,1,32,1.2,3.97,,0.5546,13.0800662,21.0554887,34.7682332,0.489783831,20.4129688,0.128954955,0.0237810816,0.476516705,0.0132671253,0.0,0.651845,32.40330991,53.3602,11.2707,0.42848,26.30394737
thickness+bandgap.iv,1,33,1.2,3.97,,0.614296,5.14072937,28.9748264,34.7682332,0.542572372,28.279478,0.128967473,0.0238085295,0.527791865,0.0147805068,0.0,0.651845,32.40330991,53.3602,11.2707,0.42848,26.30394737
thickness+bandgap.iv,1,34,1.2,3.97,,0.678804,-3.76076407,37.8563166,34.7682332,0.590133843,37.1133564,0.128978039,0.0238483245,0.573938392,0.016195451,0.0,0.651845,32.40330991,53.3602,11.2707,0.42848,26.30394737
thickness+bandgap.iv,1,35,1.2,3.97,,0.740626,-12.1252214,46.2007748,34.7682332,0.627217991,45.4206695,0.128986075,0.0239012061,0.609859324,0.017358667,0.0,0.651845,32.40330991,53.3602,11.2707,0.42848,26.30394737
thickness+bandgap.iv,1,36,1.2,3.97,,0.793056,-18.611182,52.6667299,34.7682332,0.652032814,51.8617379,0.128991485,0.0239676983,0.633854747,0.0181780661,0.0,0.651845,32.40330991,53.3602,11.2707,0.42848,26.30394737
thickness+bandgap.iv,1,37,1.2,3.97,,0.834184,-22.8368448,56.8723957,34.7682332,0.666551944,56.0528052,0.128994707,0.0240438662,0.647869207,0.0186827371,0.0,0.651845,32.40330991,53.3602,11.2707,0.42848,26.30394737
thickness+bandgap.iv,1,38,1.2,3.97,,0.866322,-25.2643359,59.2798852,34.7682332,0.674351372,58.4524119,0.128996469,0.0241253763,0.655390981,0.0189603917,0.0,0.651845,32.40330991,53.3602,11.2707,0.42848,26.30394737
thickness+bandgap.iv,1,39,1.2,3.97,,0.892861,-26.572124,60.567677,34.7682332,0.678354746,59.736116,0.128997383,0.0242088005,0.659246761,0.0191079851,0.0,0.651845,32.40330991,53.3602,11.2707,0.42848,26.30394737
thickness+bandgap.iv,1,40,1.2,3.97,,0.916368,-27.2736709,61.2492174,34.7682332,0.680459614,60.4154668,0.12899787,0.0242931096,0.661277363,0.019182251,0.0,0.651845,32.40330991,53.3602,11.2707,0.42848,26.30394737
thickness+bandgap.iv,1,41,1.2,3.97,,0.938347,-27.6694495,61.6249953,34.7682332,0.681597378,60.7900229,0.128998133,0.0243769064,0.662373328,0.0192240496,0.0,0.651845,32.40330991,53.3602,11.2707,0.42848,26.30394737
thickness+bandgap.iv,1,42,1.2,3.97,,0.959578,-27.9155414,61.851087,34.7682332,0.682277313,61.0153514,0.12899829,0.0244599975,0.6630282,0.0192491129,0.0,0.651845,32.40330991,53.3602,11.2707,0.42848,26.30394737
thickness+bandgap.iv,1,43,1.2,3.97,,0.980443,-28.0885935,62.0041389,34.7682332,0.682735464,61.1678635,0.128998397,0.0245414819,0.663469422,0.0192660411,0.0,0.651845,32.40330991,53.3602,11.2707,0.42848,26.30394737
thickness+bandgap.iv,1,44,1.2,3.97,,1.001125,-28.2250187,62.120564,34.7682332,0.683082761,61.2838612,0.128998478,0.0246216047,0.663803865,0.0192788964,0.0,0.651845,32.40330991,53.3602,11.2707,0.42848,26.30394737
thickness+bandgap.iv,1,45,1.2,3.97,,1.021715,-28.3429392,62.2184845,34.7682332,0.683374048,61.3814107,0.128998546,0.0247011607,0.664084354,0.019289694,0.0,0.651845,32.40330991,53.3602,11.2707,0.42848,26.30394737
thickness+bandgap.iv,1,46,1.2,3.97,,1.042251,-28.4502768,62.3058219,34.7682332,0.683633265,61.4684108,0.128998606,0.0247793073,0.664333951,0.0192993134,0.0,0.651845,32.40330991,53.3602,11.2707,0.42848,26.30394737
thickness+bandgap.iv,1,47,1.2,3.97,,1.062755,-28.5510284,62.3865735,34.7682332,0.68387246,61.5488461,0.128998662,0.0248563061,0.664564262,0.0193081982,0.0,0.651845,32.40330991,53.3602,11.2707,0.42848,26.30394737
thickness+bandgap.iv,1,48,1.2,3.97,,1.083236,-28.6471937,62.4627388,34.7682332,0.684097662,61.6247098,0.128998714,0.0249326684,0.664781092,0.0193165701,0.0,0.651845,32.40330991,53.3602,11.2707,0.42848,26.30394737
thickness+bandgap.iv,1,49,1.2,3.97,,1.103697,-28.7394472,62.5349922,34.7682332,0.684310951,61.696675,0.128998764,0.0250074778,0.664986447,0.0193245042,0.0,0.651845,32.40330991,53.3602,11.2707,0.42848,26.30394737
thickness+bandgap.iv,1,50,1.2,3.97,,1.124145,-28.8289108,62.6044558,34.7682332,0.68451567,61.7658599,0.128998812,0.0250813794,0.665183543,0.0193321271,0.0,0.651845,32.40330991,53.3602,11.2707,0.42848,26.30394737
thickness+bandgap.iv,1,51,1.2,3.97,,1.144578,-28.9156672,62.6712122,34.7682332,0.684712121,61.8323469,0.128998858,0.0251542863,0.665372675,0.019339446,0.0,0.651845,32.40330991,53.3602,11.2707,0.42848,26.30394737
thickness+bandgap.iv,1,52,1.2,3.97,,1.165,-29.0000234,62.7355684,34.7682332,0.684901227,61.8964415,0.128998902,0.0252267778,0.665554731,0.019346496,0.0,0.651845,32.40330991,53.3602,11.2707,0.42848,26.30394737
thickness+bandgap.iv,1,53,1.2,3.97,,1.18541,-29.082096,62.7976409,34.7682332,0.685083368,61.9582602,0.128998945,0.0252984348,0.665730077,0.0193532904,0.0,0.651845,32.40330991,53.3602,11.2707,0.42848,26.30394737
thickness+bandgap.iv,1,54,1.2,3.97,,1.20581,-29.161998,62.8575429,34.7682332,0.685258908,62.0179162,0.128998986,0.0253688279,0.665899066,0.0193598422,0.0,0.651845,32.40330991,53.3602,11.2707,0.42848,26.30394737
thickness+bandgap.iv,1,55,1.2,3.97,,1.226199,-29.2397034,62.9152483,34.7682332,0.685427798,62.075383,0.128999026,0.025438504,0.66606165,0.0193661476,0.0,0.651845,32.40330991,53.3602,11.2707,0.42848,26.30394737
thickness+bandgap.iv,1,56,1.2,3.97,,1.246578,-29.3156893,62.9712342,34.7682332,0.685591423,62.1311365,0.128999064,0.0255071642,0.666219159,0.0193722641,0.0,0.651845,32.40330991,53.3602,11.2707,0.42848,26.30394737
thickness+bandgap.iv,1,57,1.2,3.97,,1.26695,-29.3899529,63.0254977,34.7682332,0.685749824,62.1851732,0.128999101,0.025575616,0.666371637,0.0193781869,0.0,0.651845,32.40330991,53.3602,11.2707,0.42848,26.30394737
thickness+bandgap.iv,1,58,1.2,3.97,,1.287313,-29.4625301,63.0780749,34.7682332,0.685903121,62.2375293,0.128999137,0.0256433695,0.666519199,0.0193839213,0.0,0.651845,32.40330991,53.3602,11.2707,0.42848,26.30394737
thickness+bandgap.iv,1,59,1.2,3.97,,1.307668,-29.5335139,63.1290587,34.7682332,0.686051598,62.2882975,0.128999172,0.025710449,0.66666212,0.0193894782,0.0,0.651845,32.40330991,53.3602,11.2707,0.42848,26.30394737
thickness+bandgap.iv,1,60,1.2,3.97,,1.328015,-29.6029301,63.1784749,34.7682332,0.686195351,62.337504,0.128999206,0.025776335,0.66680049,0.019394861,0.0,0.651845,32.40330991,53.3602,11.2707,0.42848,26.30394737
thickness+bandgap.iv,1,61,1.2,3.97,,1.348355,-29.6709566,63.2265013,34.7682332,0.686334902,62.385325,0.128999239,0.0258421228,0.666934813,0.0194000888,0.0,0.651845,32.40330991,53.3602,11.2707,0.42848,26.30394737
thickness+bandgap.iv,2,1,1.2,4.066,,-0.164892,32.9783147,1.77682886,34.7682332,0.0556517678,1.56341453,0.128535815,0.0292267524,0.055114837,0.000536930784,0.0,0.741823,32.53888716,56.8135,13.7137,0.503934,27.21328474
thickness+bandgap.iv,2,2,1.2,4.066,,-0.144645,32.9289872,1.80615519,34.7682332,0.0571568832,1.59122366,0.128545611,0.0292290313,0.0565896467,0.000567236466,0.0,0.741823,32.53888716,56.8135,13.7137,0.503934,27.21328474
thickness+bandgap.iv,2,3,1.2,4.066,,-0.124393,32.8785215,1.8366209,34.7682332,0.0587547495,1.62007947,0.128555453,0.0292312298,0.0581547404,0.000600009115,0.0,0.741823,32.53888716,56.8135,13.7137,0.503934,27.21328474
thickness+bandgap.iv,2,4,1.2,4.066,,-0.104134,32.8268408,1.86830157,34.7682332,0.0604541353,1.65004874,0.128565343,0.0292333485,0.0598186279,0.00063550731,0.0,0.741823,32.53888716,56.8135,13.7137,0.503934,27.21328474
thickness+bandgap.iv,2,5,1.2,4.066,,-0.083869,32.7738623,1.90128001,34.7682332,0.0622648858,1.68120446,0.128575283,0.0292353886,0.0615908637,0.000674022165,0.0,0.741823,32.53888716,56.8135,13.7137,0.503934,27.21328474
thickness+bandgap.iv,2,6,1.2,4.066,,-0.063597,32.719495,1.93564728,34.7682332,0.064198079,1.71362657,0.128585277,0.0292373509,0.0634821971,0.000715881928,0.0,0.741823,32.53888716,56.8135,13.7137,0.503934,27.21328474
thickness+bandgap.iv,2,7,1.2,4.066,,-0.043318,32.6636385,1.97150373,34.7682332,0.0662662096,1.74740295,0.128595326,0.0292392368,0.0655047522,0.000761457409,0.0,0.741823,32.53888716,56.8135,13.7137,0.503934,27.21328474
thickness+bandgap.iv,2,8,1.2,4.066,,-0.023031,32.6061819,2.00896031,34.7682332,0.0684834062,1.78263042,0.128605434,0.0292410473,0.0676722379,0.000811168288,0.0,0.741823,32.53888716,56.8135,13.7137,0.503934,27.21328474
thickness+bandgap.iv,2,9,1.2,4.066,,-0.002735,32.5470021,2.04814002,34.7682332,0.0708656872,1.81941595,0.128615603,0.0292427837,0.0700001967,0.00086549047,0.0,0.741823,32.53888716,56.8135,13.7137,0.503934,27.21328474
thickness+bandgap.iv,2,10,1.2,4.066,,0.01757,32.4859624,2.08917967,34.7682332,0.073431264,1.85787813,0.128625837,0.0292444474,0.0725062993,0.000924964677,0.0,0.741823,32.53888716,56.8135,13.7137,0.503934,27.21328474
thickness+bandgap.iv,2,11,1.2,4.066,,0.037885,32.42291,2.13223194,34.7682332,0.0762009023,1.89814886,0.12863614,0.0292460399,0.0752106958,0.000990206507,0.0,0.741823,32.53888716,56.8135,13.7137,0.503934,27.21328474
thickness+bandgap.iv,2,12,1.2,4.066,,0.058212,32.357674,2.17746786,34.7682332,0.0791983563,1.94037543,0.128646515,0.0292475628,0.0781364381,0.00106191825,0.0,0.741823,32.53888716,56.8135,13.7137,0.503934,27.21328474
thickness+bandgap.iv,2,13,1.2,4.066,,0.07855,32.2900619,2.22507984,34.7682332,0.0824508947,1.98472296,0.128656966,0.0292490177,0.0813099919,0.00114090279,0.0,0.741823,32.53888716,56.8135,13.7137,0.503934,27.21328474
thickness+bandgap.iv,2,14,1.2,4.066,,0.098901,32.2198562,2.2752854,34.7682332,0.0859899447,2.03137755,0.128667498,0.0292504067,0.0847618647,0.00122808003,0.0,0.741823,32.53888716,56.8135,13.7137,0.503934,27.21328474
thickness+bandgap.iv,2,15,1.2,4.066,,0.119266,32.1468096,2.3283319,34.7682332,0.089851896,2.08055016,0.128678117,0.0292517316,0.0885273896,0.00132450639,0.0,0.741823,32.53888716,56.8135,13.7137,0.503934,27.21328474
thickness+bandgap.iv,2,16,1.2,4.066,,0.139647,32.0706387,2.3845027,34.7682332,0.0940791223,2.13248176,0.128688826,0.0292529946,0.0926477244,0.00143139793,0.0,0.741823,32.53888716,56.8135,13.7137,0.503934,27.21328474
thickness+bandgap.iv,2,17,1.2,4.066,,0.160045,31.9910157,2.44412552,34.7682332,0.0987213184,2.18745037,0.128699632,0.029254198,0.0971711602,0.00155015816,0.0,0.741823,32.53888716,56.8135,13.7137,0.503934,27.21328474
thickness+bandgap.iv,2,18,1.2,4.066,,0.180462,31.9075567,2.50758429,34.7682332,0.103837305,2.2457811,0.12871054,0.0292553444,0.102154894,0.00168241136,0.0,0.741823,32.53888716,56.8135,13.7137,0.503934,27.21328474
thickness+bandgap.iv,2,19,1.2,4.066,,0.200901,31.8198041,2.57533673,34.7682332,0.109497566,2.30786117,0.128721558,0.0292564365,0.107667523,0.0018300432,0.0,0.741823,32.53888716,56.8135,13.7137,0.503934,27.21328474
thickness+bandgap.iv,2,20,1.2,4.066,,0.221364,31.7271986,2.64794189,34.7682332,0.11578794,2.37416379,0.128732691,0.0292574774,0.11379269,0.00199525046,0.0,0.741823,32.53888716,56.8135,13.7137,0.503934,27.21328474
thickness+bandgap.iv,2,21,1.2,4.066,,0.241855,31.6290353,2.72610496,34.7682332,0.122815208,2.44528734,0.128743949,0.0292584706,0.120634605,0.00218060301,0.0,0.741823,32.53888716,56.8135,13.7137,0.503934,27.21328474
thickness+bandgap.iv,2,22,1.2,4.066,,0.262378,31.5243868,2.81075309,34.7682332,0.130715757,2.52202257,0.128755337,0.0292594202,0.128326634,0.00238912274,0.0,0.741823,32.53888716,56.8135,13.7137,0.503934,27.21328474
thickness+bandgap.iv,2,23,1.2,4.066,,0.28294,31.4119725,2.90316701,34.7682332,0.139669254,2.60547056,0.128766865,0.029260331,0.137044867,0.00262438696,0.0,0.741823,32.53888716,56.8135,13.7137,0.503934,27.21328474
thickness+bandgap.iv,2,24,1.2,4.066,,0.30355,31.2899251,3.00521402,34.7682332,0.149920331,2.69725394,0.128778542,0.0292612092,0.147029661,0.00289066974,0.0,0.741823,32.53888716,56.8135,13.7137,0.503934,27.21328474
thickness+bandgap.iv,2,25,1.2,4.066,,0.324223,31.1553738,3.11976489,34.7682332,0.161812801,2.79989965,0.128790376,0.0292620634,0.158619656,0.00319314535,0.0,0.741823,32.53888716,56.8135,13.7137,0.503934,27.21328474
thickness+bandgap.iv,2,26,1.2,4.066,,0.344982,31.0036933,3.25144474,34.7682332,0.175843021,2.91753643,0.128802378,0.0292629058,0.172304821,0.00353820064,0.0,0.741823,32.53888716,56.8135,13.7137,0.503934,27.21328474
thickness+bandgap.iv,2,27,1.2,4.066,,0.365864,30.82715,3.40798746,34.7682332,0.192741939,3.05716721,0.128814556,0.0292637558,0.188807992,0.00393394707,0.0,0.741823,32.53888716,56.8135,13.7137,0.503934,27.21328474
thickness+bandgap.iv,2,28,1.2,4.066,,0.386938,30.6124647,3.60267217,34.7682332,0.213599626,3.23098098,0.128826919,0.0292646447,0.209208512,0.00439111395,0.0,0.741823,32.53888716,56.8135,13.7137,0.503934,27.21328474
thickness+bandgap.iv,2,29,1.2,4.066,,0.408318,30.3364647,3.85867073,34.7682332,0.24005223,3.46051341,0.128839473,0.0292656262,0.235127547,0.00492468216,0.0,0.741823,32.53888716,56.8135,13.7137,0.503934,27.21328474
thickness+bandgap.iv,2,30,1.2,4.066,,0.430208,29.9584546,4.21667938,34.7682332,0.274558481,3.78400189,0.128852221,0.0292667931,0.269001523,0.00555695811,0.0,0.741823,32.53888716,56.8135,13.7137,0.503934,27.21328474
thickness+bandgap.iv,2,31,1.2,4.066,,0.452964,29.4072209,4.74791156,34.7682332,0.320794813,4.26898328,0.128865158,0.029268309,0.314471433,0.00632338007,0.0,0.741823,32.53888716,56.8135,13.7137,0.503934,27.21328474
thickness+bandgap.iv,2,32,1.2,4.066,,0.477199,28.5601466,5.57498426,34.7682332,0.384172649,5.03266288,0.128878267,0.0292704606,0.376889481,0.0072831681,0.0,0.741823,32.53888716,56.8135,13.7137,0.503934,27.21328474
thickness+bandgap.iv,2,33,1.2,4.066,,0.503934,27.2132847,6.90184049,34.7682332,0.47236748,6.27130776,0.128891506,0.0292737451,0.463830217,0.0085372635,0.0,0.741823,32.53888716,56.8135,13.7137,0.503934,27.21328474
thickness+bandgap.iv,2,34,1.2,4.066,,0.534756,25.0488625,9.04627873,34.7682332,0.595415135,8.29267979,0.128904793,0.0292790093,0.585161793,0.010253342,0.0,0.741823,32.53888716,56.8135,13.7137,0.503934,27.21328474
thickness+bandgap.iv,2,35,1.2,4.066,,0.571853,21.6293902,12.4457491,34.7682332,0.764210509,11.523333,0.128917992,0.0292875968,0.751531218,0.0126792911,0.0,0.741823,32.53888716,56.8135,13.7137,0.503934,27.21328474
thickness+bandgap.iv,2,36,1.2,4.066,,0.617563,16.4874053,17.5677289,34.7682332,0.985439227,16.4240573,0.128930862,0.0293015242,0.969340951,0.0160982763,0.0,0.741823,32.53888716,56.8135,13.7137,0.503934,27.21328474
thickness+bandgap.iv,2,37,1.2,4.066,,0.673005,9.39891768,24.6362193,34.7682332,1.25197784,23.225975,0.128943024,0.0293234506,1.23134118,0.0206366649,0.0,0.741823,32.53888716,56.8135,13.7137,0.503934,27.21328474
thickness+bandgap.iv,2,38,1.2,4.066,,0.736017,0.796542344,33.2185728,34.7682332,1.53448566,31.525777,0.128953947,0.0293561945,1.50853154,0.0259541163,0.0,0.741823,32.53888716,56.8135,13.7137,0.503934,27.21328474
thickness+bandgap.iv,2,39,1.2,4.066,,0.800308,-8.06167465,42.0566963,34.7682332,1.78797807,40.1103542,0.128963005,0.0294010891,1.75681338,0.0311646946,0.0,0.741823,32.53888716,56.8135,13.7137,0.503934,27.21328474
thickness+bandgap.iv,2,40,1.2,4.066,,0.858132,-15.626454,49.6015377,34.7682332,1.97709353,47.4660142,0.128969724,0.0294601893,1.9417547,0.035338825,0.0,0.741823,32.53888716,56.8135,13.7137,0.503934,27.21328474
thickness+bandgap.iv,2,41,1.2,4.066,,0.904977,-20.9954596,54.9505376,34.7682332,2.09633463,52.6956985,0.128974111,0.0295302958,2.05823155,0.038103082,0.0,0.741823,32.53888716,56.8135,13.7137,0.503934,27.21328474
thickness+bandgap.iv,2,42,1.2,4.066,,0.941349,-24.269846,58.2048699,34.7682332,2.16295121,55.8833341,0.128976673,0.0296079534,2.12325722,0.0396939879,0.0,0.741823,32.53888716,56.8135,13.7137,0.503934,27.21328474
thickness+bandgap.iv,2,43,1.2,4.066,,0.97042,-26.0840486,59.9990266,34.7682332,2.19772124,57.642638,0.128978057,0.0296892187,2.15718228,0.0405389661,0.0,0.741823,32.53888716,56.8135,13.7137,0.503934,27.21328474
thickness+bandgap.iv,2,44,1.2,4.066,,0.995268,-27.0535774,60.9486632,34.7682332,2.21539862,58.5745147,0.128978769,0.0297711475,2.1744178,0.040980817,0.0,0.741823,32.53888716,56.8135,13.7137,0.503934,27.21328474
thickness+bandgap.iv,2,45,1.2,4.066,,1.017916,-27.5832616,61.4583416,34.7682332,2.22479499,59.074714,0.128979155,0.0298534004,2.1835818,0.0412131869,0.0,0.741823,32.53888716,56.8135,13.7137,0.503934,27.21328474
thickness+bandgap.iv,2,46,1.2,4.066,,1.039474,-27.8947136,61.7497904,34.7682332,2.23011559,59.3607602,0.128979375,0.0299352829,2.18877042,0.0413451627,0.0,0.741823,32.53888716,56.8135,13.7137,0.503934,27.21328474
thickness+bandgap.iv,2,47,1.2,4.066,,1.060499,-28.0997666,61.9348416,34.7682332,2.23347348,59.5423727,0.128979515,0.0300159173,2.19204486,0.0414286134,0.0,0.741823,32.53888716,56.8135,13.7137,0.503934,27.21328474
thickness+bandgap.iv,2,48,1.2,4.066,,1.081261,-28.2522181,62.067292,34.7682332,2.23586698,59.6723508,0.128979614,0.0300945587,2.1943788,0.0414881759,0.0,0.741823,32.53888716,56.8135,13.7137,0.503934,27.21328474
thickness+bandgap.iv,2,49,1.2,4.066,,1.101893,-28.3786084,62.1736816,34.7682332,2.23778343,59.7767455,0.128979694,0.0301729718,2.19624751,0.0415359177,0.0,0.741823,32.53888716,56.8135,13.7137,0.503934,27.21328474
thickness+bandgap.iv,2,50,1.2,4.066,,1.122454,-28.4908083,62.265881,34.7682332,2.23943997,59.8672114,0.128979763,0.03024995,2.19786275,0.0415772181,0.0,0.741823,32.53888716,56.8135,13.7137,0.503934,27.21328474
thickness+bandgap.iv,2,51,1.2,4.066,,1.142973,-28.5946806,62.3497528,34.7682332,2.24094346,59.9495038,0.128979826,0.0303257545,2.19932873,0.0416147294,0.0,0.741823,32.53888716,56.8135,13.7137,0.503934,27.21328474
thickness+bandgap.iv,2,52,1.2,4.066,,1.163466,-28.6931037,62.4281756,34.7682332,2.24234633,60.0264485,0.128979885,0.0304008893,2.20069658,0.0416497527,0.0,0.741823,32.53888716,56.8135,13.7137,0.503934,27.21328474
thickness+bandgap.iv,2,53,1.2,4.066,,1.183936,-28.7871753,62.5022467,34.7682332,2.24366882,60.0991236,0.12897994,0.0304743596,2.20198603,0.0416827875,0.0,0.741823,32.53888716,56.8135,13.7137,0.503934,27.21328474
thickness+bandgap.iv,2,54,1.2,4.066,,1.204391,-28.8781793,62.5732505,34.7682332,2.24493415,60.1687894,0.128979994,0.0305469877,2.20321974,0.0417144139,0.0,0.741823,32.53888716,56.8135,13.7137,0.503934,27.21328474
thickness+bandgap.iv,2,55,1.2,4.066,,1.224832,-28.9663618,62.6414326,34.7682332,2.24614706,60.2356865,0.128980045,0.0306190551,2.20440232,0.0417447453,0.0,0.741823,32.53888716,56.8135,13.7137,0.503934,27.21328474
thickness+bandgap.iv,2,56,1.2,4.066,,1.24526,-29.0519291,62.7069997,34.7682332,2.24731147,60.3000183,0.128980094,0.0306897612,2.20553759,0.0417738784,0.0,0.741823,32.53888716,56.8135,13.7137,0.503934,27.21328474
thickness+bandgap.iv,2,57,1.2,4.066,,1.265676,-29.1351835,62.7702537,34.7682332,2.24843295,60.3620806,0.128980141,0.0307600652,2.206631,0.0418019511,0.0,0.741823,32.53888716,56.8135,13.7137,0.503934,27.21328474
thickness+bandgap.iv,2,58,1.2,4.066,,1.286081,-29.216228,62.831298,34.7682332,2.24951353,60.4219747,0.128980187,0.0308295446,2.20768452,0.0418290126,0.0,0.741823,32.53888716,56.8135,13.7137,0.503934,27.21328474
thickness+bandgap.iv,2,59,1.2,4.066,,1.306475,-29.2949364,62.8900061,34.7682332,2.25055121,60.4795774,0.12898023,0.030897239,2.2086962,0.0418550096,0.0,0.741823,32.53888716,56.8135,13.7137,0.503934,27.21328474
thickness+bandgap.iv,2,60,1.2,4.066,,1.32686,-29.3719531,62.9470225,34.7682332,2.2515574,60.5355199,0.128980273,0.030965018,2.20967716,0.0418802325,0.0,0.741823,32.53888716,56.8135,13.7137,0.503934,27.21328474
thickness+bandgap.iv,2,61,1.2,4.066,,1.347235,-29.4470832,63.0021524,34.7682332,2.25252894,60.5896116,0.128980314,0.0310315076,2.21062434,0.0419045952,0.0,0.741823,32.53888716,56.8135,13.7137,0.503934,27.21328474
thickness+bandgap.iv,3,1,1.2,4.165,,-0.164744,32.9488912,1.80609603,34.7682332,0.0502136552,1.59143365,0.128486816,0.0359619001,0.0500282435,0.000185411765,0.0,0.792083,32.51439535,58.6492,15.1046,0.540193,27.96144457
thickness+bandgap.iv,3,2,1.2,4.165,,-0.144498,32.8996951,1.83528557,34.7682332,0.0514157123,1.61940015,0.128495532,0.0359741738,0.0512169657,0.000198746571,0.0,0.792083,32.51439535,58.6492,15.1046,0.540193,27.96144457
thickness+bandgap.iv,3,3,1.2,4.165,,-0.124247,32.8494536,1.86552662,34.7682332,0.0526854825,1.64835085,0.128504227,0.0359860669,0.0524721861,0.000213296416,0.0,0.792083,32.51439535,58.6492,15.1046,0.540193,27.96144457
thickness+bandgap.iv,3,4,1.2,4.165,,-0.10399,32.7980973,1.89688242,34.7682332,0.054028994,1.67834295,0.128512899,0.0359975791,0.0537997992,0.000229194807,0.0,0.792083,32.51439535,58.6492,15.1046,0.540193,27.96144457
thickness+bandgap.iv,3,5,1.2,4.165,,-0.083728,32.7455581,1.92942095,34.7682332,0.0554530196,1.70943767,0.128521546,0.0360087112,0.0552064269,0.000246592674,0.0,0.792083,32.51439535,58.6492,15.1046,0.540193,27.96144457
thickness+bandgap.iv,3,6,1.2,4.165,,-0.063459,32.6917618,1.9632163,34.7682332,0.0569651608,1.74170151,0.128530163,0.0360194638,0.0566995002,0.000265660641,0.0,0.792083,32.51439535,58.6492,15.1046,0.540193,27.96144457
thickness+bandgap.iv,3,7,1.2,4.165,,-0.043183,32.6366279,1.9983494,34.7682332,0.0585739729,1.77520684,0.128538748,0.0360298382,0.058287381,0.000286591953,0.0,0.792083,32.51439535,58.6492,15.1046,0.540193,27.96144457
thickness+bandgap.iv,3,8,1.2,4.165,,-0.0229,32.5800675,2.03490889,34.7682332,0.0602891128,1.81003265,0.128547296,0.0360398356,0.0599795069,0.000309605906,0.0,0.792083,32.51439535,58.6492,15.1046,0.540193,27.96144457
thickness+bandgap.iv,3,9,1.2,4.165,,-0.00261,32.5219832,2.07299209,34.7682332,0.0621215151,1.84626532,0.128555804,0.0360494578,0.0617865632,0.000334951857,0.0,0.792083,32.51439535,58.6492,15.1046,0.540193,27.96144457
thickness+bandgap.iv,3,10,1.2,4.165,,0.017689,32.4622678,2.11270619,34.7682332,0.0640836028,1.88399961,0.128564268,0.036058707,0.0637206889,0.000362913937,0.0,0.792083,32.51439535,58.6492,15.1046,0.540193,27.96144457
thickness+bandgap.iv,3,11,1.2,4.165,,0.037996,32.4008032,2.15416956,34.7682332,0.0661895411,1.92333975,0.128572683,0.0360675854,0.0657957245,0.0003938166,0.0,0.792083,32.51439535,58.6492,15.1046,0.540193,27.96144457
thickness+bandgap.iv,3,12,1.2,4.165,,0.058313,32.3374581,2.19751341,34.7682332,0.0684555458,1.96440072,0.128581046,0.0360760959,0.0680275146,0.000428031191,0.0,0.792083,32.51439535,58.6492,15.1046,0.540193,27.96144457
thickness+bandgap.iv,3,13,1.2,4.165,,0.07864,32.2720867,2.2428836,34.7682332,0.0709002631,2.00730975,0.128589351,0.0360842416,0.0704342794,0.000465983728,0.0,0.792083,32.51439535,58.6492,15.1046,0.540193,27.96144457
thickness+bandgap.iv,3,14,1.2,4.165,,0.098977,32.2045443,2.29044018,34.7682332,0.0735454143,2.05220515,0.128597589,0.0360920269,0.0730372478,0.000508166474,0.0,0.792083,32.51439535,58.6492,15.1046,0.540193,27.96144457
thickness+bandgap.iv,3,15,1.2,4.165,,0.119327,32.1346135,2.34037081,34.7682332,0.0764157596,2.09924983,0.128605765,0.0360994545,0.0758606193,0.000555140372,0.0,0.792083,32.51439535,58.6492,15.1046,0.540193,27.96144457
thickness+bandgap.iv,3,16,1.2,4.165,,0.139689,32.0621056,2.39287848,34.7682332,0.0795408082,2.14861727,0.128613871,0.0361065294,0.0789332476,0.000607560672,0.0,0.792083,32.51439535,58.6492,15.1046,0.540193,27.96144457
thickness+bandgap.iv,3,17,1.2,4.165,,0.160066,31.9867882,2.44819575,34.7682332,0.0829553086,2.20050528,0.128621901,0.0361132567,0.0822891233,0.000666185282,0.0,0.792083,32.51439535,58.6492,15.1046,0.540193,27.96144457
thickness+bandgap.iv,3,18,1.2,4.165,,0.180458,31.9083961,2.50658756,34.7682332,0.0867008976,2.25513717,0.128629852,0.0361196418,0.0859690013,0.000731896323,0.0,0.792083,32.51439535,58.6492,15.1046,0.540193,27.96144457
thickness+bandgap.iv,3,19,1.2,4.165,,0.200867,31.8266251,2.56835822,34.7682332,0.0908283075,2.31276651,0.128637718,0.0361256906,0.090022583,0.000805724431,0.0,0.792083,32.51439535,58.6492,15.1046,0.540193,27.96144457
thickness+bandgap.iv,3,20,1.2,4.165,,0.221294,31.7411221,2.63386096,34.7682332,0.0954007174,2.37368334,0.128645496,0.0361314099,0.0945118382,0.000888879183,0.0,0.792083,32.51439535,58.6492,15.1046,0.540193,27.96144457
thickness+bandgap.iv,3,21,1.2,4.165,,0.241743,31.6514711,2.70351154,34.7682332,0.100499008,2.43822254,0.128653183,0.0361368066,0.09951622,0.000982788025,0.0,0.792083,32.51439535,58.6492,15.1046,0.540193,27.96144457
thickness+bandgap.iv,3,22,1.2,4.165,,0.262214,31.5571736,2.77780854,34.7682332,0.106230182,2.5067757,0.128660773,0.0361418887,0.105141034,0.00108914757,0.0,0.792083,32.51439535,58.6492,15.1046,0.540193,27.96144457
thickness+bandgap.iv,3,23,1.2,4.165,,0.282712,31.4576167,2.85736496,34.7682332,0.112740998,2.57980904,0.128668265,0.0361466645,0.111531004,0.00120999403,0.0,0.792083,32.51439535,58.6492,15.1046,0.540193,27.96144457
thickness+bandgap.iv,3,24,1.2,4.165,,0.30324,31.3520222,2.9429589,34.7682332,0.120240059,2.65789204,0.128675655,0.0361511434,0.118892253,0.00134780527,0.0,0.792083,32.51439535,58.6492,15.1046,0.540193,27.96144457
thickness+bandgap.iv,3,25,1.2,4.165,,0.323803,31.239363,3.03561741,34.7682332,0.129033263,2.74174588,0.12868294,0.0361553357,0.127527604,0.00150565837,0.0,0.792083,32.51439535,58.6492,15.1046,0.540193,27.96144457
thickness+bandgap.iv,3,26,1.2,4.165,,0.344409,31.1182208,3.13675881,34.7682332,0.139580017,2.83232942,0.128690119,0.0361592526,0.137892527,0.00168749007,0.0,0.792083,32.51439535,58.6492,15.1046,0.540193,27.96144457
thickness+bandgap.iv,3,27,1.2,4.165,,0.365067,30.9865396,3.24843927,34.7682332,0.152581254,2.93099792,0.12869719,0.0361629071,0.150682698,0.00189855622,0.0,0.792083,32.51439535,58.6492,15.1046,0.540193,27.96144457
thickness+bandgap.iv,3,28,1.2,4.165,,0.385794,30.8411873,3.37379064,34.7682332,0.169116433,3.03980374,0.128704152,0.0361663143,0.166970146,0.00214628728,0.0,0.792083,32.51439535,58.6492,15.1046,0.540193,27.96144457
thickness+bandgap.iv,3,29,1.2,4.165,,0.406614,30.6771619,3.51781502,34.7682332,0.190857348,3.16207717,0.128711007,0.036169493,0.1884154,0.00244194758,0.0,0.792083,32.51439535,58.6492,15.1046,0.540193,27.96144457
thickness+bandgap.iv,3,30,1.2,4.165,,0.427569,30.4861207,3.6888551,34.7682332,0.220404909,3.30355996,0.128717755,0.0361724677,0.217600967,0.00280394153,0.0,0.792083,32.51439535,58.6492,15.1046,0.540193,27.96144457
thickness+bandgap.iv,3,31,1.2,4.165,,0.448732,30.2536236,3.90135095,34.7682332,0.261824793,3.47462648,0.128724403,0.0361752734,0.258560292,0.00326450095,0.0,0.792083,32.51439535,58.6492,15.1046,0.540193,27.96144457
thickness+bandgap.iv,3,32,1.2,4.165,,0.47023,29.9539413,4.18103222,34.7682332,0.321501204,3.69462209,0.128730958,0.0361779646,0.317617945,0.0038832584,0.0,0.792083,32.51439535,58.6492,15.1046,0.540193,27.96144457
thickness+bandgap.iv,3,33,1.2,4.165,,0.492298,29.5403518,4.5746201,34.7682332,0.40947857,4.00022346,0.128737441,0.0361806312,0.404704032,0.00477453759,0.0,0.792083,32.51439535,58.6492,15.1046,0.540193,27.96144457
thickness+bandgap.iv,3,34,1.2,4.165,,0.515362,28.9275094,5.16746062,34.7682332,0.541475022,4.46105828,0.128743885,0.0361834306,0.535314363,0.00616065844,0.0,0.792083,32.51439535,58.6492,15.1046,0.540193,27.96144457
thickness+bandgap.iv,3,35,1.2,4.165,,0.540193,27.9614446,6.11352304,34.7682332,0.741560855,5.20702519,0.128750355,0.0361866449,0.733091366,0.00846948965,0.0,0.792083,32.51439535,58.6492,15.1046,0.540193,27.96144457
thickness+bandgap.iv,3,36,1.2,4.165,,0.568121,26.3758667,7.67909732,34.7682332,1.04460736,6.46954221,0.128756968,0.0361907779,1.0321187,0.0124886606,0.0,0.792083,32.51439535,58.6492,15.1046,0.540193,27.96144457
thickness+bandgap.iv,3,37,1.2,4.165,,0.60124,23.7520968,10.2828623,34.7682332,1.49504811,8.62285358,0.128763916,0.0361966954,1.47551961,0.019528505,0.0,0.792083,32.51439535,58.6492,15.1046,0.540193,27.96144457
thickness+bandgap.iv,3,38,1.2,4.165,,0.642241,19.5517566,14.4632115,34.7682332,2.13404482,12.1641895,0.128771466,0.0362057637,2.10269049,0.0313543316,0.0,0.792083,32.51439535,58.6492,15.1046,0.540193,27.96144457
thickness+bandgap.iv,3,39,1.2,4.165,,0.693262,13.3476286,20.6472873,34.7682332,2.96727103,17.5150166,0.128779831,0.0362198277,2.9178747,0.0493963322,0.0,0.792083,32.51439535,58.6492,15.1046,0.540193,27.96144457
thickness+bandgap.iv,3,40,1.2,4.165,,0.75359,5.28194446,28.6931619,34.7682332,3.92693618,24.6011958,0.12878902,0.0362409112,3.85378388,0.0731522961,0.0,0.792083,32.51439535,58.6492,15.1046,0.540193,27.96144457
thickness+bandgap.iv,3,41,1.2,4.165,,0.818265,-3.65294808,37.6075691,34.7682332,4.87452958,32.5679706,0.128798419,0.036270504,4.77536911,0.0991604742,0.0,0.792083,32.51439535,58.6492,15.1046,0.540193,27.96144457
thickness+bandgap.iv,3,42,1.2,4.165,,0.879713,-11.9425629,45.8783896,34.7682332,5.66876025,40.0445128,0.128807084,0.0363094079,5.54606648,0.122693776,0.0,0.792083,32.51439535,58.6492,15.1046,0.540193,27.96144457
thickness+bandgap.iv,3,43,1.2,4.165,,0.932044,-18.4087231,52.3244676,34.7682332,6.23560322,45.9236937,0.128813907,0.0363567692,6.09531503,0.140288195,0.0,0.792083,32.51439535,58.6492,15.1046,0.540193,27.96144457
thickness+bandgap.iv,3,44,1.2,4.165,,0.973562,-22.712445,56.6064569,34.7682332,6.58637163,49.8548558,0.128818495,0.0364109872,6.43494318,0.151428452,0.0,0.792083,32.51439535,58.6492,15.1046,0.540193,27.96144457
thickness+bandgap.iv,3,45,1.2,4.165,,1.006191,-25.2382985,59.1142,34.7682332,6.78640911,52.1625002,0.128821319,0.0364693999,6.62841536,0.157993745,0.0,0.792083,32.51439535,58.6492,15.1046,0.540193,27.96144457
thickness+bandgap.iv,3,46,1.2,4.165,,1.03311,-26.6219799,60.4780987,34.7682332,6.89157357,53.421173,0.128822849,0.0365292979,6.73012905,0.161444522,0.0,0.792083,32.51439535,58.6492,15.1046,0.540193,27.96144457
thickness+bandgap.iv,3,47,1.2,4.165,,1.056852,-27.3704491,61.2046166,34.7682332,6.94411039,54.0950926,0.128823611,0.0365899645,6.78101559,0.163094798,0.0,0.792083,32.51439535,58.6492,15.1046,0.540193,27.96144457
thickness+bandgap.iv,3,48,1.2,4.165,,1.078948,-27.7896772,61.603789,34.7682332,6.97404156,54.4642727,0.128824061,0.0366506382,6.80996313,0.16407843,0.0,0.792083,32.51439535,58.6492,15.1046,0.540193,27.96144457
thickness+bandgap.iv,3,49,1.2,4.165,,1.100238,-28.0475156,61.8415958,34.7682332,6.99179412,54.6842668,0.128824329,0.036710596,6.82713151,0.164662613,0.0,0.792083,32.51439535,58.6492,15.1046,0.540193,27.96144457
thickness+bandgap.iv,3,50,1.2,4.165,,1.12113,-28.2260595,62.000118,34.7682332,7.00359322,54.8309315,0.128824508,0.0367687142,6.83854206,0.165051156,0.0,0.792083,32.51439535,58.6492,15.1046,0.540193,27.96144457
thickness+bandgap.iv,3,51,1.2,4.165,,1.141829,-28.3657937,62.1198356,34.7682332,7.01248557,54.9416986,0.128824643,0.036826762,6.84714144,0.165344129,0.0,0.792083,32.51439535,58.6492,15.1046,0.540193,27.96144457
thickness+bandgap.iv,3,52,1.2,4.165,,1.162426,-28.4852937,62.2193215,34.7682332,7.01986277,55.0337501,0.128824756,0.0368838753,6.8542755,0.16558727,0.0,0.792083,32.51439535,58.6492,15.1046,0.540193,27.96144457
thickness+bandgap.iv,3,53,1.2,4.165,,1.182968,-28.5935466,62.3075616,34.7682332,7.0263968,55.1154001,0.128824855,0.0369398643,6.86059411,0.165802689,0.0,0.792083,32.51439535,58.6492,15.1046,0.540193,27.96144457
thickness+bandgap.iv,3,54,1.2,4.165,,1.203474,-28.694891,62.3888942,34.7682332,7.03241168,55.1906626,0.128824948,0.0369949219,6.86641063,0.166001049,0.0,0.792083,32.51439535,58.6492,15.1046,0.540193,27.96144457
thickness+bandgap.iv,3,55,1.2,4.165,,1.223957,-28.7914881,62.4654806,34.7682332,7.03806941,55.2615367,0.128825034,0.0370494233,6.8718817,0.166187706,0.0,0.792083,32.51439535,58.6492,15.1046,0.540193,27.96144457
thickness+bandgap.iv,3,56,1.2,4.165,,1.24442,-28.8840923,62.5380739,34.7682332,7.04342575,55.3287205,0.128825117,0.0371025049,6.8770613,0.166364443,0.0,0.792083,32.51439535,58.6492,15.1046,0.540193,27.96144457
thickness+bandgap.iv,3,57,1.2,4.165,,1.264869,-28.9738541,62.607825,34.7682332,7.04856678,55.393278,0.128825196,0.0371550328,6.88203267,0.166534111,0.0,0.792083,32.51439535,58.6492,15.1046,0.540193,27.96144457
thickness+bandgap.iv,3,58,1.2,4.165,,1.285304,-29.0608779,62.6748386,34.7682332,7.05350107,55.4553055,0.128825272,0.0372067522,6.88680407,0.166696996,0.0,0.792083,32.51439535,58.6492,15.1046,0.540193,27.96144457
thickness+bandgap.iv,3,59,1.2,4.165,,1.305727,-29.1454806,62.7394313,34.7682332,7.0582524,55.5150955,0.128825345,0.037258088,6.89139852,0.166853876,0.0,0.792083,32.51439535,58.6492,15.1046,0.540193,27.96144457
thickness+bandgap.iv,3,60,1.2,4.165,,1.326139,-29.2277825,62.8017236,34.7682332,7.06283015,55.5727592,0.128825416,0.0373087361,6.8958251,0.167005055,0.0,0.792083,32.51439535,58.6492,15.1046,0.540193,27.96144457
thickness+bandgap.iv,3,61,1.2,4.165,,1.346539,-29.307899,62.8618306,34.7682332,7.06724327,55.6284034,0.128825484,0.0373583878,6.90009245,0.167150828,0.0,0.792083,32.51439535,58.6492,15.1046,0.540193,27.96144457
thickness+bandgap.iv,4,1,1.2,4.266,,-0.164589,32.9178459,1.83717692,34.7682332,0.0509978805,1.62034214,0.128348923,0.0374879726,0.0508425321,0.00015534831,0.0,0.791925,32.44188304,57.1799,14.6904,0.5453,26.94002658
thickness+bandgap.iv,4,2,1.2,4.266,,-0.144327,32.865306,1.86971836,34.7682332,0.0521934746,1.65165182,0.128352813,0.0375202517,0.0520281245,0.0001653501,0.0,0.791925,32.44188304,57.1799,14.6904,0.5453,26.94002658
thickness+bandgap.iv,4,3,1.2,4.266,,-0.124056,32.8112908,1.90373338,34.7682332,0.0534503615,1.68437415,0.128356616,0.0375522515,0.0532743353,0.000176026193,0.0,0.791925,32.44188304,57.1799,14.6904,0.5453,26.94002658
thickness+bandgap.iv,4,4,1.2,4.266,,-0.103778,32.7556917,1.93933235,34.7682332,0.0547735108,1.71861455,0.128360332,0.0375839557,0.0545860784,0.000187432348,0.0,0.791925,32.44188304,57.1799,14.6904,0.5453,26.94002658
thickness+bandgap.iv,4,5,1.2,4.266,,-0.083492,32.6983874,1.9766365,34.7682332,0.0561684401,1.75448875,0.128363962,0.037615345,0.0559688052,0.000199634846,0.0,0.791925,32.44188304,57.1799,14.6904,0.5453,26.94002658
thickness+bandgap.iv,4,6,1.2,4.266,,-0.063196,32.6392456,2.01577825,34.7682332,0.0576413202,1.79212303,0.128367508,0.0376463984,0.057428611,0.00021270919,0.0,0.791925,32.44188304,57.1799,14.6904,0.5453,26.94002658
thickness+bandgap.iv,4,7,1.2,4.266,,-0.042891,32.5781215,2.05690221,34.7682332,0.0591990768,1.83165507,0.128370973,0.0376770929,0.058972335,0.000226741761,0.0,0.791925,32.44188304,57.1799,14.6904,0.5453,26.94002658
thickness+bandgap.iv,4,8,1.2,4.266,,-0.022574,32.5148572,2.10016623,34.7682332,0.0608495128,1.87323496,0.128374358,0.037707403,0.060607681,0.000241831805,0.0,0.791925,32.44188304,57.1799,14.6904,0.5453,26.94002658
thickness+bandgap.iv,4,9,1.2,4.266,,-0.002246,32.4492806,2.14574264,34.7682332,0.0626014564,1.91702622,0.128377667,0.0377373013,0.0623433626,0.000258093827,0.0,0.791925,32.44188304,57.1799,14.6904,0.5453,26.94002658
thickness+bandgap.iv,4,10,1.2,4.266,,0.018094,32.3812037,2.19381941,34.7682332,0.064464941,1.96320681,0.1283809,0.0377667576,0.0641892805,0.00027566046,0.0,0.791925,32.44188304,57.1799,14.6904,0.5453,26.94002658
thickness+bandgap.iv,4,11,1.2,4.266,,0.038448,32.3104214,2.24460151,34.7682332,0.0664514261,2.01197028,0.128384061,0.0377957391,0.0661567401,0.000294685934,0.0,0.791925,32.44188304,57.1799,14.6904,0.5453,26.94002658
thickness+bandgap.iv,4,12,1.2,4.266,,0.058816,32.2367104,2.29831234,34.7682332,0.0685740719,2.0635269,0.128387152,0.0378242105,0.0682587216,0.000315350251,0.0,0.791925,32.44188304,57.1799,14.6904,0.5453,26.94002658
thickness+bandgap.iv,4,13,1.2,4.266,,0.079201,32.1598273,2.35519521,34.7682332,0.0708480844,2.11810482,0.128390176,0.0378521334,0.0705102202,0.000337864215,0.0,0.791925,32.44188304,57.1799,14.6904,0.5453,26.94002658
thickness+bandgap.iv,4,14,1.2,4.266,,0.099602,32.0795073,2.41551512,34.7682332,0.0732911573,2.17595136,0.128393136,0.0378794669,0.0729286818,0.000362475516,0.0,0.791925,32.44188304,57.1799,14.6904,0.5453,26.94002658
thickness+bandgap.iv,4,15,1.2,4.266,,0.120023,31.9954614,2.47956061,34.7682332,0.0759240489,2.23733436,0.128396033,0.0379061671,0.0755345729,0.000389476069,0.0,0.791925,32.44188304,57.1799,14.6904,0.5453,26.94002658
thickness+bandgap.iv,4,16,1.2,4.266,,0.140463,31.9073756,2.54764617,34.7682332,0.078771359,2.30254375,0.128398871,0.037932188,0.078352148,0.000419210917,0.0,0.791925,32.44188304,57.1799,14.6904,0.5453,26.94002658
thickness+bandgap.iv,4,17,1.2,4.266,,0.160925,31.8149063,2.62011514,34.7682332,0.0818626059,2.3718934,0.128401653,0.0379574816,0.0814105169,0.000452089057,0.0,0.791925,32.44188304,57.1799,14.6904,0.5453,26.94002658
thickness+bandgap.iv,4,18,1.2,4.266,,0.181412,31.7176775,2.69734365,34.7682332,0.08523378,2.44572349,0.128404382,0.0379819981,0.0847451833,0.000488596699,0.0,0.791925,32.44188304,57.1799,14.6904,0.5453,26.94002658
thickness+bandgap.iv,4,19,1.2,4.266,,0.201924,31.615275,2.77974616,34.7682332,0.0889296644,2.52440375,0.128407061,0.0380056873,0.0884003507,0.000529313706,0.0,0.791925,32.44188304,57.1799,14.6904,0.5453,26.94002658
thickness+bandgap.iv,4,20,1.2,4.266,,0.222464,31.5072369,2.86778374,34.7682332,0.0930074307,2.60833811,0.128409694,0.0380284991,0.0924324963,0.000574934365,0.0,0.791925,32.44188304,57.1799,14.6904,0.5453,26.94002658
thickness+bandgap.iv,4,21,1.2,4.266,,0.243035,31.3930435,2.96197674,34.7682332,0.0975423615,2.69797171,0.128412283,0.0380503848,0.0969160671,0.000626294377,0.0,0.791925,32.44188304,57.1799,14.6904,0.5453,26.94002658
thickness+bandgap.iv,4,22,1.2,4.266,,0.26364,31.2720947,3.06292512,34.7682332,0.102637129,2.79380186,0.128414832,0.0380712985,0.101952722,0.00068440744,0.0,0.791925,32.44188304,57.1799,14.6904,0.5453,26.94002658
thickness+bandgap.iv,4,23,1.2,4.266,,0.284282,31.1436778,3.17134152,34.7682332,0.108436956,2.89639602,0.128417345,0.0380911984,0.107686438,0.000750517584,0.0,0.791925,32.44188304,57.1799,14.6904,0.5453,26.94002658
thickness+bandgap.iv,4,24,1.2,4.266,,0.304965,31.0069127,3.28810628,34.7682332,0.115154311,3.00642209,0.128419825,0.0381100486,0.114328132,0.000826179132,0.0,0.791925,32.44188304,57.1799,14.6904,0.5453,26.94002658
thickness+bandgap.iv,4,25,1.2,4.266,,0.325697,30.8606581,3.4143604,34.7682332,0.123108731,3.12470157,0.128422277,0.0381278207,0.122195343,0.000913387644,0.0,0.791925,32.44188304,57.1799,14.6904,0.5453,26.94002658
thickness+bandgap.iv,4,26,1.2,4.266,,0.346483,30.7033531,3.55166498,34.7682332,0.132790024,3.25230576,0.128424704,0.038144495,0.131775215,0.00101480877,0.0,0.791925,32.44188304,57.1799,14.6904,0.5453,26.94002658
thickness+bandgap.iv,4,27,1.2,4.266,,0.367336,30.5327385,3.70227902,34.7682332,0.144957168,3.39073468,0.128427112,0.0381600623,0.143822967,0.00113420037,0.0,0.791925,32.44188304,57.1799,14.6904,0.5453,26.94002658
thickness+bandgap.iv,4,28,1.2,4.266,,0.388273,30.3453644,3.86965263,34.7682332,0.160791647,3.54225695,0.128429506,0.0381745248,0.159514424,0.00127722306,0.0,0.791925,32.44188304,57.1799,14.6904,0.5453,26.94002658
thickness+bandgap.iv,4,29,1.2,4.266,,0.409322,30.1356965,4.05931996,34.7682332,0.182135122,3.71056505,0.128431894,0.0381878981,0.180682083,0.00145303929,0.0,0.791925,32.44188304,57.1799,14.6904,0.5453,26.94002658
thickness+bandgap.iv,4,30,1.2,4.266,,0.430528,29.8944726,4.28054333,34.7682332,0.211859944,3.90204888,0.128434288,0.0382002129,0.210182427,0.00167751789,0.0,0.791925,32.44188304,57.1799,14.6904,0.5453,26.94002658
thickness+bandgap.iv,4,31,1.2,4.266,,0.451972,29.6056437,4.54937182,34.7682332,0.254449427,4.12827417,0.128436707,0.0382115186,0.252469735,0.00197969242,0.0,0.791925,32.44188304,57.1799,14.6904,0.5453,26.94002658
thickness+bandgap.iv,4,32,1.2,4.266,,0.473797,29.2406837,4.89433124,34.7682332,0.316900792,4.41076937,0.128439182,0.0382218901,0.314486077,0.00241471527,0.0,0.791925,32.44188304,57.1799,14.6904,0.5453,26.94002658
thickness+bandgap.iv,4,33,1.2,4.266,,0.496259,28.7481727,5.36684167,34.7682332,0.410088373,4.79008009,0.12844177,0.038231441,0.40699902,0.00308935292,0.0,0.791925,32.44188304,57.1799,14.6904,0.5453,26.94002658
thickness+bandgap.iv,4,34,1.2,4.266,,0.519822,28.0355313,6.05948255,34.7682332,0.550664431,5.3421332,0.12844457,0.0382403495,0.546454381,0.00421005032,0.0,0.791925,32.44188304,57.1799,14.6904,0.5453,26.94002658
thickness+bandgap.iv,4,35,1.2,4.266,,0.5453,26.9400266,7.1349868,34.7682332,0.763206684,6.20508345,0.128447764,0.0382489038,0.757041057,0.00616562695,0.0,0.791925,32.44188304,57.1799,14.6904,0.5453,26.94002658
thickness+bandgap.iv,4,36,1.2,4.266,,0.574036,25.1927409,8.86227172,34.7682332,1.08114206,7.61442043,0.128451655,0.0382575744,1.0714993,0.00964275244,0.0,0.791925,32.44188304,57.1799,14.6904,0.5453,26.94002658
thickness+bandgap.iv,4,37,1.2,4.266,,0.607984,22.4031183,11.6318921,34.7682332,1.54247985,9.92268847,0.128456712,0.0382670992,1.52677306,0.0157067898,0.0,0.791925,32.44188304,57.1799,14.6904,0.5453,26.94002658
thickness+bandgap.iv,4,38,1.2,4.266,,0.649319,18.136197,15.8787511,34.7682332,2.17429544,13.5377136,0.128463546,0.0382785206,2.14865723,0.0256382088,0.0,0.791925,32.44188304,57.1799,14.6904,0.5453,26.94002658
thickness+bandgap.iv,4,39,1.2,4.266,,0.699232,12.1535498,21.8414762,34.7682332,2.96621771,18.7084928,0.128472607,0.0382931001,2.92595049,0.04026722,0.0,0.791925,32.44188304,57.1799,14.6904,0.5453,26.94002658
thickness+bandgap.iv,4,40,1.2,4.266,,0.756403,4.71942388,29.2555062,34.7682332,3.85220653,25.2365038,0.128483904,0.0383120079,3.79319695,0.0590095808,0.0,0.791925,32.44188304,57.1799,14.6904,0.5453,26.94002658
thickness+bandgap.iv,4,41,1.2,4.266,,0.816655,-3.33104003,37.2862865,34.7682332,4.72707791,32.3923757,0.128496705,0.0383361315,4.64746272,0.0796151945,0.0,0.791925,32.44188304,57.1799,14.6904,0.5453,26.94002658
thickness+bandgap.iv,4,42,1.2,4.266,,0.874623,-10.9245058,44.8598661,34.7682332,5.49011937,39.202871,0.128509644,0.0383660525,5.39105934,0.0990600362,0.0,0.791925,32.44188304,57.1799,14.6904,0.5453,26.94002658
thickness+bandgap.iv,4,43,1.2,4.266,,0.925906,-17.1811696,51.0957901,34.7682332,6.07909888,44.8497683,0.128521048,0.0384018241,5.96421145,0.114887438,0.0,0.791925,32.44188304,57.1799,14.6904,0.5453,26.94002658
thickness+bandgap.iv,4,44,1.2,4.266,,0.968455,-21.6909615,55.5858767,34.7682332,6.48420563,48.9346981,0.128529839,0.0384431044,6.35802183,0.126183805,0.0,0.791925,32.44188304,57.1799,14.6904,0.5453,26.94002658
thickness+bandgap.iv,4,45,1.2,4.266,,1.002829,-24.5657924,58.4406206,34.7682332,6.73319127,51.5404051,0.128535686,0.0384884855,6.59992547,0.133265797,0.0,0.791925,32.44188304,57.1799,14.6904,0.5453,26.94002658
thickness+bandgap.iv,4,46,1.2,4.266,,1.031157,-26.2314709,60.0862978,34.7682332,6.87419962,53.0450223,0.128539188,0.038536729,6.73687573,0.137323889,0.0,0.791925,32.44188304,57.1799,14.6904,0.5453,26.94002658
thickness+bandgap.iv,4,47,1.2,4.266,,1.055759,-27.151848,60.9861978,34.7682332,6.94962521,53.8694451,0.128541098,0.0385864377,6.81013034,0.139494876,0.0,0.791925,32.44188304,57.1799,14.6904,0.5453,26.94002658
thickness+bandgap.iv,4,48,1.2,4.266,,1.078318,-27.6635973,61.4789023,34.7682332,6.9922116,54.3195125,0.128542217,0.0386360172,6.85145067,0.140760925,0.0,0.791925,32.44188304,57.1799,14.6904,0.5453,26.94002658
thickness+bandgap.iv,4,49,1.2,4.266,,1.099844,-27.9688662,61.7638923,34.7682332,7.01533255,54.5813317,0.128542795,0.0386851765,6.8739029,0.141429646,0.0,0.791925,32.44188304,57.1799,14.6904,0.5453,26.94002658
thickness+bandgap.iv,4,50,1.2,4.266,,1.120856,-28.1711976,61.9464205,34.7682332,7.03065474,54.7484885,0.128543196,0.0387339854,6.88877455,0.141880188,0.0,0.791925,32.44188304,57.1799,14.6904,0.5453,26.94002658
thickness+bandgap.iv,4,51,1.2,4.266,,1.141614,-28.3227375,62.0780431,34.7682332,7.04169658,54.8690212,0.128543487,0.0387818533,6.89949168,0.1422049,0.0,0.791925,32.44188304,57.1799,14.6904,0.5453,26.94002658
thickness+bandgap.iv,4,52,1.2,4.266,,1.162242,-28.4484311,62.1837845,34.7682332,7.0505486,54.9658632,0.128543721,0.0388288996,6.90808385,0.142464748,0.0,0.791925,32.44188304,57.1799,14.6904,0.5453,26.94002658
thickness+bandgap.iv,4,53,1.2,4.266,,1.182801,-28.5602571,62.2756363,34.7682332,7.05822045,55.0499966,0.128543925,0.0388753995,6.91553089,0.142689559,0.0,0.791925,32.44188304,57.1799,14.6904,0.5453,26.94002658
thickness+bandgap.iv,4,54,1.2,4.266,,1.203318,-28.6636395,62.3590329,34.7682332,7.06517327,55.1263947,0.12854411,0.0389208345,6.92228019,0.142893084,0.0,0.791925,32.44188304,57.1799,14.6904,0.5453,26.94002658
thickness+bandgap.iv,4,55,1.2,4.266,,1.223809,-28.7617593,62.4371608,34.7682332,7.07167755,55.1979734,0.128544283,0.0389655618,6.92859417,0.143083384,0.0,0.791925,32.44188304,57.1799,14.6904,0.5453,26.94002658
thickness+bandgap.iv,4,56,1.2,4.266,,1.244279,-28.8558433,62.5112497,34.7682332,7.07783872,55.265857,0.128544447,0.0390095492,6.9345751,0.143263623,0.0,0.791925,32.44188304,57.1799,14.6904,0.5453,26.94002658
thickness+bandgap.iv,4,57,1.2,4.266,,1.264734,-28.946719,62.5821285,34.7682332,7.0837274,55.3308034,0.128544605,0.0390531173,6.9402915,0.143435899,0.0,0.791925,32.44188304,57.1799,14.6904,0.5453,26.94002658
thickness+bandgap.iv,4,58,1.2,4.266,,1.285174,-29.0347595,62.6501712,34.7682332,7.08937574,55.3931546,0.128544756,0.0390960425,6.94577457,0.143601166,0.0,0.791925,32.44188304,57.1799,14.6904,0.5453,26.94002658
thickness+bandgap.iv,4,59,1.2,4.266,,1.305601,-29.120178,62.7155911,34.7682332,7.09480222,55.4531058,0.128544902,0.039138091,6.95104225,0.143759972,0.0,0.791925,32.44188304,57.1799,14.6904,0.5453,26.94002658
thickness+bandgap.iv,4,60,1.2,4.266,,1.326016,-29.2031157,62.7785297,34.7682332,7.10001917,55.510786,0.128545042,0.0391795277,6.95610649,0.143912675,0.0,0.791925,32.44188304,57.1799,14.6904,0.5453,26.94002658
thickness+bandgap.iv,4,61,1.2,4.266,,1.34642,-29.2839593,62.8393737,34.7682332,7.10505901,55.5665492,0.128545178,0.0392203068,6.96099879,0.144060224,0.0,0.791925,32.44188304,57.1799,14.6904,0.5453,26.94002658
thickness+bandgap.iv,5,1,1.2,4.37,,-0.164835,32.9670582,1.78800884,34.7682332,0.0603232897,1.56199786,0.127931585,0.0377561026,0.0597068865,0.000616403162,0.0,0.760308,32.40200366,51.4102,12.6652,0.491036,25.79272793
thickness+bandgap.iv,5,2,1.2,4.37,,-0.144539,32.9077194,1.82734457,34.7682332,0.0619541678,1.59966553,0.127933701,0.0377911732,0.0613160202,0.00063814765,0.0,0.760308,32.40200366,51.4102,12.6652,0.491036,25.79272793
thickness+bandgap.iv,5,3,1.2,4.37,,-0.12423,32.8459648,1.86909886,34.7682332,0.0636746491,1.63966232,0.12793577,0.0378261183,0.0630138135,0.000660835587,0.0,0.760308,32.40200366,51.4102,12.6652,0.491036,25.79272793
thickness+bandgap.iv,5,4,1.2,4.37,,-0.103908,32.781569,1.91349433,34.7682332,0.0654917849,1.6822038,0.127937811,0.0378609272,0.0648072191,0.000684565743,0.0,0.760308,32.40200366,51.4102,12.6652,0.491036,25.79272793
thickness+bandgap.iv,5,5,1.2,4.37,,-0.083571,32.7142871,1.96077592,34.7682332,0.0674136847,1.72752681,0.127939827,0.0378955979,0.0667042795,0.000709405159,0.0,0.760308,32.40200366,51.4102,12.6652,0.491036,25.79272793
thickness+bandgap.iv,5,6,1.2,4.37,,-0.063219,32.6438491,2.01121363,34.7682332,0.0694493975,1.77589228,0.127941818,0.0379301281,0.0687139703,0.00073542717,0.0,0.760308,32.40200366,51.4102,12.6652,0.491036,25.79272793
thickness+bandgap.iv,5,7,1.2,4.37,,-0.04285,32.5699576,2.0651047,34.7682332,0.0716090625,1.82758734,0.127943787,0.0379645151,0.0708463502,0.000762712333,0.0,0.760308,32.40200366,51.4102,12.6652,0.491036,25.79272793
thickness+bandgap.iv,5,8,1.2,4.37,,-0.022461,32.4922861,2.12277589,34.7682332,0.0739040956,1.8829273,0.127945736,0.0379987558,0.0731127461,0.000791349487,0.0,0.760308,32.40200366,51.4102,12.6652,0.491036,25.79272793
thickness+bandgap.iv,5,9,1.2,4.37,,-0.002052,32.410476,2.18458564,34.7682332,0.0763474217,1.94225771,0.127947667,0.0380328466,0.0755259847,0.000821437032,0.0,0.760308,32.40200366,51.4102,12.6652,0.491036,25.79272793
thickness+bandgap.iv,5,10,1.2,4.37,,0.018379,32.3241349,2.25092631,34.7682332,0.0789537703,2.00595617,0.127949582,0.0380667833,0.0781006858,0.00085308449,0.0,0.760308,32.40200366,51.4102,12.6652,0.491036,25.79272793
thickness+bandgap.iv,5,11,1.2,4.37,,0.038836,32.2328344,2.32222615,34.7682332,0.0817400564,2.07443404,0.127951484,0.0381005607,0.080853642,0.000886414444,0.0,0.760308,32.40200366,51.4102,12.6652,0.491036,25.79272793
thickness+bandgap.iv,5,12,1.2,4.37,,0.059319,32.1361088,2.39895129,34.7682332,0.0847258843,2.14813786,0.127953374,0.0381341727,0.0838043193,0.000921564937,0.0,0.760308,32.40200366,51.4102,12.6652,0.491036,25.79272793
thickness+bandgap.iv,5,13,1.2,4.37,,0.079833,32.0334523,2.48160761,34.7682332,0.0879342247,2.22755051,0.127955257,0.0381676123,0.0869755322,0.000958692521,0.0,0.760308,32.40200366,51.4102,12.6652,0.491036,25.79272793
thickness+bandgap.iv,5,14,1.2,4.37,,0.100378,31.9243166,2.57074262,34.7682332,0.0913923511,2.31319226,0.127957134,0.0382008706,0.090394375,0.000997976155,0.0,0.760308,32.40200366,51.4102,12.6652,0.491036,25.79272793
thickness+bandgap.iv,5,15,1.2,4.37,,0.120959,31.8081106,2.66694806,34.7682332,0.0951331641,2.40562195,0.127959009,0.0382339372,0.0940935418,0.00103962227,0.0,0.760308,32.40200366,51.4102,12.6652,0.491036,25.79272793
thickness+bandgap.iv,5,16,1.2,4.37,,0.141579,31.6841938,2.7708638,34.7682332,0.0991971146,2.505439,0.127960886,0.0382667992,0.0981132431,0.00108387148,0.0,0.760308,32.40200366,51.4102,12.6652,0.491036,25.79272793
thickness+bandgap.iv,5,17,1.2,4.37,,0.162241,31.5518712,2.88318503,34.7682332,0.103635065,2.61328776,0.127962768,0.0382994412,0.102504058,0.00113100765,0.0,0.760308,32.40200366,51.4102,12.6652,0.491036,25.79272793
thickness+bandgap.iv,5,18,1.2,4.37,,0.182948,31.4103812,3.00467585,34.7682332,0.108512644,2.7298667,0.127964659,0.0383318441,0.107331273,0.00118137049,0.0,0.760308,32.40200366,51.4102,12.6652,0.491036,25.79272793
thickness+bandgap.iv,5,19,1.2,4.37,,0.203706,31.258862,3.13619476,34.7682332,0.113916986,2.85594723,0.127966564,0.0383639846,0.112681613,0.00123537346,0.0,0.760308,32.40200366,51.4102,12.6652,0.491036,25.79272793
thickness+bandgap.iv,5,20,1.2,4.37,,0.224518,31.0963139,3.27874204,34.7682332,0.119967327,2.99241039,0.127968489,0.0383958338,0.118673797,0.00129353035,0.0,0.760308,32.40200366,51.4102,12.6652,0.491036,25.79272793
thickness+bandgap.iv,5,21,1.2,4.37,,0.245392,30.92151,3.4335451,34.7682332,0.126831743,3.14031556,0.127970438,0.0384273561,0.125475247,0.00135649593,0.0,0.760308,32.40200366,51.4102,12.6652,0.491036,25.79272793
thickness+bandgap.iv,5,22,1.2,4.37,,0.266336,30.7328453,3.60220949,34.7682332,0.134753634,3.30102492,0.127972422,0.0384585078,0.133328503,0.00142513116,0.0,0.760308,32.40200366,51.4102,12.6652,0.491036,25.79272793
thickness+bandgap.iv,5,23,1.2,4.37,,0.28736,30.5280729,3.78698014,34.7682332,0.144093311,3.47642314,0.127974451,0.0384892344,0.142592699,0.00150061153,0.0,0.760308,32.40200366,51.4102,12.6652,0.491036,25.79272793
thickness+bandgap.iv,5,24,1.2,4.37,,0.308481,30.303868,3.99118547,34.7682332,0.155392387,3.66929707,0.127976542,0.0385194692,0.153807773,0.00158461455,0.0,0.760308,32.40200366,51.4102,12.6652,0.491036,25.79272793
thickness+bandgap.iv,5,25,1.2,4.37,,0.329724,30.0551589,4.21986846,34.7682332,0.169466674,3.88387391,0.127978769,0.0385491091,0.167786724,0.00167994989,0.0,0.760308,32.40200366,51.4102,12.6652,0.491036,25.79272793
thickness+bandgap.iv,5,26,1.2,4.37,,0.351132,29.7735875,4.48144037,34.7682332,0.187568359,4.12731284,0.127981072,0.038578099,0.185778377,0.00178998198,0.0,0.760308,32.40200366,51.4102,12.6652,0.491036,25.79272793
thickness+bandgap.iv,5,27,1.2,4.37,,0.37277,29.4460217,4.78900634,34.7682332,0.211566486,4.41084999,0.127983563,0.0386062987,0.209644959,0.00192152639,0.0,0.760308,32.40200366,51.4102,12.6652,0.491036,25.79272793
thickness+bandgap.iv,5,28,1.2,4.37,,0.394744,29.0511685,5.16386003,34.7682332,0.244244458,4.75299565,0.127986344,0.0386335721,0.242158731,0.00208572722,0.0,0.760308,32.40200366,51.4102,12.6652,0.491036,25.79272793
thickness+bandgap.iv,5,29,1.2,4.37,,0.417225,28.5550425,5.6399882,34.7682332,0.289651521,5.18368734,0.127989573,0.0386597688,0.287349474,0.00230204733,0.0,0.760308,32.40200366,51.4102,12.6652,0.491036,25.79272793
thickness+bandgap.iv,5,30,1.2,4.37,,0.440477,27.9046304,6.27040256,34.7682332,0.35348598,5.75023835,0.127993496,0.0386847348,0.350881402,0.00260457781,0.0,0.760308,32.40200366,51.4102,12.6652,0.491036,25.79272793
thickness+bandgap.iv,5,31,1.2,4.37,,0.464897,27.0206208,7.13441906,34.7682332,0.443350243,6.52436201,0.127998482,0.0387083322,0.440298474,0.0030517692,0.0,0.760308,32.40200366,51.4102,12.6652,0.491036,25.79272793
thickness+bandgap.iv,5,32,1.2,4.37,,0.491036,25.7927279,8.34228017,34.7682332,0.568489648,7.60705498,0.12800509,0.038730457,0.564750766,0.00373888227,0.0,0.760308,32.40200366,51.4102,12.6652,0.491036,25.79272793
thickness+bandgap.iv,5,33,1.2,4.37,,0.519587,24.082694,10.0323305,34.7682332,0.738735383,9.12683008,0.128013865,0.0387511485,0.733929315,0.00480606811,0.0,0.760308,32.40200366,51.4102,12.6652,0.491036,25.79272793
thickness+bandgap.iv,5,34,1.2,4.37,,0.551255,21.748949,12.3460909,34.7682332,0.96171832,11.2175766,0.128025549,0.0387705244,0.955284995,0.00643332485,0.0,0.760308,32.40200366,51.4102,12.6652,0.491036,25.79272793
thickness+bandgap.iv,5,35,1.2,4.37,,0.586564,18.68719,15.3878283,34.7682332,1.23975393,13.9812448,0.128040704,0.038788869,1.23095001,0.00880392416,0.0,0.760308,32.40200366,51.4102,12.6652,0.491036,25.79272793
thickness+bandgap.iv,5,36,1.2,4.37,,0.625634,14.8731608,19.1818169,34.7682332,1.56783003,17.4471207,0.128059497,0.0388066179,1.55578379,0.0120462341,0.0,0.760308,32.40200366,51.4102,12.6652,0.491036,25.79272793
thickness+bandgap.iv,5,37,1.2,4.37,,0.668086,10.3827163,23.652307,34.7682332,1.93407746,21.5513236,0.128081651,0.0388242921,1.91789611,0.0161813497,0.0,0.760308,32.40200366,51.4102,12.6652,0.491036,25.79272793
thickness+bandgap.iv,5,38,1.2,4.37,,0.713102,5.37965315,28.6353279,34.7682332,2.3220951,26.1462837,0.128106631,0.0388424035,2.30099363,0.021101474,0.0,0.760308,32.40200366,51.4102,12.6652,0.491036,25.79272793
thickness+bandgap.iv,5,39,1.2,4.37,,0.75959,0.0820589955,33.9129797,34.7682332,2.71446003,31.0315247,0.128133482,0.0388614993,2.68786945,0.0265905761,0.0,0.760308,32.40200366,51.4102,12.6652,0.491036,25.79272793
thickness+bandgap.iv,5,40,1.2,4.37,,0.806332,-5.26636057,39.2414409,34.7682332,3.09424032,35.9801572,0.128161208,0.0388821969,3.06188523,0.0323550922,0.0,0.760308,32.40200366,51.4102,12.6652,0.491036,25.79272793
thickness+bandgap.iv,5,41,1.2,4.37,,0.852055,-10.4110584,44.3661384,34.7682332,3.44629044,40.7527542,0.12818858,0.038905139,3.40822105,0.0380693912,0.0,0.760308,32.40200366,51.4102,12.6652,0.491036,25.79272793
thickness+bandgap.iv,5,42,1.2,4.37,,0.895578,-15.1156804,49.0507966,34.7682332,3.75746902,45.1261824,0.128214357,0.0389309125,3.71407584,0.0433931766,0.0,0.760308,32.40200366,51.4102,12.6652,0.491036,25.79272793
thickness+bandgap.iv,5,43,1.2,4.37,,0.935765,-19.1530025,53.0687468,34.7682332,4.0170742,48.884475,0.128237089,0.0389604904,3.96905291,0.0480212894,0.0,0.760308,32.40200366,51.4102,12.6652,0.491036,25.79272793
thickness+bandgap.iv,5,44,1.2,4.37,,0.971824,-22.3647215,56.2590043,34.7682332,4.21679886,51.8749561,0.128255644,0.0389936779,4.16513612,0.0516627375,0.0,0.760308,32.40200366,51.4102,12.6652,0.491036,25.79272793
thickness+bandgap.iv,6,1,1.247,3.97,,-0.156487,31.2974558,1.71715649,33.0263716,0.0573006731,1.50140386,0.128559322,0.0298926354,0.056601069,0.00069960417,0.0,0.696938,30.88135689,55.9988,12.0523,0.472449,25.51026435
thickness+bandgap.iv,6,2,1.247,3.97,,-0.136241,31.2482147,1.74639672,33.0263716,0.0589745948,1.52895937,0.128569295,0.0298934535,0.058235809,0.000738785868,0.0,0.696938,30.88135689,55.9988,12.0523,0.472449,25.51026435
thickness+bandgap.iv,6,3,1.247,3.97,,-0.115989,31.1977743,1.77683719,33.0263716,0.0607583317,1.55760529,0.128579323,0.0298942451,0.0599771005,0.000781231199,0.0,0.696938,30.88135689,55.9988,12.0523,0.472449,25.51026435
thickness+bandgap.iv,6,4,1.247,3.97,,-0.09573,31.146048,1.80856341,33.0263716,0.0626627389,1.58741625,0.128589409,0.0298950107,0.0618354473,0.00082729156,0.0,0.696938,30.88135689,55.9988,12.0523,0.472449,25.51026435
thickness+bandgap.iv,6,5,1.247,3.97,,-0.075465,31.0929417,1.84166969,33.0263716,0.0647000421,1.61847434,0.128599556,0.0298957509,0.0638226785,0.000877363598,0.0,0.696938,30.88135689,55.9988,12.0523,0.472449,25.51026435
thickness+bandgap.iv,6,6,1.247,3.97,,-0.055192,31.038351,1.87626038,33.0263716,0.0668840399,1.65087011,0.128609768,0.0298964662,0.0659521441,0.000931895785,0.0,0.696938,30.88135689,55.9988,12.0523,0.472449,25.51026435
thickness+bandgap.iv,6,7,1.247,3.97,,-0.034911,30.98216,1.91245134,33.0263716,0.0692303411,1.68470379,0.128620048,0.0298971575,0.068238945,0.000991396129,0.0,0.696938,30.88135689,55.9988,12.0523,0.472449,25.51026435
thickness+bandgap.iv,6,8,1.247,3.97,,-0.014621,30.9242398,1.95037157,33.0263716,0.0717566436,1.7200867,0.1286304,0.0298978254,0.0707002024,0.00105644118,0.0,0.696938,30.88135689,55.9988,12.0523,0.472449,25.51026435
thickness+bandgap.iv,6,9,1.247,3.97,,0.005678,30.8644461,1.99016527,33.0263716,0.0744830619,1.75714291,0.128640829,0.0298984707,0.0733553754,0.00112768654,0.0,0.696938,30.88135689,55.9988,12.0523,0.472449,25.51026435
thickness+bandgap.iv,6,10,1.247,3.97,,0.025987,30.8026171,2.03199421,33.0263716,0.0774325142,1.79601126,0.128651341,0.0298990943,0.076226635,0.00120587915,0.0,0.696938,30.88135689,55.9988,12.0523,0.472449,25.51026435
thickness+bandgap.iv,6,11,1.247,3.97,,0.046307,30.7385706,2.07604071,33.0263716,0.0806311792,1.8368479,0.128661939,0.0298996972,0.0793393074,0.00129187178,0.0,0.696938,30.88135689,55.9988,12.0523,0.472449,25.51026435
thickness+bandgap.iv,6,12,1.247,3.97,,0.06664,30.6720999,2.12251135,33.0263716,0.0841090399,1.8798294,0.12867263,0.0299002805,0.0827224,0.00138663993,0.0,0.696938,30.88135689,55.9988,12.0523,0.472449,25.51026435
thickness+bandgap.iv,6,13,1.247,3.97,,0.086985,30.6029696,2.17164161,33.0263716,0.0879005312,1.92515682,0.128683421,0.0299008452,0.0864092293,0.00149130191,0.0,0.696938,30.88135689,55.9988,12.0523,0.472449,25.51026435
thickness+bandgap.iv,6,14,1.247,3.97,,0.107345,30.5309091,2.22370214,33.0263716,0.0920453142,1.97306111,0.128694318,0.0299013928,0.0904381717,0.00160714252,0.0,0.696938,30.88135689,55.9988,12.0523,0.472449,25.51026435
thickness+bandgap.iv,6,15,1.247,3.97,,0.127722,30.455604,2.27900725,33.0263716,0.0965892086,2.02381079,0.128705329,0.0299019246,0.0948535675,0.00173564111,0.0,0.696938,30.88135689,55.9988,12.0523,0.472449,25.51026435
thickness+bandgap.iv,6,16,1.247,3.97,,0.148117,30.3766839,2.33792726,33.0263716,0.101585318,2.07772304,0.128716462,0.0299024423,0.0997068127,0.00187850504,0.0,0.696938,30.88135689,55.9988,12.0523,0.472449,25.51026435
thickness+bandgap.iv,6,17,1.247,3.97,,0.168531,30.2937041,2.4009071,33.0263716,0.107095398,2.13518103,0.128727726,0.0299029477,0.105057688,0.00203770965,0.0,0.696938,30.88135689,55.9988,12.0523,0.472449,25.51026435
thickness+bandgap.iv,6,18,1.247,3.97,,0.188969,30.2061152,2.46849589,33.0263716,0.113191531,2.19666178,0.128739131,0.029903443,0.110975985,0.00221554618,0.0,0.696938,30.88135689,55.9988,12.0523,0.472449,25.51026435
thickness+bandgap.iv,6,19,1.247,3.97,,0.209434,30.1132152,2.54139592,33.0263716,0.119958195,2.2627831,0.12875069,0.0299039308,0.117543516,0.00241467953,0.0,0.696938,30.88135689,55.9988,12.0523,0.472449,25.51026435
thickness+bandgap.iv,6,20,1.247,3.97,,0.22993,30.0140646,2.62054642,33.0263716,0.127494835,2.33438476,0.128762412,0.0299044143,0.124856617,0.00263821806,0.0,0.696938,30.88135689,55.9988,12.0523,0.472449,25.51026435
thickness+bandgap.iv,6,21,1.247,3.97,,0.250463,29.9073403,2.70727069,33.0263716,0.135919111,2.41267237,0.128774313,0.0299048979,0.133029313,0.0028897984,0.0,0.696938,30.88135689,55.9988,12.0523,0.472449,25.51026435
thickness+bandgap.iv,6,22,1.247,3.97,,0.271045,29.7910727,2.80353829,33.0263716,0.145371042,2.49947546,0.128786406,0.0299053876,0.142197354,0.00317368859,0.0,0.696938,30.88135689,55.9988,12.0523,0.472449,25.51026435
thickness+bandgap.iv,6,23,1.247,3.97,,0.291689,29.6621738,2.91243716,33.0263716,0.156018373,2.59771418,0.128798708,0.0299058927,0.152523459,0.00349491369,0.0,0.696938,30.88135689,55.9988,12.0523,0.472449,25.51026435
thickness+bandgap.iv,6,24,1.247,3.97,,0.312422,29.5155847,3.03902622,33.0263716,0.168063623,2.71224494,0.128811237,0.0299064274,0.164204215,0.00385940806,0.0,0.696938,30.88135689,55.9988,12.0523,0.472449,25.51026435
thickness+bandgap.iv,6,25,1.247,3.97,,0.333286,29.3427383,3.19187261,33.0263716,0.181753414,2.85138817,0.128824009,0.0299070157,0.177479216,0.00427419778,0.0,0.696938,30.88135689,55.9988,12.0523,0.472449,25.51026435
thickness+bandgap.iv,6,26,1.247,3.97,,0.354356,29.128808,3.38580283,33.0263716,0.197390817,3.02966726,0.128837046,0.0299076987,0.192643204,0.00474761288,0.0,0.696938,30.88135689,55.9988,12.0523,0.472449,25.51026435
thickness+bandgap.iv,6,27,1.247,3.97,,0.375761,28.847852,3.64675879,33.0263716,0.215351275,3.2726486,0.128850364,0.0299085478,0.210061756,0.00528951918,0.0,0.696938,30.88135689,55.9988,12.0523,0.472449,25.51026435
thickness+bandgap.iv,6,28,1.247,3.97,,0.397728,28.454444,4.02016667,33.0263716,0.236101641,3.62529136,0.128863978,0.0299096888,0.230190107,0.00591153428,0.0,0.696938,30.88135689,55.9988,12.0523,0.472449,25.51026435
thickness+bandgap.iv,6,29,1.247,3.97,,0.420651,27.8698244,4.58478606,33.0263716,0.260218428,4.1657784,0.128877894,0.0299113431,0.253591293,0.00662713545,0.0,0.696938,30.88135689,55.9988,12.0523,0.472449,25.51026435
thickness+bandgap.iv,6,30,1.247,3.97,,0.445197,26.9605856,5.47402463,33.0263716,0.28839248,5.02682616,0.128892098,0.0299138961,0.280941039,0.00745144074,0.0,0.696938,30.88135689,55.9988,12.0523,0.472449,25.51026435
thickness+bandgap.iv,6,31,1.247,3.97,,0.472449,25.5102644,6.9043453,33.0263716,0.321387954,6.4241328,0.128906542,0.0299180058,0.312987777,0.00840017709,0.0,0.696938,30.88135689,55.9988,12.0523,0.472449,25.51026435
thickness+bandgap.iv,6,32,1.247,3.97,,0.504034,23.1932817,9.20132687,33.0263716,0.35988888,8.68259212,0.12892111,0.0299247603,0.350402066,0.00948681367,0.0,0.696938,30.88135689,55.9988,12.0523,0.472449,25.51026435
thickness+bandgap.iv,6,33,1.247,3.97,,0.542086,19.5828404,12.7917704,33.0263716,0.404124778,12.2287742,0.128935585,0.0299358797,0.393408117,0.0107166609,0.0,0.696938,30.88135689,55.9988,12.0523,0.472449,25.51026435
thickness+bandgap.iv,6,34,1.247,3.97,,0.588704,14.2591605,18.0954501,33.0263716,0.453191009,17.4833556,0.128949599,0.0299538526,0.441118617,0.0120723929,0.0,0.696938,30.88135689,55.9988,12.0523,0.472449,25.51026435
thickness+bandgap.iv,6,35,1.247,3.97,,0.644566,7.08680198,25.2478061,33.0263716,0.504226953,24.5846346,0.1289626,0.029981927,0.490730419,0.0134965343,0.0,0.696938,30.88135689,55.9988,12.0523,0.472449,25.51026435
thickness+bandgap.iv,6,36,1.247,3.97,,0.707029,-1.40575949,33.7203685,33.0263716,0.552225859,33.0091452,0.128973886,0.0300235579,0.537347659,0.0148782003,0.0,0.696938,30.88135689,55.9988,12.0523,0.472449,25.51026435
thickness+bandgap.iv,6,37,1.247,3.97,,0.769587,-9.91738436,42.2119937,33.0263716,0.591653418,41.4612772,0.128982805,0.0300802811,0.575585447,0.0160679714,0.0,0.696938,30.88135689,55.9988,12.0523,0.472449,25.51026435
thickness+bandgap.iv,6,38,1.247,3.97,,0.824844,-16.9688372,49.243443,33.0263716,0.619428979,48.464871,0.128989069,0.0301538681,0.602477658,0.016951321,0.0,0.696938,30.88135689,55.9988,12.0523,0.472449,25.51026435
thickness+bandgap.iv,6,39,1.247,3.97,,0.869131,-21.8262118,54.0808189,33.0263716,0.636370839,53.2852147,0.128992948,0.0302404235,0.618851655,0.017519184,0.0,0.696938,30.88135689,55.9988,12.0523,0.472449,25.51026435
thickness+bandgap.iv,6,40,1.247,3.97,,0.903604,-24.720896,56.9555015,33.0263716,0.645695461,56.150476,0.128995124,0.030334855,0.627853937,0.0178415233,0.0,0.696938,30.88135689,55.9988,12.0523,0.472449,25.51026435
thickness+bandgap.iv,6,41,1.247,3.97,,0.931528,-26.3055859,58.5201903,33.0263716,0.650547258,57.7102132,0.128996272,0.0304335354,0.632534545,0.0180127129,0.0,0.696938,30.88135689,55.9988,12.0523,0.472449,25.51026435
thickness+bandgap.iv,6,42,1.247,3.97,,0.955762,-27.1524529,59.3470558,33.0263716,0.65304884,58.534478,0.128996869,0.0305321153,0.634946854,0.0181019861,0.0,0.696938,30.88135689,55.9988,12.0523,0.472449,25.51026435
thickness+bandgap.iv,6,43,1.247,3.97,,0.978104,-27.6207178,59.7953195,33.0263716,0.654386801,58.9813043,0.12899719,0.0306312685,0.636236763,0.0181500378,0.0,0.696938,30.88135689,55.9988,12.0523,0.472449,25.51026435
thickness+bandgap.iv,6,44,1.247,3.97,,0.999511,-27.9022232,60.0568307,33.0263716,0.65514052,59.2419631,0.128997369,0.0307297597,0.636960352,0.0181801682,0.0,0.696938,30.88135689,55.9988,12.0523,0.472449,25.51026435
thickness+bandgap.iv,6,45,1.247,3.97,,1.020463,-28.0925976,60.2271994,33.0263716,0.65566295,59.4117123,0.128997497,0.0308266829,0.637466857,0.0181960938,0.0,0.696938,30.88135689,55.9988,12.0523,0.472449,25.51026435
thickness+bandgap.iv,6,46,1.247,3.97,,1.041189,-28.2377524,60.3523547,33.0263716,0.656030169,59.5364056,0.128997586,0.0309213265,0.637820777,0.0182093923,0.0,0.696938,30.88135689,55.9988,12.0523,0.472449,25.51026435
thickness+bandgap.iv,6,47,1.247,3.97,,1.061802,-28.3603358,60.4549381,33.0263716,0.656330224,59.6385945,0.128997658,0.0310156683,0.638109947,0.0182202771,0.0,0.696938,30.88135689,55.9988,12.0523,0.472449,25.51026435
thickness+bandgap.iv,6,48,1.247,3.97,,1.082352,-28.4703881,60.5449897,33.0263716,0.656592983,59.7282906,0.128997722,0.0311083284,0.638363163,0.0182298194,0.0,0.696938,30.88135689,55.9988,12.0523,0.472449,25.51026435
thickness+bandgap.iv,6,49,1.247,3.97,,1.102865,-28.57291,60.6275121,33.0263716,0.656833263,59.8104814,0.12899778,0.0311996186,0.638594708,0.0182385541,0.0,0.696938,30.88135689,55.9988,12.0523,0.472449,25.51026435
thickness+bandgap.iv,6,50,1.247,3.97,,1.123352,-28.6703775,60.704979,33.0263716,0.65705839,59.8876326,0.128997835,0.0312901435,0.638811645,0.0182467451,0.0,0.696938,30.88135689,55.9988,12.0523,0.472449,25.51026435
thickness+bandgap.iv,6,51,1.247,3.97,,1.143818,-28.7636912,60.7782933,33.0263716,0.657271102,59.9606455,0.128997886,0.031378789,0.639016615,0.0182544875,0.0,0.696938,30.88135689,55.9988,12.0523,0.472449,25.51026435
thickness+bandgap.iv,6,52,1.247,3.97,,1.16427,-28.8540611,60.8486631,33.0263716,0.657474896,60.0307239,0.128997936,0.0314663796,0.639212979,0.0182619166,0.0,0.696938,30.88135689,55.9988,12.0523,0.472449,25.51026435
thickness+bandgap.iv,6,53,1.247,3.97,,1.184708,-28.9416319,60.9162339,33.0263716,0.657670306,60.0980128,0.128997983,0.0315527838,0.639401265,0.018269041,0.0,0.696938,30.88135689,55.9988,12.0523,0.472449,25.51026435
thickness+bandgap.iv,6,54,1.247,3.97,,1.205134,-29.0267336,60.9813356,33.0263716,0.657858267,60.1628406,0.128998029,0.0316386846,0.639582366,0.018275901,0.0,0.696938,30.88135689,55.9988,12.0523,0.472449,25.51026435
thickness+bandgap.iv,6,55,1.247,3.97,,1.225548,-29.1095121,61.0441134,33.0263716,0.658039264,60.2253525,0.128998073,0.0317235882,0.639756754,0.0182825098,0.0,0.696938,30.88135689,55.9988,12.0523,0.472449,25.51026435
thickness+bandgap.iv,6,56,1.247,3.97,,1.245951,-29.1901112,61.1047131,33.0263716,0.658213734,60.2856937,0.128998115,0.0318075343,0.63992485,0.0182888841,0.0,0.696938,30.88135689,55.9988,12.0523,0.472449,25.51026435
thickness+bandgap.iv,6,57,1.247,3.97,,1.266343,-29.2686354,61.1632373,33.0263716,0.658382003,60.3439671,0.128998156,0.0318900057,0.640086967,0.0182950356,0.0,0.696938,30.88135689,55.9988,12.0523,0.472449,25.51026435
thickness+bandgap.iv,6,58,1.247,3.97,,1.286725,-29.345022,61.2196239,33.0263716,0.658543911,60.4001103,0.128998196,0.0319714402,0.640242953,0.0183009578,0.0,0.696938,30.88135689,55.9988,12.0523,0.472449,25.51026435
thickness+bandgap.iv,6,59,1.247,3.97,,1.307099,-29.4197826,61.2743845,33.0263716,0.65870095,60.4546334,0.128998234,0.0320518861,0.640394245,0.0183067054,0.0,0.696938,30.88135689,55.9988,12.0523,0.472449,25.51026435
thickness+bandgap.iv,6,60,1.247,3.97,,1.327464,-29.4928845,61.3274857,33.0263716,0.658853037,60.5075023,0.128998271,0.0321321308,0.640540762,0.0183122745,0.0,0.696938,30.88135689,55.9988,12.0523,0.472449,25.51026435
thickness+bandgap.iv,6,61,1.247,3.97,,1.347822,-29.5643658,61.378967,33.0263716,0.659000305,60.5587568,0.128998307,0.0322115716,0.640682635,0.0183176699,0.0,0.696938,30.88135689,55.9988,12.0523,0.472449,25.51026435
thickness+bandgap.iv,7,1,1.247,4.066,,-0.156627,31.3254991,1.68889287,33.0263716,0.0502475101,1.47141765,0.128514301,0.038713406,0.0498891118,0.00035839836,0.0,0.7867,30.93394912,58.8281,14.3163,0.549806,26.03873358
thickness+bandgap.iv,7,2,1.247,4.066,,-0.136393,31.2786908,1.71570031,33.0263716,0.0515020265,1.49695453,0.128523936,0.0387198216,0.0511223543,0.000379672164,0.0,0.7867,30.93394912,58.8281,14.3163,0.549806,26.03873358
thickness+bandgap.iv,7,3,1.247,4.066,,-0.116154,31.2308827,1.74350844,33.0263716,0.0528284894,1.52342032,0.128533612,0.0387260156,0.052425819,0.000402670404,0.0,0.7867,30.93394912,58.8281,14.3163,0.549806,26.03873358
thickness+bandgap.iv,7,4,1.247,4.066,,-0.09591,31.1820108,1.77238028,33.0263716,0.0542333047,1.55087166,0.128543332,0.0387319899,0.053805735,0.00042756973,0.0,0.7867,30.93394912,58.8281,14.3163,0.549806,26.03873358
thickness+bandgap.iv,7,5,1.247,4.066,,-0.07566,31.1320065,1.80238455,33.0263716,0.0557236235,1.57937009,0.128553097,0.0387377464,0.0552690551,0.000454568359,0.0,0.7867,30.93394912,58.8281,14.3163,0.549806,26.03873358
thickness+bandgap.iv,7,6,1.247,4.066,,-0.055404,31.0807947,1.83359635,33.0263716,0.0573074445,1.60898271,0.128562911,0.0387432871,0.0568235555,0.000483889021,0.0,0.7867,30.93394912,58.8281,14.3163,0.549806,26.03873358
thickness+bandgap.iv,7,7,1.247,4.066,,-0.035141,31.028293,1.86609794,33.0263716,0.0589937345,1.63978282,0.128572774,0.0387486143,0.0584779521,0.000515782412,0.0,0.7867,30.93394912,58.8281,14.3163,0.549806,26.03873358
thickness+bandgap.iv,7,8,1.247,4.066,,-0.014872,30.9744113,1.89997968,33.0263716,0.0607925683,1.67185069,0.12858269,0.0387537303,0.0602420371,0.000550531196,0.0,0.7867,30.93394912,58.8281,14.3163,0.549806,26.03873358
thickness+bandgap.iv,7,9,1.247,4.066,,0.005405,30.9190499,1.93534099,33.0263716,0.0627152923,1.7052744,0.128592661,0.0387586377,0.0621268376,0.000588454631,0.0,0.7867,30.93394912,58.8281,14.3163,0.549806,26.03873358
thickness+bandgap.iv,7,10,1.247,4.066,,0.02569,30.8620992,1.97229164,33.0263716,0.0647747164,1.7401509,0.12860269,0.0387633393,0.0641448025,0.000629913951,0.0,0.7867,30.93394912,58.8281,14.3163,0.549806,26.03873358
thickness+bandgap.iv,7,11,1.247,4.066,,0.045983,30.8034377,2.01095309,33.0263716,0.0669853398,1.77658714,0.12861278,0.0387678381,0.0663100212,0.00067531862,0.0,0.7867,30.93394912,58.8281,14.3163,0.549806,26.03873358
thickness+bandgap.iv,7,12,1.247,4.066,,0.066285,30.7429306,2.05146016,33.0263716,0.0693636175,1.81470147,0.128622934,0.0387721371,0.0686384839,0.000725133622,0.0,0.7867,30.93394912,58.8281,14.3163,0.549806,26.03873358
thickness+bandgap.iv,7,13,1.247,4.066,,0.086598,30.6804277,2.09396296,33.0263716,0.0719282774,1.85462529,0.128633156,0.0387762398,0.0711483894,0.000779887982,0.0,0.7867,30.93394912,58.8281,14.3163,0.549806,26.03873358
thickness+bandgap.iv,7,14,1.247,4.066,,0.106921,30.6157614,2.13862922,33.0263716,0.0747006994,1.89650492,0.12864345,0.0387801499,0.0738605147,0.00084018474,0.0,0.7867,30.93394912,58.8281,14.3163,0.549806,26.03873358
thickness+bandgap.iv,7,15,1.247,4.066,,0.127256,30.5487435,2.18564704,33.0263716,0.0777053732,1.94050398,0.12865382,0.0387838711,0.0767986606,0.000906712668,0.0,0.7867,30.93394912,58.8281,14.3163,0.549806,26.03873358
thickness+bandgap.iv,7,16,1.247,4.066,,0.147604,30.479162,2.23522836,33.0263716,0.0809704565,1.98680623,0.12866427,0.0387874077,0.0799901964,0.000980260064,0.0,0.7867,30.93394912,58.8281,14.3163,0.549806,26.03873358
thickness+bandgap.iv,7,17,1.247,4.066,,0.167966,30.4067771,2.28761318,33.0263716,0.0845284671,2.03561914,0.128674804,0.0387907639,0.083466736,0.00106173106,0.0,0.7867,30.93394912,58.8281,14.3163,0.549806,26.03873358
thickness+bandgap.iv,7,18,1.247,4.066,,0.188343,30.3313151,2.34307504,33.0263716,0.0884171577,2.08717851,0.128685429,0.0387939446,0.0872649928,0.00115216496,0.0,0.7867,30.93394912,58.8281,14.3163,0.549806,26.03873358
thickness+bandgap.iv,7,19,1.247,4.066,,0.208738,30.2524617,2.40192835,33.0263716,0.092680652,2.14175459,0.12869615,0.0387969548,0.0914278926,0.00125275933,0.0,0.7867,30.93394912,58.8281,14.3163,0.549806,26.03873358
thickness+bandgap.iv,7,20,1.247,4.066,,0.229151,30.1698514,2.46453851,33.0263716,0.0973709664,2.19966078,0.128706972,0.0387997998,0.0960060687,0.00136489764,0.0,0.7867,30.93394912,58.8281,14.3163,0.549806,26.03873358
thickness+bandgap.iv,7,21,1.247,4.066,,0.249585,30.0830529,2.53133674,33.0263716,0.10255013,2.26126622,0.128717901,0.0388024853,0.101059947,0.0014901827,0.0,0.7867,30.93394912,58.8281,14.3163,0.549806,26.03873358
thickness+bandgap.iv,7,22,1.247,4.066,,0.270042,29.9915468,2.60284272,33.0263716,0.108293252,2.3270155,0.128728946,0.0388050175,0.106662774,0.00163047749,0.0,0.7867,30.93394912,58.8281,14.3163,0.549806,26.03873358
thickness+bandgap.iv,7,23,1.247,4.066,,0.290527,29.8946882,2.67970106,33.0263716,0.114693131,2.39746041,0.128740113,0.038807403,0.112905175,0.00178795563,0.0,0.7867,30.93394912,58.8281,14.3163,0.549806,26.03873358
thickness+bandgap.iv,7,24,1.247,4.066,,0.311042,29.7916468,2.76274214,33.0263716,0.12186739,2.47331369,0.128751409,0.0388096492,0.119902225,0.00196516514,0.0,0.7867,30.93394912,58.8281,14.3163,0.549806,26.03873358
thickness+bandgap.iv,7,25,1.247,4.066,,0.331593,29.6813017,2.85308691,33.0263716,0.129969724,2.55554258,0.128762844,0.0388117641,0.127804613,0.00216511114,0.0,0.7867,30.93394912,58.8281,14.3163,0.549806,26.03873358
thickness+bandgap.iv,7,26,1.247,4.066,,0.35219,29.5620571,2.95233122,33.0263716,0.139207778,2.64553526,0.128774425,0.0388137572,0.136816411,0.00239136732,0.0,0.7867,30.93394912,58.8281,14.3163,0.549806,26.03873358
thickness+bandgap.iv,7,27,1.247,4.066,,0.372842,29.431513,3.06287488,33.0263716,0.149871464,2.74540162,0.128786163,0.0388156399,0.14722323,0.00264823405,0.0,0.7867,30.93394912,58.8281,14.3163,0.549806,26.03873358
thickness+bandgap.iv,7,28,1.247,4.066,,0.393571,29.285874,3.18851344,33.0263716,0.162377307,2.85852064,0.128798066,0.0388174271,0.15943633,0.002940977,0.0,0.7867,30.93394912,58.8281,14.3163,0.549806,26.03873358
thickness+bandgap.iv,7,29,1.247,4.066,,0.414406,29.1188807,3.33550607,33.0263716,0.177336921,2.99053987,0.128810144,0.0388191395,0.174060709,0.00327621216,0.0,0.7867,30.93394912,58.8281,14.3163,0.549806,26.03873358
thickness+bandgap.iv,7,30,1.247,4.066,,0.435401,28.9198857,3.5145006,33.0263716,0.19566125,3.15119614,0.128822406,0.0388208081,0.191998681,0.00366256831,0.0,0.7867,30.93394912,58.8281,14.3163,0.549806,26.03873358
thickness+bandgap.iv,7,31,1.247,4.066,,0.456648,28.670402,3.74398332,33.0263716,0.218717493,3.35760849,0.128834858,0.0388224825,0.214605605,0.00411188816,0.0,0.7867,30.93394912,58.8281,14.3163,0.549806,26.03873358
thickness+bandgap.iv,7,32,1.247,4.066,,0.47831,28.3380019,4.05638225,33.0263716,0.248562471,3.64014802,0.128847507,0.0388242458,0.24392099,0.004641481,0.0,0.7867,30.93394912,58.8281,14.3163,0.549806,26.03873358
thickness+bandgap.iv,7,33,1.247,4.066,,0.500671,27.8657791,4.50860371,33.0263716,0.288281002,4.05263612,0.128860349,0.0388262405,0.283002605,0.00527839677,0.0,0.7867,30.93394912,58.8281,14.3163,0.549806,26.03873358
thickness+bandgap.iv,7,34,1.247,4.066,,0.524225,27.1549703,5.19941018,33.0263716,0.342446185,4.68926191,0.128873373,0.0388287147,0.336378791,0.00606739399,0.0,0.7867,30.93394912,58.8281,14.3163,0.549806,26.03873358
thickness+bandgap.iv,7,35,1.247,4.066,,0.549806,26.0387336,6.29564373,33.0263716,0.41764783,5.71027726,0.128886546,0.0388320982,0.410562935,0.00708489472,0.0,0.7867,30.93394912,58.8281,14.3163,0.549806,26.03873358
thickness+bandgap.iv,7,36,1.247,4.066,,0.578752,24.2496459,8.06472373,33.0263716,0.522805289,7.37418151,0.128899804,0.0388371228,0.514345351,0.00845993733,0.0,0.7867,30.93394912,58.8281,14.3163,0.549806,26.03873358
thickness+bandgap.iv,7,37,1.247,4.066,,0.613004,21.3991575,10.8952317,33.0263716,0.668424593,10.0590491,0.128913023,0.038845001,0.658029496,0.0103950969,0.0,0.7867,30.93394912,58.8281,14.3163,0.549806,26.03873358
thickness+bandgap.iv,7,38,1.247,4.066,,0.654887,17.0226152,15.2517709,33.0263716,0.863122094,14.2208652,0.128926007,0.0388575626,0.849973165,0.0131489292,0.0,0.7867,30.93394912,58.8281,14.3163,0.549806,26.03873358
thickness+bandgap.iv,7,39,1.247,4.066,,0.706112,10.7775913,21.4767854,33.0263716,1.10575222,20.2032174,0.128938425,0.0388773624,1.0888361,0.0169161217,0.0,0.7867,30.93394912,58.8281,14.3163,0.549806,26.03873358
thickness+bandgap.iv,7,40,1.247,4.066,,0.765884,2.82313689,29.4112399,33.0263716,1.37569559,27.8676871,0.128949783,0.038907397,1.3541329,0.0215626836,0.0,0.7867,30.93394912,58.8281,14.3163,0.549806,26.03873358
thickness+bandgap.iv,7,41,1.247,4.066,,0.829346,-5.86926692,38.0835945,33.0263716,1.63291965,36.2827661,0.128959477,0.0389492314,1.60649085,0.0264288041,0.0,0.7867,30.93394912,58.8281,14.3163,0.549806,26.03873358
thickness+bandgap.iv,7,42,1.247,4.066,,0.888928,-13.7856311,45.9799906,33.0263716,1.83733948,43.9746783,0.128966949,0.0390059296,1.80673146,0.0306080256,0.0,0.7867,30.93394912,58.8281,14.3163,0.549806,26.03873358
thickness+bandgap.iv,7,43,1.247,4.066,,0.938749,-19.7498413,51.9241937,33.0263716,1.97345082,49.7826959,0.128972034,0.0390749131,1.9399007,0.0335501211,0.0,0.7867,30.93394912,58.8281,14.3163,0.549806,26.03873358
thickness+bandgap.iv,7,44,1.247,4.066,,0.977779,-23.5557299,55.7100394,33.0263716,2.05231715,53.4895942,0.128975104,0.0391529556,2.01700053,0.035316624,0.0,0.7867,30.93394912,58.8281,14.3163,0.549806,26.03873358
thickness+bandgap.iv,7,45,1.247,4.066,,1.008597,-25.7194755,57.8537439,33.0263716,2.09424855,55.5912828,0.128976796,0.0392357452,2.05797272,0.036275829,0.0,0.7867,30.93394912,58.8281,14.3163,0.549806,26.03873358
thickness+bandgap.iv,7,46,1.247,4.066,,1.034418,-26.8835081,58.9977476,33.0263716,2.11581337,56.7136368,0.128977686,0.0393198007,2.07903857,0.0367748045,0.0,0.7867,30.93394912,58.8281,14.3163,0.549806,26.03873358
thickness+bandgap.iv,7,47,1.247,4.066,,1.057563,-27.5126186,59.6068411,33.0263716,2.12706209,57.3113963,0.128978157,0.0394045265,2.0900254,0.0370366905,0.0,0.7867,30.93394912,58.8281,14.3163,0.549806,26.03873358
thickness+bandgap.iv,7,48,1.247,4.066,,1.079365,-27.8729509,59.9472897,33.0263716,2.1331282,57.645694,0.128978407,0.0394890269,2.09594258,0.0371856277,0.0,0.7867,30.93394912,58.8281,14.3163,0.549806,26.03873358
thickness+bandgap.iv,7,49,1.247,4.066,,1.100509,-28.1018585,60.1561954,33.0263716,2.1369121,57.8507326,0.128978567,0.039572194,2.09963765,0.0372744504,0.0,0.7867,30.93394912,58.8281,14.3163,0.549806,26.03873358
thickness+bandgap.iv,7,50,1.247,4.066,,1.121331,-28.2661334,60.3004693,33.0263716,2.13951363,57.9923238,0.128978678,0.0396532513,2.10217802,0.0373356067,0.0,0.7867,30.93394912,58.8281,14.3163,0.549806,26.03873358
thickness+bandgap.iv,7,51,1.247,4.066,,1.141993,-28.3986155,60.4129508,33.0263716,2.1415351,58.1027029,0.128978764,0.0397340324,2.10415192,0.0373831807,0.0,0.7867,30.93394912,58.8281,14.3163,0.549806,26.03873358
thickness+bandgap.iv,7,52,1.247,4.066,,1.162571,-28.5141843,60.5085191,33.0263716,2.14324803,58.1964789,0.128978837,0.0398132642,2.1058245,0.0374235278,0.0,0.7867,30.93394912,58.8281,14.3163,0.549806,26.03873358
thickness+bandgap.iv,7,53,1.247,4.066,,1.183101,-28.620151,60.5944854,33.0263716,2.14478527,58.2808296,0.128978902,0.0398916081,2.10732551,0.0374597638,0.0,0.7867,30.93394912,58.8281,14.3163,0.549806,26.03873358
thickness+bandgap.iv,7,54,1.247,4.066,,1.2036,-28.7199674,60.6743014,33.0263716,2.14620953,58.3591445,0.128978963,0.0399684114,2.10871617,0.0374933586,0.0,0.7867,30.93394912,58.8281,14.3163,0.549806,26.03873358
thickness+bandgap.iv,7,55,1.247,4.066,,1.224076,-28.8151438,60.7494775,33.0263716,2.14754843,58.4329062,0.12897902,0.040043795,2.11002347,0.0375249566,0.0,0.7867,30.93394912,58.8281,14.3163,0.549806,26.03873358
thickness+bandgap.iv,7,56,1.247,4.066,,1.244535,-28.9070622,60.8213956,33.0263716,2.14882683,58.5034714,0.128979075,0.0401182787,2.11127168,0.0375551481,0.0,0.7867,30.93394912,58.8281,14.3163,0.549806,26.03873358
thickness+bandgap.iv,7,57,1.247,4.066,,1.26498,-28.9960527,60.8903859,33.0263716,2.15005104,58.5711636,0.128979128,0.0401921213,2.11246697,0.0375840735,0.0,0.7867,30.93394912,58.8281,14.3163,0.549806,26.03873358
thickness+bandgap.iv,7,58,1.247,4.066,,1.285412,-29.0823524,60.9566852,33.0263716,2.1512255,58.6362161,0.128979178,0.0402645039,2.11361367,0.0376118377,0.0,0.7867,30.93394912,58.8281,14.3163,0.549806,26.03873358
thickness+bandgap.iv,7,59,1.247,4.066,,1.305831,-29.1662864,61.020619,33.0263716,2.15235619,58.6989472,0.128979227,0.0403364106,2.11471761,0.0376385803,0.0,0.7867,30.93394912,58.8281,14.3163,0.549806,26.03873358
thickness+bandgap.iv,7,60,1.247,4.066,,1.32624,-29.2479657,61.082298,33.0263716,2.15344527,58.7594661,0.128979274,0.0404074114,2.11578092,0.037664351,0.0,0.7867,30.93394912,58.8281,14.3163,0.549806,26.03873358
thickness+bandgap.iv,7,61,1.247,4.066,,1.346636,-29.3272753,61.1416072,33.0263716,2.15449119,58.8176602,0.128979319,0.0404764795,2.11680209,0.0376890982,0.0,0.7867,30.93394912,58.8281,14.3163,0.549806,26.03873358
thickness+bandgap.iv,8,1,1.247,4.165,,-0.156234,31.2468884,1.76733228,33.0263716,0.0462171777,1.54934317,0.128475543,0.0432963908,0.0461509605,6.62171047e-05,0.0,0.83277,30.82987518,59.7707,15.3456,0.589939,26.01223351
thickness+bandgap.iv,8,2,1.247,4.165,,-0.135985,31.197031,1.79718454,33.0263716,0.0472200099,1.57815799,0.128484034,0.0433225004,0.0471480571,7.19527998e-05,0.0,0.83277,30.82987518,59.7707,15.3456,0.589939,26.01223351
thickness+bandgap.iv,8,3,1.247,4.165,,-0.11573,31.1460508,1.82816454,33.0263716,0.0482737936,1.6080502,0.128492506,0.0433480448,0.0481955047,7.82889299e-05,0.0,0.83277,30.82987518,59.7707,15.3456,0.589939,26.01223351
thickness+bandgap.iv,8,4,1.247,4.165,,-0.095469,31.0938755,1.86033917,33.0263716,0.0493827345,1.63908247,0.128500956,0.0433730099,0.0492974372,8.52973036e-05,0.0,0.83277,30.82987518,59.7707,15.3456,0.589939,26.01223351
thickness+bandgap.iv,8,5,1.247,4.165,,-0.075202,31.040434,1.89378028,33.0263716,0.0505515272,1.67132199,0.128509384,0.0433973819,0.0504584678,9.30593479e-05,0.0,0.83277,30.82987518,59.7707,15.3456,0.589939,26.01223351
thickness+bandgap.iv,8,6,1.247,4.165,,-0.054928,30.9856478,1.92856562,33.0263716,0.0517854071,1.70484128,0.128517785,0.0434211475,0.0516837397,0.000101667426,0.0,0.83277,30.82987518,59.7707,15.3456,0.589939,26.01223351
thickness+bandgap.iv,8,7,1.247,4.165,,-0.034647,30.9294337,1.96477946,33.0263716,0.0530902279,1.73971878,0.128526159,0.0434442933,0.0529790014,0.000111226441,0.0,0.83277,30.82987518,59.7707,15.3456,0.589939,26.01223351
thickness+bandgap.iv,8,8,1.247,4.165,,-0.014358,30.8716989,2.0025133,33.0263716,0.0544725514,1.77603944,0.128534501,0.0434668064,0.0543506957,0.000121855701,0.0,0.83277,30.82987518,59.7707,15.3456,0.589939,26.01223351
thickness+bandgap.iv,8,9,1.247,4.165,,0.005938,30.8123444,2.04186672,33.0263716,0.0559397546,1.81389548,0.128542808,0.0434886742,0.0558060635,0.000133691081,0.0,0.83277,30.82987518,59.7707,15.3456,0.589939,26.01223351
thickness+bandgap.iv,8,10,1.247,4.165,,0.026244,30.7512625,2.08294823,33.0263716,0.057500154,1.85338711,0.128551079,0.0435098845,0.0573532664,0.000146887547,0.0,0.83277,30.82987518,59.7707,15.3456,0.589939,26.01223351
thickness+bandgap.iv,8,11,1.247,4.165,,0.046558,30.6883329,2.12587642,33.0263716,0.0591631545,1.89462353,0.128559309,0.0435304259,0.0590015324,0.000161622102,0.0,0.83277,30.82987518,59.7707,15.3456,0.589939,26.01223351
thickness+bandgap.iv,8,12,1.247,4.165,,0.066883,30.6234275,2.17078112,33.0263716,0.0609394267,1.93772391,0.128567496,0.0435502877,0.0607613295,0.000178097232,0.0,0.83277,30.82987518,59.7707,15.3456,0.589939,26.01223351
thickness+bandgap.iv,8,13,1.247,4.165,,0.087218,30.5564029,2.21780485,33.0263716,0.0628411193,1.98281864,0.128575636,0.0435694603,0.0626445743,0.000196544954,0.0,0.83277,30.82987518,59.7707,15.3456,0.589939,26.01223351
thickness+bandgap.iv,8,14,1.247,4.165,,0.107564,30.4871012,2.26710448,33.0263716,0.0648821177,2.0300507,0.128583726,0.0435879347,0.0646648861,0.000217231582,0.0,0.83277,30.82987518,59.7707,15.3456,0.589939,26.01223351
thickness+bandgap.iv,8,15,1.247,4.165,,0.127923,30.4153519,2.31885314,33.0263716,0.0670783611,2.07957731,0.128591763,0.0436057035,0.0668378977,0.000240463355,0.0,0.83277,30.82987518,59.7707,15.3456,0.589939,26.01223351
thickness+bandgap.iv,8,16,1.247,4.165,,0.148295,30.3409604,2.37324253,33.0263716,0.0694482374,2.13157179,0.128599742,0.0436227606,0.0691816443,0.000266593109,0.0,0.83277,30.82987518,59.7707,15.3456,0.589939,26.01223351
thickness+bandgap.iv,8,17,1.247,4.165,,0.168681,30.2637342,2.43048406,33.0263716,0.0720132468,2.18622405,0.128607654,0.0436391028,0.0717172174,0.000296029448,0.0,0.83277,30.82987518,59.7707,15.3456,0.589939,26.01223351
thickness+bandgap.iv,8,18,1.247,4.165,,0.189083,30.1833997,2.49081836,33.0263716,0.0747980506,2.24375008,0.128615508,0.043654724,0.0744688088,0.000329241708,0.0,0.83277,30.82987518,59.7707,15.3456,0.589939,26.01223351
thickness+bandgap.iv,8,19,1.247,4.165,,0.209501,30.0997077,2.55451023,33.0263716,0.077832225,2.30438509,0.128623294,0.0436696245,0.0774654472,0.000366777863,0.0,0.83277,30.82987518,59.7707,15.3456,0.589939,26.01223351
thickness+bandgap.iv,8,20,1.247,4.165,,0.229938,30.012358,2.62185966,33.0263716,0.0811509461,2.3683939,0.128631009,0.0436838048,0.0807416717,0.000409274394,0.0,0.83277,30.82987518,59.7707,15.3456,0.589939,26.01223351
thickness+bandgap.iv,8,21,1.247,4.165,,0.250395,29.9210104,2.69320702,33.0263716,0.0847969248,2.43607417,0.12863865,0.0436972677,0.0843394504,0.000457474371,0.0,0.83277,30.82987518,59.7707,15.3456,0.589939,26.01223351
thickness+bandgap.iv,8,22,1.247,4.165,,0.270874,29.8252753,2.76894191,33.0263716,0.0888231367,2.50776255,0.128646213,0.043710018,0.0883108879,0.000512248799,0.0,0.83277,30.82987518,59.7707,15.3456,0.589939,26.01223351
thickness+bandgap.iv,8,23,1.247,4.165,,0.291376,29.7247012,2.84951564,33.0263716,0.0932970943,2.58384279,0.128653696,0.0437220627,0.0927224705,0.000574623813,0.0,0.83277,30.82987518,59.7707,15.3456,0.589939,26.01223351
thickness+bandgap.iv,8,24,1.247,4.165,,0.311906,29.6187571,2.93545937,33.0263716,0.0983076982,2.66475717,0.128661095,0.0437334112,0.0976618818,0.000645816384,0.0,0.83277,30.82987518,59.7707,15.3456,0.589939,26.01223351
thickness+bandgap.iv,8,25,1.247,4.165,,0.332466,29.506804,3.02741201,33.0263716,0.103976366,2.75102316,0.128668408,0.0437440751,0.103249083,0.000727283162,0.0,0.83277,30.82987518,59.7707,15.3456,0.589939,26.01223351
thickness+bandgap.iv,8,26,1.247,4.165,,0.35306,29.3880511,3.12616452,33.0263716,0.110475135,2.84325969,0.128675633,0.0437540686,0.109654344,0.000820790988,0.0,0.83277,30.82987518,59.7707,15.3456,0.589939,26.01223351
thickness+bandgap.iv,8,27,1.247,4.165,,0.373693,29.2614824,3.23273265,33.0263716,0.118055871,2.94223061,0.128682767,0.0437634084,0.117127345,0.000928525355,0.0,0.83277,30.82987518,59.7707,15.3456,0.589939,26.01223351
thickness+bandgap.iv,8,28,1.247,4.165,,0.394371,29.1257346,3.34847977,33.0263716,0.127096767,3.04892108,0.128689809,0.0437721139,0.126043498,0.00105326907,0.0,0.83277,30.82987518,59.7707,15.3456,0.589939,26.01223351
thickness+bandgap.iv,8,29,1.247,4.165,,0.415106,28.9788844,3.47532927,33.0263716,0.138175305,3.164677,0.128696757,0.0437802074,0.136976589,0.00119871609,0.0,0.83277,30.82987518,59.7707,15.3456,0.589939,26.01223351
thickness+bandgap.iv,8,30,1.247,4.165,,0.43591,28.8180722,3.61614077,33.0263716,0.152181653,3.29146779,0.128703612,0.0437877147,0.150811599,0.00137005358,0.0,0.83277,30.82987518,59.7707,15.3456,0.589939,26.01223351
thickness+bandgap.iv,8,31,1.247,4.165,,0.456806,28.6388203,3.77539183,33.0263716,0.170494711,3.43239208,0.128710372,0.0437946661,0.168919625,0.00157508597,0.0,0.83277,30.82987518,59.7707,15.3456,0.589939,26.01223351
thickness+bandgap.iv,8,32,1.247,4.165,,0.477831,28.4337727,3.96043852,33.0263716,0.195257244,3.59266314,0.128717041,0.0438010988,0.193430779,0.00182646525,0.0,0.83277,30.82987518,59.7707,15.3456,0.589939,26.01223351
thickness+bandgap.iv,8,33,1.247,4.165,,0.499048,28.1903308,4.18387992,33.0263716,0.229809727,3.78153952,0.12872362,0.0438070603,0.227663543,0.00214618392,0.0,0.83277,30.82987518,59.7707,15.3456,0.589939,26.01223351
thickness+bandgap.iv,8,34,1.247,4.165,,0.520569,27.8861895,4.46801977,33.0263716,0.279376353,4.01610068,0.128730119,0.0438126167,0.27680169,0.00257466308,0.0,0.83277,30.82987518,59.7707,15.3456,0.589939,26.01223351
thickness+bandgap.iv,8,35,1.247,4.165,,0.542595,27.4809709,4.85323719,33.0263716,0.352136395,4.32854638,0.128736553,0.0438178682,0.348947407,0.00318898754,0.0,0.83277,30.82987518,59.7707,15.3456,0.589939,26.01223351
thickness+bandgap.iv,8,36,1.247,4.165,,0.565496,26.9008868,5.41332026,33.0263716,0.460828101,4.77992623,0.12874295,0.0438229777,0.456689542,0.00413855887,0.0,0.83277,30.82987518,59.7707,15.3456,0.589939,26.01223351
thickness+bandgap.iv,8,37,1.247,4.165,,0.589939,26.0122335,6.28197143,33.0263716,0.624900315,5.48449352,0.128749367,0.0438282248,0.619189459,0.00571085569,0.0,0.83277,30.82987518,59.7707,15.3456,0.589939,26.01223351
thickness+bandgap.iv,8,38,1.247,4.165,,0.617093,24.5813361,7.69286655,33.0263716,0.872593425,6.64768312,0.128755904,0.0438340992,0.864155399,0.00843802636,0.0,0.83277,30.82987518,59.7707,15.3456,0.589939,26.01223351
thickness+bandgap.iv,8,39,1.247,4.165,,0.648836,22.2328211,10.0213784,33.0263716,1.24045608,8.60831815,0.128762729,0.0438414396,1.22723581,0.0132202731,0.0,0.83277,30.82987518,59.7707,15.3456,0.589939,26.01223351
thickness+bandgap.iv,8,40,1.247,4.165,,0.68769,18.4619518,13.7722515,33.0263716,1.7643145,11.8353154,0.128770087,0.0438515841,1.74299392,0.02132058,0.0,0.83277,30.82987518,59.7707,15.3456,0.589939,26.01223351
thickness+bandgap.iv,8,41,1.247,4.165,,0.735914,12.8171943,19.3969903,33.0263716,2.45476286,16.7695828,0.128778199,0.0438663898,2.42086855,0.033894311,0.0,0.83277,30.82987518,59.7707,15.3456,0.589939,26.01223351
thickness+bandgap.iv,8,42,1.247,4.165,,0.793437,5.31251101,26.8814665,33.0263716,3.26472244,23.444069,0.128787098,0.0438879424,3.21384493,0.050877505,0.0,0.83277,30.82987518,59.7707,15.3456,0.589939,26.01223351
thickness+bandgap.iv,8,43,1.247,4.165,,0.856112,-3.22232323,35.3969449,33.0263716,4.0847503,31.1394802,0.128796359,0.0439180079,4.01462352,0.0701267865,0.0,0.83277,30.82987518,59.7707,15.3456,0.589939,26.01223351
thickness+bandgap.iv,8,44,1.247,4.165,,0.916961,-11.392191,43.5457883,33.0263716,4.79052233,38.5825037,0.128804928,0.0439573893,4.70247635,0.0880459716,0.0,0.83277,30.82987518,59.7707,15.3456,0.589939,26.01223351
thickness+bandgap.iv,8,45,1.247,4.165,,0.969687,-17.9374558,50.0722585,33.0263716,5.3102444,44.5891964,0.128811937,0.0440057062,5.20821818,0.102026219,0.0,0.83277,30.82987518,59.7707,15.3456,0.589939,26.01223351
thickness+bandgap.iv,8,46,1.247,4.165,,1.012036,-22.4071847,54.5205014,33.0263716,5.64001929,48.7076041,0.128816738,0.0440613336,5.52890111,0.111118182,0.0,0.83277,30.82987518,59.7707,15.3456,0.589939,26.01223351
thickness+bandgap.iv,8,47,1.247,4.165,,1.045404,-25.0807715,57.1745116,33.0263716,5.82963181,51.1719385,0.1288197,0.044121601,5.71314997,0.116481841,0.0,0.83277,30.82987518,59.7707,15.3456,0.589939,26.01223351
thickness+bandgap.iv,8,48,1.247,4.165,,1.072794,-26.5588556,58.6322364,33.0263716,5.93028085,52.5289505,0.128821321,0.0441837013,5.81094333,0.119337522,0.0,0.83277,30.82987518,59.7707,15.3456,0.589939,26.01223351
thickness+bandgap.iv,8,49,1.247,4.165,,1.096775,-27.3549998,59.4099933,33.0263716,5.98523021,53.251694,0.128822248,0.0442468367,5.86426618,0.120964031,0.0,0.83277,30.82987518,59.7707,15.3456,0.589939,26.01223351
thickness+bandgap.iv,8,50,1.247,4.165,,1.119002,-27.8004106,59.8355807,33.0263716,6.01432779,53.6481202,0.128822736,0.0443099693,5.89252252,0.12180526,0.0,0.83277,30.82987518,59.7707,15.3456,0.589939,26.01223351
thickness+bandgap.iv,8,51,1.247,4.165,,1.140356,-28.0711745,60.0864316,33.0263716,6.03138685,53.8818494,0.128823024,0.0443723717,5.90908824,0.122298611,0.0,0.83277,30.82987518,59.7707,15.3456,0.589939,26.01223351
thickness+bandgap.iv,8,52,1.247,4.165,,1.161289,-28.2577714,60.2513401,33.0263716,6.04060109,54.037483,0.128823162,0.0444328152,5.91809348,0.122507612,0.0,0.83277,30.82987518,59.7707,15.3456,0.589939,26.01223351
thickness+bandgap.iv,8,53,1.247,4.165,,1.182004,-28.4007308,60.3742929,33.0263716,6.04886016,54.1521163,0.128823302,0.0444932067,5.92611503,0.122745134,0.0,0.83277,30.82987518,59.7707,15.3456,0.589939,26.01223351
thickness+bandgap.iv,8,54,1.247,4.165,,1.20261,-28.5219448,60.4755015,33.0263716,6.05564812,54.2464774,0.128823417,0.0445526045,5.93270768,0.122940438,0.0,0.83277,30.82987518,59.7707,15.3456,0.589939,26.01223351
thickness+bandgap.iv,8,55,1.247,4.165,,1.223156,-28.6311861,60.5647405,33.0263716,6.06162828,54.3296779,0.128823519,0.0446108092,5.93851563,0.123112649,0.0,0.83277,30.82987518,59.7707,15.3456,0.589939,26.01223351
thickness+bandgap.iv,8,56,1.247,4.165,,1.243666,-28.7331677,60.6467212,33.0263716,6.06711706,54.4061125,0.128823612,0.0446680224,5.94384625,0.123270805,0.0,0.83277,30.82987518,59.7707,15.3456,0.589939,26.01223351
thickness+bandgap.iv,8,57,1.247,4.165,,1.264151,-28.8302282,60.7237814,33.0263716,6.07227154,54.4779615,0.1288237,0.0447246342,5.94885214,0.123419398,0.0,0.83277,30.82987518,59.7707,15.3456,0.589939,26.01223351
thickness+bandgap.iv,8,58,1.247,4.165,,1.284616,-28.9232065,60.7967596,33.0263716,6.07714824,54.5460078,0.128823784,0.0447797508,5.95358821,0.123560031,0.0,0.83277,30.82987518,59.7707,15.3456,0.589939,26.01223351
thickness+bandgap.iv,8,59,1.247,4.165,,1.305066,-29.0132853,60.8668386,33.0263716,6.08182703,54.6113535,0.128823864,0.0448342696,5.95813203,0.123695006,0.0,0.83277,30.82987518,59.7707,15.3456,0.589939,26.01223351
thickness+bandgap.iv,8,60,1.247,4.165,,1.325503,-29.1005931,60.9341465,33.0263716,6.08631658,54.6741181,0.128823941,0.0448879281,5.96249203,0.123824556,0.0,0.83277,30.82987518,59.7707,15.3456,0.589939,26.01223351
thickness+bandgap.iv,8,61,1.247,4.165,,1.345927,-29.1854512,60.9990048,33.0263716,6.09063892,54.7346007,0.128824015,0.044941167,5.96668961,0.123949315,0.0,0.83277,30.82987518,59.7707,15.3456,0.589939,26.01223351
thickness+bandgap.iv,9,1,1.247,4.266,,-0.15624,31.2479838,1.76636594,33.0263716,0.0485759336,1.54559656,0.128349832,0.0438436148,0.0484427423,0.000133191369,0.0,0.825851,30.80397521,57.482,14.6231,0.572226,25.55479164
thickness+bandgap.iv,9,2,1.247,4.266,,-0.135981,31.1962064,1.79813304,33.0263716,0.04968224,1.57621315,0.128353734,0.043883917,0.0495408511,0.000141388977,0.0,0.825851,30.80397521,57.482,14.6231,0.572226,25.55479164
thickness+bandgap.iv,9,3,1.247,4.266,,-0.115715,31.1429379,1.83140085,33.0263716,0.0508419745,1.60827727,0.128357535,0.0439240722,0.0506919186,0.000150055904,0.0,0.825851,30.80397521,57.482,14.6231,0.572226,25.55479164
thickness+bandgap.iv,9,4,1.247,4.266,,-0.09544,31.0880625,1.86628833,33.0263716,0.052059044,1.64190398,0.128361232,0.0439640764,0.0518998263,0.000159217772,0.0,0.825851,30.80397521,57.482,14.6231,0.572226,25.55479164
thickness+bandgap.iv,9,5,1.247,4.266,,-0.075157,31.0314192,1.90293147,33.0263716,0.0533375296,1.67722518,0.128364854,0.0440039081,0.0531685946,0.000168935025,0.0,0.825851,30.80397521,57.482,14.6231,0.572226,25.55479164
thickness+bandgap.iv,9,6,1.247,4.266,,-0.054864,30.9728788,1.94147174,33.0263716,0.0546822209,1.71437756,0.12836839,0.0440435676,0.0545029885,0.000179232449,0.0,0.825851,30.80397521,57.482,14.6231,0.572226,25.55479164
thickness+bandgap.iv,9,7,1.247,4.266,,-0.034561,30.9122831,1.98206738,33.0263716,0.0560983124,1.75351418,0.12837184,0.0440830467,0.0559081608,0.00019015161,0.0,0.825851,30.80397521,57.482,14.6231,0.572226,25.55479164
thickness+bandgap.iv,9,8,1.247,4.266,,-0.014247,30.849458,2.02489231,33.0263716,0.0575915613,1.7948032,0.128375208,0.0441223365,0.0573898225,0.00020173883,0.0,0.825851,30.80397521,57.482,14.6231,0.572226,25.55479164
thickness+bandgap.iv,9,9,1.247,4.266,,0.006079,30.7842125,2.07013762,33.0263716,0.0591683697,1.83842933,0.128378496,0.0441614268,0.0589543237,0.000214045988,0.0,0.825851,30.80397521,57.482,14.6231,0.572226,25.55479164
thickness+bandgap.iv,9,10,1.247,4.266,,0.026418,30.7163368,2.11801319,33.0263716,0.0608358813,1.8845953,0.128381704,0.044200306,0.0606087497,0.000227131505,0.0,0.825851,30.80397521,57.482,14.6231,0.572226,25.55479164
thickness+bandgap.iv,9,11,1.247,4.266,,0.046772,30.6456005,2.16874931,33.0263716,0.062602099,1.93352341,0.128384836,0.044238961,0.0623610374,0.000241061549,0.0,0.825851,30.80397521,57.482,14.6231,0.572226,25.55479164
thickness+bandgap.iv,9,12,1.247,4.266,,0.067141,30.5717512,2.2225984,33.0263716,0.0644760274,1.9854571,0.128387893,0.0442773767,0.0642201159,0.000255911512,0.0,0.825851,30.80397521,57.482,14.6231,0.572226,25.55479164
thickness+bandgap.iv,9,13,1.247,4.266,,0.087527,30.4945127,2.27983675,33.0263716,0.0664678487,2.04066249,0.128390878,0.0443155361,0.0661960809,0.000271767846,0.0,0.825851,30.80397521,57.482,14.6231,0.572226,25.55479164
thickness+bandgap.iv,9,14,1.247,4.266,,0.107932,30.4135831,2.34076618,33.0263716,0.0685891427,2.09942983,0.128393792,0.0443534192,0.0683004124,0.000288730333,0.0,0.825851,30.80397521,57.482,14.6231,0.572226,25.55479164
thickness+bandgap.iv,9,15,1.247,4.266,,0.128357,30.3286334,2.4057157,33.0263716,0.0708531663,2.16207489,0.128396639,0.0443910034,0.0705462513,0.000306914936,0.0,0.825851,30.80397521,57.482,14.6231,0.572226,25.55479164
thickness+bandgap.iv,9,16,1.247,4.266,,0.148803,30.2393058,2.475043,33.0263716,0.0732752175,2.2289401,0.12839942,0.0444282623,0.0729487601,0.000326457362,0.0,0.825851,30.80397521,57.482,14.6231,0.572226,25.55479164
thickness+bandgap.iv,9,17,1.247,4.266,,0.169274,30.1452127,2.54913591,33.0263716,0.0758731185,2.30039549,0.128402137,0.0444651654,0.0755256009,0.000347517573,0.0,0.825851,30.80397521,57.482,14.6231,0.572226,25.55479164
thickness+bandgap.iv,9,18,1.247,4.266,,0.18977,30.0459347,2.62841364,33.0263716,0.0786678765,2.37683929,0.128404794,0.0445016774,0.078297591,0.000370285492,0.0,0.825851,30.80397521,57.482,14.6231,0.572226,25.55479164
thickness+bandgap.iv,9,19,1.247,4.266,,0.210295,29.94102,2.71332809,33.0263716,0.0816846151,2.45869832,0.128407393,0.0445377574,0.0812896268,0.000394988292,0.0,0.825851,30.80397521,57.482,14.6231,0.572226,25.55479164
thickness+bandgap.iv,9,20,1.247,4.266,,0.23085,29.8299824,2.80436541,33.0263716,0.08495393,2.54642818,0.128409937,0.0445733583,0.0845320303,0.000421899741,0.0,0.825851,30.80397521,57.482,14.6231,0.572226,25.55479164
thickness+bandgap.iv,9,21,1.247,4.266,,0.251439,29.7122991,2.90204842,33.0263716,0.0885139305,2.64051364,0.128412429,0.0446084255,0.0880625782,0.000451352317,0.0,0.825851,30.80397521,57.482,14.6231,0.572226,25.55479164
thickness+bandgap.iv,9,22,1.247,4.266,,0.272063,29.5874061,3.0069411,33.0263716,0.0924134052,2.74146992,0.128414871,0.0446428966,0.0919296521,0.000483753104,0.0,0.825851,30.80397521,57.482,14.6231,0.572226,25.55479164
thickness+bandgap.iv,9,23,1.247,4.266,,0.292727,29.4546896,3.11965717,33.0263716,0.0967168584,2.84984634,0.128417268,0.0446767003,0.0961972533,0.000519605047,0.0,0.825851,30.80397521,57.482,14.6231,0.572226,25.55479164
thickness+bandgap.iv,9,24,1.247,4.266,,0.313433,29.3134696,3.24087682,33.0263716,0.101512659,2.96623478,0.128419623,0.0447097562,0.100953123,0.000559536162,0.0,0.825851,30.80397521,57.482,14.6231,0.572226,25.55479164
thickness+bandgap.iv,9,25,1.247,4.266,,0.334185,29.1629678,3.37137826,33.0263716,0.10692634,3.091288,0.128421941,0.0447419744,0.106321999,0.000604341262,0.0,0.825851,30.80397521,57.482,14.6231,0.572226,25.55479164
thickness+bandgap.iv,9,26,1.247,4.266,,0.354989,29.0022496,3.51209607,33.0263716,0.113142283,3.2257563,0.128424225,0.0447732563,0.112487239,0.000655044625,0.0,0.825851,30.80397521,57.482,14.6231,0.572226,25.55479164
thickness+bandgap.iv,9,27,1.247,4.266,,0.375849,28.830118,3.66422721,33.0263716,0.120438756,3.37055848,0.12842648,0.044803496,0.119725756,0.000712999866,0.0,0.825851,30.80397521,57.482,14.6231,0.572226,25.55479164
thickness+bandgap.iv,9,28,1.247,4.266,,0.396775,28.6449238,3.82942081,33.0263716,0.129243674,3.52691584,0.128428714,0.0448325822,0.128463615,0.000780059292,0.0,0.825851,30.80397521,57.482,14.6231,0.572226,25.55479164
thickness+bandgap.iv,9,29,1.247,4.266,,0.417779,28.4442287,4.01011558,33.0263716,0.140221826,3.69660242,0.128430931,0.044860403,0.139362948,0.000858877812,0.0,0.825851,30.80397521,57.482,14.6231,0.572226,25.55479164
thickness+bandgap.iv,9,30,1.247,4.266,,0.438879,28.2242042,4.21013942,33.0263716,0.154409312,3.88241011,0.128433141,0.0448868504,0.153455828,0.000953483753,0.0,0.825851,30.80397521,57.482,14.6231,0.572226,25.55479164
thickness+bandgap.iv,9,31,1.247,4.266,,0.460107,27.9785643,4.43577889,33.0263716,0.173419103,4.08901261,0.128435354,0.0449118278,0.172348717,0.00107038576,0.0,0.825851,30.80397521,57.482,14.6231,0.572226,25.55479164
thickness+bandgap.iv,9,32,1.247,4.266,,0.481517,27.696645,4.69769775,33.0263716,0.199754959,4.32456995,0.128437587,0.0449352587,0.198534199,0.00122075996,0.0,0.825851,30.80397521,57.482,14.6231,0.572226,25.55479164
thickness+bandgap.iv,9,33,1.247,4.266,,0.5032,27.359955,5.01438747,33.0263716,0.237290446,4.60370006,0.128439863,0.0449570974,0.235865645,0.00142480057,0.0,0.825851,30.80397521,57.482,14.6231,0.572226,25.55479164
thickness+bandgap.iv,9,34,1.247,4.266,,0.52532,26.9360074,5.41833441,33.0263716,0.291991111,4.95292373,0.12844222,0.0449773433,0.290270789,0.00172032258,0.0,0.825851,30.80397521,57.482,14.6231,0.572226,25.55479164
thickness+bandgap.iv,9,35,1.247,4.266,,0.548162,26.3675527,5.96678874,33.0263716,0.372959711,5.42038825,0.128444725,0.0449960614,0.370780316,0.00217939517,0.0,0.825851,30.80397521,57.482,14.6231,0.572226,25.55479164
thickness+bandgap.iv,9,36,1.247,4.266,,0.572226,25.5547916,6.75954945,33.0263716,0.493799025,6.09228952,0.12844749,0.0450134134,0.490860084,0.0029389404,0.0,0.825851,30.80397521,57.482,14.6231,0.572226,25.55479164
thickness+bandgap.iv,9,37,1.247,4.266,,0.598353,24.3294744,7.9648662,33.0263716,0.673938759,7.11744703,0.128450707,0.0450297082,0.669687302,0.00425145698,0.0,0.825851,30.80397521,57.482,14.6231,0.572226,25.55479164
thickness+bandgap.iv,9,38,1.247,4.266,,0.627861,22.4277605,9.84657946,33.0263716,0.938637684,8.73444162,0.128454684,0.0450454743,0.932086407,0.00655127745,0.0,0.825851,30.80397521,57.482,14.6231,0.572226,25.55479164
thickness+bandgap.iv,9,39,1.247,4.266,,0.662544,19.4912127,12.7631266,33.0263716,1.31472945,11.2748757,0.12845987,0.0450615393,1.30423901,0.0104904381,0.0,0.825851,30.80397521,57.482,14.6231,0.572226,25.55479164
thickness+bandgap.iv,9,40,1.247,4.266,,0.704215,15.1569817,17.077304,33.0263716,1.81852107,15.0852371,0.128466809,0.0450790488,1.80169975,0.0168213214,0.0,0.825851,30.80397521,57.482,14.6231,0.572226,25.55479164
thickness+bandgap.iv,9,41,1.247,4.266,,0.753612,9.27762786,22.9366648,33.0263716,2.43770038,20.3253892,0.128475842,0.0450993768,2.4117026,0.025997774,0.0,0.825851,30.80397521,57.482,14.6231,0.572226,25.55479164
thickness+bandgap.iv,9,42,1.247,4.266,,0.809178,2.16443039,30.0300697,33.0263716,3.12106392,26.735395,0.128486891,0.0451238133,3.08341714,0.0376467802,0.0,0.825851,30.80397521,57.482,14.6231,0.572226,25.55479164
thickness+bandgap.iv,9,43,1.247,4.266,,0.867018,-5.40367205,37.5782597,33.0263716,3.79156695,33.6130401,0.128499225,0.0451534701,3.7411517,0.0504152517,0.0,0.825851,30.80397521,57.482,14.6231,0.572226,25.55479164
thickness+bandgap.iv,9,44,1.247,4.266,,0.92229,-12.4579515,44.6125015,33.0263716,4.37549847,40.0633026,0.128511488,0.0451889735,4.31300854,0.0624899319,0.0,0.825851,30.80397521,57.482,14.6231,0.572226,25.55479164
thickness+bandgap.iv,9,45,1.247,4.266,,0.971086,-18.2172266,50.3518104,33.0263716,4.82708798,45.3509695,0.128522184,0.0452307348,4.7547055,0.0723824825,0.0,0.825851,30.80397521,57.482,14.6231,0.572226,25.55479164
thickness+bandgap.iv,9,46,1.247,4.266,,1.011701,-22.3402199,54.4545731,33.0263716,5.13721943,49.1435456,0.128530323,0.0452777083,5.05779476,0.0794246683,0.0,0.825851,30.80397521,57.482,14.6231,0.572226,25.55479164
thickness+bandgap.iv,9,47,1.247,4.266,,1.044757,-24.9514423,57.0452603,33.0263716,5.32758574,51.5438094,0.128535638,0.0453294947,5.24374279,0.0838429485,0.0,0.825851,30.80397521,57.482,14.6231,0.572226,25.55479164
thickness+bandgap.iv,10,1,1.247,4.37,,-0.156459,31.2917672,1.7226566,33.0263716,0.057543717,1.49308595,0.127939667,0.0440872652,0.0569808483,0.000562868713,0.0,0.774879,30.77348867,51.5972,12.3037,0.495961,24.80786877
thickness+bandgap.iv,10,2,1.247,4.37,,-0.136169,31.2338118,1.76061673,33.0263716,0.0590867167,1.52945994,0.12794171,0.044128369,0.0585040038,0.000582712876,0.0,0.774879,30.77348867,51.5972,12.3037,0.495961,24.80786877
thickness+bandgap.iv,10,3,1.247,4.37,,-0.115868,31.1735031,1.8009253,33.0263716,0.0607127105,1.56809953,0.127943756,0.0441693061,0.0601091982,0.000603512298,0.0,0.774879,30.77348867,51.5972,12.3037,0.495961,24.80786877
thickness+bandgap.iv,10,4,1.247,4.37,,-0.095553,31.1106309,1.84379723,33.0263716,0.0624287631,1.6092126,0.127945774,0.0442100941,0.0618035037,0.000625259369,0.0,0.774879,30.77348867,51.5972,12.3037,0.495961,24.80786877
thickness+bandgap.iv,10,5,1.247,4.37,,-0.075225,31.0449576,1.8894703,33.0263716,0.0642422604,1.65302954,0.127947767,0.0442507321,0.0635942473,0.000648013178,0.0,0.774879,30.77348867,51.5972,12.3037,0.495961,24.80786877
thickness+bandgap.iv,10,6,1.247,4.37,,-0.054881,30.9762209,1.93820663,33.0263716,0.0661614163,1.69980426,0.127949734,0.0442912189,0.0654895782,0.000671838095,0.0,0.774879,30.77348867,51.5972,12.3037,0.495961,24.80786877
thickness+bandgap.iv,10,7,1.247,4.37,,-0.034521,30.9041324,1.99029485,33.0263716,0.0681954013,1.74981621,0.12795168,0.0443315534,0.0674985969,0.000696804361,0.0,0.774879,30.77348867,51.5972,12.3037,0.495961,24.80786877
thickness+bandgap.iv,10,8,1.247,4.37,,-0.014142,30.8283749,2.0460523,33.0263716,0.0703545005,1.80337246,0.127953604,0.0443717341,0.0696315116,0.000722988847,0.0,0.774879,30.77348867,51.5972,12.3037,0.495961,24.80786877
thickness+bandgap.iv,10,9,1.247,4.37,,0.006257,30.7485995,2.10582722,33.0263716,0.0726503091,1.86080964,0.12795551,0.0444117596,0.0718998331,0.000750475951,0.0,0.774879,30.77348867,51.5972,12.3037,0.495961,24.80786877
thickness+bandgap.iv,10,10,1.247,4.37,,0.026678,30.6644251,2.17000091,33.0263716,0.0750959785,1.9224959,0.1279574,0.0444516279,0.0743166199,0.000779358667,0.0,0.774879,30.77348867,51.5972,12.3037,0.495961,24.80786877
thickness+bandgap.iv,10,11,1.247,4.37,,0.047123,30.5754357,2.23898973,33.0263716,0.0777065315,1.98883258,0.127959275,0.044491337,0.0768967916,0.000809739865,0.0,0.774879,30.77348867,51.5972,12.3037,0.495961,24.80786877
thickness+bandgap.iv,10,12,1.247,4.37,,0.067594,30.4811785,2.31324705,33.0263716,0.0804992712,2.06025575,0.127961139,0.0445308843,0.0796575374,0.000841733856,0.0,0.774879,30.77348867,51.5972,12.3037,0.495961,24.80786877
thickness+bandgap.iv,10,13,1.247,4.37,,0.088094,30.3811597,2.39326504,33.0263716,0.0834943244,2.13723745,0.127962994,0.0445702667,0.0826188561,0.000875468304,0.0,0.774879,30.77348867,51.5972,12.3037,0.495961,24.80786877
thickness+bandgap.iv,10,14,1.247,4.37,,0.108626,30.2748484,2.47957653,33.0263716,0.086715373,2.22028684,0.127964843,0.0446094808,0.0858042864,0.000911086611,0.0,0.774879,30.77348867,51.5972,12.3037,0.495961,24.80786877
thickness+bandgap.iv,10,15,1.247,4.37,,0.129192,30.1616673,2.57275721,33.0263716,0.0901906621,2.30995133,0.127966689,0.0446485223,0.0892419112,0.000948750926,0.0,0.774879,30.77348867,51.5972,12.3037,0.495961,24.80786877
thickness+bandgap.iv,10,16,1.247,4.37,,0.149795,30.040995,2.67342893,33.0263716,0.093954414,2.4068186,0.127968535,0.044687386,0.092965768,0.000988646001,0.0,0.774879,30.77348867,51.5972,12.3037,0.495961,24.80786877
thickness+bandgap.iv,10,17,1.247,4.37,,0.170439,29.9121583,2.7822656,33.0263716,0.0980488505,2.5115203,0.127970385,0.0447260655,0.0970178662,0.00103098423,0.0,0.774879,30.77348867,51.5972,12.3037,0.495961,24.80786877
thickness+bandgap.iv,10,18,1.247,4.37,,0.191128,29.774452,2.8999545,33.0263716,0.10252561,2.62469207,0.127972294,0.0447645256,0.101449391,0.00107621882,0.0,0.774879,30.77348867,51.5972,12.3037,0.495961,24.80786877
thickness+bandgap.iv,10,19,1.247,4.37,,0.211865,29.6269955,3.02741036,33.0263716,0.10745615,2.74717723,0.127974162,0.0448028127,0.106331919,0.0011242319,0.0,0.774879,30.77348867,51.5972,12.3037,0.495961,24.80786877
thickness+bandgap.iv,10,20,1.247,4.37,,0.232656,29.4688743,3.16553019,33.0263716,0.112929325,2.87978393,0.127976046,0.0448408867,0.111753753,0.00117557216,0.0,0.774879,30.77348867,51.5972,12.3037,0.495961,24.80786877
thickness+bandgap.iv,10,21,1.247,4.37,,0.253505,29.2989578,3.31544566,33.0263716,0.119067216,3.02352175,0.127977952,0.0448787326,0.117836553,0.00123066283,0.0,0.774879,30.77348867,51.5972,12.3037,0.495961,24.80786877
thickness+bandgap.iv,10,22,1.247,4.37,,0.274421,29.1158043,3.47859805,33.0263716,0.126038796,3.17966303,0.127979888,0.0449163316,0.124748764,0.00129003183,0.0,0.774879,30.77348867,51.5972,12.3037,0.495961,24.80786877
thickness+bandgap.iv,10,23,1.247,4.37,,0.295413,28.9174578,3.65694347,33.0263716,0.134083021,3.34992493,0.127981863,0.0449536597,0.132728663,0.00135435801,0.0,0.774879,30.77348867,51.5972,12.3037,0.495961,24.80786877
thickness+bandgap.iv,10,24,1.247,4.37,,0.316494,28.7011042,3.85329645,33.0263716,0.143543918,3.53677795,0.127983889,0.0449906859,0.142119371,0.0014245464,0.0,0.774879,30.77348867,51.5972,12.3037,0.495961,24.80786877
thickness+bandgap.iv,10,25,1.247,4.37,,0.337687,28.4625067,4.07189252,33.0263716,0.154923293,3.74395587,0.127985989,0.0450273703,0.153421437,0.00150185556,0.0,0.774879,30.77348867,51.5972,12.3037,0.495961,24.80786877
thickness+bandgap.iv,10,26,1.247,4.37,,0.359024,28.1951101,4.31928827,33.0263716,0.168958431,3.97727798,0.127988192,0.0450636605,0.167370312,0.00158811915,0.0,0.774879,30.77348867,51.5972,12.3037,0.495961,24.80786877
thickness+bandgap.iv,10,27,1.247,4.37,,0.380557,27.8886347,4.60576282,33.0263716,0.186733392,4.24593939,0.127990548,0.0450994887,0.185047254,0.00168613756,0.0,0.774879,30.77348867,51.5972,12.3037,0.495961,24.80786877
thickness+bandgap.iv,10,28,1.247,4.37,,0.402365,27.5269699,4.94742827,33.0263716,0.209831883,4.56446849,0.127993131,0.0451347668,0.208031508,0.00180037499,0.0,0.774879,30.77348867,51.5972,12.3037,0.495961,24.80786877
thickness+bandgap.iv,10,29,1.247,4.37,,0.424574,27.085136,5.36926065,33.0263716,0.240534012,4.95556119,0.127996059,0.045169382,0.238595823,0.00193818885,0.0,0.774879,30.77348867,51.5972,12.3037,0.495961,24.80786877
thickness+bandgap.iv,10,30,1.247,4.37,,0.447374,26.5252582,5.90914151,33.0263716,0.28204232,5.45389649,0.127999509,0.0452031942,0.279930383,0.00211193664,0.0,0.774879,30.77348867,51.5972,12.3037,0.495961,24.80786877
thickness+bandgap.iv,10,31,1.247,4.37,,0.471041,25.7918274,6.62257497,33.0263716,0.338684126,6.11065107,0.12800374,0.0452360369,0.336341747,0.00234237883,0.0,0.774879,30.77348867,51.5972,12.3037,0.495961,24.80786877
thickness+bandgap.iv,10,32,1.247,4.37,,0.495961,24.8078688,7.58649811,33.0263716,0.415948255,6.99727299,0.128009157,0.0452677067,0.413284336,0.00266391851,0.0,0.774879,30.77348867,51.5972,12.3037,0.495961,24.80786877
thickness+bandgap.iv,10,33,1.247,4.37,,0.522632,23.4736214,8.90075683,33.0263716,0.520257533,8.20718509,0.128016134,0.045298078,0.517128536,0.00312899693,0.0,0.774879,30.77348867,51.5972,12.3037,0.495961,24.80786877
thickness+bandgap.iv,10,34,1.247,4.37,,0.551621,21.6757354,10.6786556,33.0263716,0.65795009,9.84735322,0.128025267,0.0453270059,0.654136063,0.00381402652,0.0,0.774879,30.77348867,51.5972,12.3037,0.495961,24.80786877
thickness+bandgap.iv,10,35,1.247,4.37,,0.583467,19.3065412,13.0278124,33.0263716,0.833742831,12.020678,0.128037127,0.0453544631,0.828928178,0.00481465377,0.0,0.774879,30.77348867,51.5972,12.3037,0.495961,24.80786877
thickness+bandgap.iv,10,36,1.247,4.37,,0.618535,16.2929313,16.0214487,33.0263716,1.04903937,14.7989767,0.128052022,0.0453806367,1.04280985,0.00622952149,0.0,0.774879,30.77348867,51.5972,12.3037,0.495961,24.80786877
thickness+bandgap.iv,10,37,1.247,4.37,,0.656868,12.6263513,19.6679852,33.0263716,1.30047121,18.1940381,0.128070163,0.0454058018,1.29233617,0.00813504441,0.0,0.774879,30.77348867,51.5972,12.3037,0.495961,24.80786877
thickness+bandgap.iv,10,38,1.247,4.37,,0.698131,8.37371938,23.9006597,33.0263716,1.58036921,22.1467688,0.128091267,0.0454304565,1.56981271,0.0105565009,0.0,0.774879,30.77348867,51.5972,12.3037,0.495961,24.80786877
thickness+bandgap.iv,10,39,1.247,4.37,,0.741645,3.67104218,28.5832664,33.0263716,1.87769919,26.5319973,0.128114901,0.0454550873,1.86424644,0.0134527577,0.0,0.774879,30.77348867,51.5972,12.3037,0.495961,24.80786877
thickness+bandgap.iv,10,40,1.247,4.37,,0.786499,-1.29973763,33.5341792,33.0263716,2.18017764,31.1803808,0.128140308,0.0454804018,2.16345931,0.0167183293,0.0,0.774879,30.77348867,51.5972,12.3037,0.495961,24.80786877
thickness+bandgap.iv,10,41,1.247,4.37,,0.831575,-6.31494414,38.5295824,33.0263716,2.47516776,35.8807411,0.128166417,0.0455071187,2.45497528,0.0201924791,0.0,0.774879,30.77348867,51.5972,12.3037,0.495961,24.80786877
thickness+bandgap.iv,10,42,1.247,4.37,,0.875818,-11.163585,43.3579982,33.0263716,2.75081353,40.4334565,0.128192383,0.0455358472,2.72713474,0.0236787926,0.0,0.774879,30.77348867,51.5972,12.3037,0.495961,24.80786877
thickness+bandgap.iv,10,43,1.247,4.37,,0.918068,-15.6136889,47.7883328,33.0263716,2.99666776,44.6178808,0.128216827,0.0455674515,2.9696937,0.0269740667,0.0,0.774879,30.77348867,51.5972,12.3037,0.495961,24.80786877
thickness+bandgap.iv,10,44,1.247,4.37,,0.957305,-19.4610083,51.6154503,33.0263716,3.20337458,48.2382344,0.128238573,0.0456027355,3.17350624,0.0298683382,0.0,0.774879,30.77348867,51.5972,12.3037,0.495961,24.80786877
thickness+bandgap.iv,11,1,1.296,3.97,,-0.148881,29.7761791,1.60556823,31.3924751,0.051519287,1.38568654,0.128535543,0.0398268606,0.0509915602,0.000527726775,0.0,0.743816,29.41364307,58.3699,12.7704,0.516337,24.73262687
thickness+bandgap.iv,11,2,1.296,3.97,,-0.128652,29.7304677,1.63127892,31.3924751,0.0529091848,1.40999442,0.128545364,0.0398299503,0.0523519349,0.000557249856,0.0,0.743816,29.41364307,58.3699,12.7704,0.516337,24.73262687
thickness+bandgap.iv,11,3,1.296,3.97,,-0.108419,29.6837595,1.65798712,31.3924751,0.0543839447,1.43521501,0.128555233,0.0398329304,0.0537947907,0.000589154034,0.0,0.743816,29.41364307,58.3699,12.7704,0.516337,24.73262687
thickness+bandgap.iv,11,4,1.296,3.97,,-0.08818,29.6359871,1.68575955,31.3924751,0.0559514711,1.46140713,0.128565153,0.0398358022,0.0553277848,0.000623686315,0.0,0.743816,29.41364307,58.3699,12.7704,0.516337,24.73262687
thickness+bandgap.iv,11,5,1.296,3.97,,-0.067935,29.5870773,1.71466933,31.3924751,0.0576206156,1.48863502,0.128575127,0.0398385669,0.0569594912,0.000661124367,0.0,0.743816,29.41364307,58.3699,12.7704,0.516337,24.73262687
thickness+bandgap.iv,11,6,1.296,3.97,,-0.047685,29.5369498,1.74479682,31.3924751,0.0594013102,1.51696912,0.128585158,0.0398412259,0.0586995294,0.000701780808,0.0,0.743816,29.41364307,58.3699,12.7704,0.516337,24.73262687
thickness+bandgap.iv,11,7,1.296,3.97,,-0.027428,29.485516,1.77623057,31.3924751,0.0613047225,1.54648681,0.128595249,0.0398437807,0.0605587143,0.000746008215,0.0,0.743816,29.41364307,58.3699,12.7704,0.516337,24.73262687
thickness+bandgap.iv,11,8,1.296,3.97,,-0.007163,29.4326782,1.80906841,31.3924751,0.0633434365,1.57727334,0.128605402,0.0398462329,0.0625492315,0.000794204946,0.0,0.743816,29.41364307,58.3699,12.7704,0.516337,24.73262687
thickness+bandgap.iv,11,9,1.296,3.97,,0.013108,29.3783278,1.84341878,31.3924751,0.0655316632,1.60942291,0.128615623,0.0398485842,0.0646848413,0.000846821876,0.0,0.743816,29.41364307,58.3699,12.7704,0.516337,24.73262687
thickness+bandgap.iv,11,10,1.296,3.97,,0.033388,29.3223444,1.87940219,31.3924751,0.0678854879,1.64303995,0.128625914,0.0398508365,0.0669811176,0.00090437026,0.0,0.743816,29.41364307,58.3699,12.7704,0.516337,24.73262687
thickness+bandgap.iv,11,11,1.296,3.97,,0.053677,29.2645935,1.91715304,31.3924751,0.0704231595,1.67824061,0.128636281,0.0398529916,0.0694557286,0.000967430871,0.0,0.743816,29.41364307,58.3699,12.7704,0.516337,24.73262687
thickness+bandgap.iv,11,12,1.296,3.97,,0.073975,29.2049248,1.95682177,31.3924751,0.0731654308,1.71515456,0.128646727,0.0398550518,0.0721287661,0.00103666469,0.0,0.743816,29.41364307,58.3699,12.7704,0.516337,24.73262687
thickness+bandgap.iv,11,13,1.296,3.97,,0.094284,29.1431691,1.99857745,31.3924751,0.0761359604,1.75392722,0.128657258,0.0398570193,0.075023135,0.00111282542,0.0,0.743816,29.41364307,58.3699,12.7704,0.516337,24.73262687
thickness+bandgap.iv,11,14,1.296,3.97,,0.114604,29.0791355,2.04261101,31.3924751,0.0793617882,1.79472245,0.12866788,0.0398588966,0.0781650141,0.00119677412,0.0,0.743816,29.41364307,58.3699,12.7704,0.516337,24.73262687
thickness+bandgap.iv,11,15,1.296,3.97,,0.134937,29.0126072,2.08913924,31.3924751,0.0828739007,1.83772606,0.128678598,0.0398606863,0.0815844042,0.00128949652,0.0,0.743816,29.41364307,58.3699,12.7704,0.516337,24.73262687
thickness+bandgap.iv,11,16,1.296,3.97,,0.155283,28.9433364,2.13841006,31.3924751,0.0867079049,1.88315035,0.128689419,0.0398623912,0.0853157817,0.00139212329,0.0,0.743816,29.41364307,58.3699,12.7704,0.516337,24.73262687
thickness+bandgap.iv,11,17,1.296,3.97,,0.175645,28.8710368,2.19070959,31.3924751,0.0909048359,1.93124039,0.128700352,0.0398640144,0.0893988817,0.00150595416,0.0,0.743816,29.41364307,58.3699,12.7704,0.516337,24.73262687
thickness+bandgap.iv,11,18,1.296,3.97,,0.196023,28.7953743,2.24637213,31.3924751,0.095512129,1.98228304,0.128711402,0.0398655594,0.0938796425,0.00163248649,0.0,0.743816,29.41364307,58.3699,12.7704,0.516337,24.73262687
thickness+bandgap.iv,11,19,1.296,3.97,,0.21642,28.7159514,2.30579495,31.3924751,0.100584797,2.03662054,0.128722581,0.0398670296,0.0988113482,0.00177344922,0.0,0.743816,29.41364307,58.3699,12.7704,0.516337,24.73262687
thickness+bandgap.iv,11,20,1.296,3.97,,0.236839,28.632285,2.36946132,31.3924751,0.106186867,2.09467213,0.128733896,0.0398684292,0.104256023,0.00193084365,0.0,0.743816,29.41364307,58.3699,12.7704,0.516337,24.73262687
thickness+bandgap.iv,11,21,1.296,3.97,,0.257281,28.5437683,2.43797805,31.3924751,0.112393138,2.15696979,0.128745359,0.0398697627,0.110286146,0.00210699218,0.0,0.743816,29.41364307,58.3699,12.7704,0.516337,24.73262687
thickness+bandgap.iv,11,22,1.296,3.97,,0.277752,28.4496073,2.51213897,31.3924751,0.119291374,2.22421958,0.128756981,0.0398710353,0.116986776,0.00230459726,0.0,0.743816,29.41364307,58.3699,12.7704,0.516337,24.73262687
thickness+bandgap.iv,11,23,1.296,3.97,,0.298256,28.3487109,2.59303537,31.3924751,0.126985041,2.2974093,0.128768775,0.0398722531,0.124458229,0.00252681256,0.0,0.743816,29.41364307,58.3699,12.7704,0.516337,24.73262687
thickness+bandgap.iv,11,24,1.296,3.97,,0.318803,28.2394942,2.68225207,31.3924751,0.135596798,2.37800109,0.128780755,0.0398734242,0.132819469,0.00277732947,0.0,0.743816,29.41364307,58.3699,12.7704,0.516337,24.73262687
thickness+bandgap.iv,11,25,1.296,3.97,,0.339402,28.1195267,2.78221954,31.3924751,0.145272992,2.46827905,0.128792937,0.039874559,0.14221251,0.0030604821,0.0,0.743816,29.41364307,58.3699,12.7704,0.516337,24.73262687
thickness+bandgap.iv,11,26,1.296,3.97,,0.360076,27.9848961,2.89685012,31.3924751,0.156189556,2.57197955,0.128805337,0.0398756729,0.152808181,0.00338137481,0.0,0.743816,29.41364307,58.3699,12.7704,0.516337,24.73262687
thickness+bandgap.iv,11,27,1.296,3.97,,0.380855,27.8290583,3.03268778,31.3924751,0.168559833,2.69543318,0.128817974,0.0398767896,0.164813798,0.00374603534,0.0,0.743816,29.41364307,58.3699,12.7704,0.516337,24.73262687
thickness+bandgap.iv,11,28,1.296,3.97,,0.401796,27.6407701,3.20097605,31.3924751,0.182645017,2.84962222,0.128830865,0.0398779476,0.178483422,0.00416159538,0.0,0.743816,29.41364307,58.3699,12.7704,0.516337,24.73262687
thickness+bandgap.iv,11,29,1.296,3.97,,0.422998,27.4004086,3.42133743,31.3924751,0.198767927,3.05384626,0.128844031,0.0398792121,0.194131434,0.00463649356,0.0,0.743816,29.41364307,58.3699,12.7704,0.516337,24.73262687
thickness+bandgap.iv,11,30,1.296,3.97,,0.444632,27.0735479,3.72819809,31.3924751,0.217330348,3.34212955,0.128857486,0.039880696,0.212149668,0.00518068043,0.0,0.743816,29.41364307,58.3699,12.7704,0.516337,24.73262687
thickness+bandgap.iv,11,31,1.296,3.97,,0.467,26.6000916,4.18165425,31.3924751,0.238832121,3.77406829,0.128871242,0.0398825971,0.233026352,0.00580576812,0.0,0.743816,29.41364307,58.3699,12.7704,0.516337,24.73262687
thickness+bandgap.iv,11,32,1.296,3.97,,0.490616,25.8768843,4.88486138,31.3924751,0.263884405,4.45220642,0.128885295,0.0398852596,0.25735942,0.00652498497,0.0,0.743816,29.41364307,58.3699,12.7704,0.516337,24.73262687
thickness+bandgap.iv,11,33,1.296,3.97,,0.516337,24.7326269,6.00911845,31.3924751,0.293196033,5.54713352,0.128899614,0.039889277,0.285843415,0.00735261789,0.0,0.743816,29.41364307,58.3699,12.7704,0.516337,24.73262687
thickness+bandgap.iv,11,34,1.296,3.97,,0.545504,22.8991344,7.8226102,31.3924751,0.32748519,7.32631525,0.128914118,0.0398956453,0.319182931,0.00830225928,0.0,0.743816,29.41364307,58.3699,12.7704,0.516337,24.73262687
thickness+bandgap.iv,11,35,1.296,3.97,,0.580008,19.9983127,10.70343,31.3924751,0.367228985,10.1673665,0.12892864,0.0399059698,0.357846495,0.00938249032,0.0,0.743816,29.41364307,58.3699,12.7704,0.516337,24.73262687
thickness+bandgap.iv,11,36,1.296,3.97,,0.62203,15.5940472,15.0876989,31.3924751,0.41213976,14.5066935,0.128942881,0.0399227,0.4015508,0.0105889598,0.0,0.743816,29.41364307,58.3699,12.7704,0.516337,24.73262687
thickness+bandgap.iv,11,37,1.296,3.97,,0.673069,9.38621178,21.2755331,31.3924751,0.460390549,20.646237,0.128956372,0.0399491663,0.448504554,0.0118859944,0.0,0.743816,29.41364307,58.3699,12.7704,0.516337,24.73262687
thickness+bandgap.iv,11,38,1.296,3.97,,0.732184,1.56326297,29.0784827,31.3924751,0.508026647,28.4014982,0.128968463,0.0399893596,0.494833258,0.0131933891,0.0,0.743816,29.41364307,58.3699,12.7704,0.516337,24.73262687
thickness+bandgap.iv,11,39,1.296,3.97,,0.794546,-6.90912053,37.5308619,31.3924751,0.549678996,36.8121589,0.128978452,0.0400454835,0.535297192,0.0143818044,0.0,0.743816,29.41364307,58.3699,12.7704,0.516337,24.73262687
thickness+bandgap.iv,11,40,1.296,3.97,,0.852749,-14.5498562,45.1515988,31.3924751,0.581034777,44.4014567,0.128985843,0.0401214688,0.565708774,0.0153260027,0.0,0.743816,29.41364307,58.3699,12.7704,0.516337,24.73262687
thickness+bandgap.iv,11,41,1.296,3.97,,0.901184,-20.2367432,50.8184805,31.3924751,0.601335632,50.0479405,0.128990677,0.0402137044,0.585367737,0.0159678947,0.0,0.743816,29.41364307,58.3699,12.7704,0.516337,24.73262687
thickness+bandgap.iv,11,42,1.296,3.97,,0.939119,-23.8237575,54.3854983,31.3924751,0.612923176,53.6032639,0.128993486,0.0403177458,0.596570188,0.0163529882,0.0,0.743816,29.41364307,58.3699,12.7704,0.516337,24.73262687
thickness+bandgap.iv,11,43,1.296,3.97,,0.969233,-25.8466104,56.3883493,31.3924751,0.619072589,55.599854,0.128995003,0.0404277177,0.602511284,0.0165613051,0.0,0.743816,29.41364307,58.3699,12.7704,0.516337,24.73262687
thickness+bandgap.iv,11,44,1.296,3.97,,0.994662,-26.9323964,57.4541339,31.3924751,0.622240593,56.6623583,0.128995793,0.0405392032,0.605570368,0.0166702248,0.0,0.743816,29.41364307,58.3699,12.7704,0.516337,24.73262687
thickness+bandgap.iv,11,45,1.296,3.97,,1.017608,-27.5215024,58.0232394,31.3924751,0.62390271,57.229689,0.12899621,0.0406514552,0.607174869,0.0167278405,0.0,0.743816,29.41364307,58.3699,12.7704,0.516337,24.73262687
thickness+bandgap.iv,11,46,1.296,3.97,,1.039311,-27.8621982,58.3439358,31.3924751,0.624830017,57.549346,0.128996443,0.0407633541,0.608069879,0.0167601384,0.0,0.743816,29.41364307,58.3699,12.7704,0.516337,24.73262687
thickness+bandgap.iv,11,47,1.296,3.97,,1.060408,-28.0815443,58.5432811,31.3924751,0.625402824,57.748008,0.128996588,0.0408736072,0.608622673,0.0167801516,0.0,0.743816,29.41364307,58.3699,12.7704,0.516337,24.73262687
thickness+bandgap.iv,11,48,1.296,3.97,,1.081206,-28.2411048,58.6828427,31.3924751,0.625802089,57.8870627,0.128996689,0.0409812054,0.609007957,0.016794132,0.0,0.743816,29.41364307,58.3699,12.7704,0.516337,24.73262687
thickness+bandgap.iv,11,49,1.296,3.97,,1.101856,-28.3711838,58.7929215,31.3924751,0.626115927,57.9967204,0.128996768,0.0410884573,0.609310785,0.016805142,0.0,0.743816,29.41364307,58.3699,12.7704,0.516337,24.73262687
thickness+bandgap.iv,11,50,1.296,3.97,,1.122427,-28.485447,58.8871833,31.3924751,0.626383953,58.0906088,0.128996836,0.0411937436,0.609569396,0.0168145566,0.0,0.743816,29.41364307,58.3699,12.7704,0.516337,24.73262687
thickness+bandgap.iv,11,51,1.296,3.97,,1.142953,-28.5905931,58.9723297,31.3924751,0.626625514,58.1754099,0.128996897,0.0412974205,0.609802464,0.0168230503,0.0,0.743816,29.41364307,58.3699,12.7704,0.516337,24.73262687
thickness+bandgap.iv,11,52,1.296,3.97,,1.16345,-28.6899217,59.0516581,31.3924751,0.626850099,58.2544108,0.128996954,0.0414001728,0.610019143,0.0168309565,0.0,0.743816,29.41364307,58.3699,12.7704,0.516337,24.73262687
thickness+bandgap.iv,11,53,1.296,3.97,,1.183923,-28.7846997,59.1264355,31.3924751,0.627061609,58.3288762,0.128997008,0.0415006834,0.610223227,0.0168383822,0.0,0.743816,29.41364307,58.3699,12.7704,0.516337,24.73262687
thickness+bandgap.iv,11,54,1.296,3.97,,1.204381,-28.8762945,59.1980304,31.3924751,0.627263404,58.4001699,0.128997059,0.0416000014,0.610417882,0.0168455224,0.0,0.743816,29.41364307,58.3699,12.7704,0.516337,24.73262687
thickness+bandgap.iv,11,55,1.296,3.97,,1.224825,-28.9650029,59.2667388,31.3924751,0.62745692,58.4685863,0.128997109,0.0416985447,0.61060457,0.0168523504,0.0,0.743816,29.41364307,58.3699,12.7704,0.516337,24.73262687
thickness+bandgap.iv,11,56,1.296,3.97,,1.245255,-29.0510491,59.3327854,31.3924751,0.627642651,58.5343503,0.128997156,0.0417952232,0.610783743,0.0168589084,0.0,0.743816,29.41364307,58.3699,12.7704,0.516337,24.73262687
thickness+bandgap.iv,11,57,1.296,3.97,,1.265674,-29.1347491,59.3964865,31.3924751,0.627821511,58.5977765,0.128997202,0.0418913427,0.610956283,0.016865228,0.0,0.743816,29.41364307,58.3699,12.7704,0.516337,24.73262687
thickness+bandgap.iv,11,58,1.296,3.97,,1.286081,-29.2162124,59.4579499,31.3924751,0.627993835,58.6589724,0.128997246,0.0419863297,0.611122515,0.0168713206,0.0,0.743816,29.41364307,58.3699,12.7704,0.516337,24.73262687
thickness+bandgap.iv,11,59,1.296,3.97,,1.306478,-29.2955467,59.5172835,31.3924751,0.628159957,58.7180466,0.128997288,0.0420796001,0.611282759,0.0168771977,0.0,0.743816,29.41364307,58.3699,12.7704,0.516337,24.73262687
thickness+bandgap.iv,11,60,1.296,3.97,,1.326864,-29.3727091,59.5744458,31.3924751,0.628319781,58.7749572,0.128997329,0.0421715666,0.611436926,0.0168828553,0.0,0.743816,29.41364307,58.3699,12.7704,0.516337,24.73262687
thickness+bandgap.iv,11,61,1.296,3.97,,1.347241,-29.4481924,59.6299285,31.3924751,0.628474702,58.830194,0.128997368,0.0422624619,0.61158636,0.016888343,0.0,0.743816,29.41364307,58.3699,12.7704,0.516337,24.73262687
thickness+bandgap.iv,12,1,1.296,4.066,,-0.148668,29.733675,1.64794092,31.3924751,0.0454913495,1.42504863,0.128495029,0.0489059132,0.0453119256,0.000179423847,0.0,0.832755,29.36971232,60.288,14.7451,0.596378,24.72443994
thickness+bandgap.iv,12,2,1.296,4.066,,-0.128438,29.6875153,1.67409984,31.3924751,0.0465270707,1.45014639,0.128504428,0.0489219504,0.0463354321,0.000191638631,0.0,0.832755,29.36971232,60.288,14.7451,0.596378,24.72443994
thickness+bandgap.iv,12,3,1.296,4.066,,-0.108202,29.6403946,1.70122053,31.3924751,0.0476175499,1.47615164,0.128513866,0.04893748,0.047412647,0.000204902878,0.0,0.832755,29.36971232,60.288,14.7451,0.596378,24.72443994
thickness+bandgap.iv,12,4,1.296,4.066,,-0.087961,29.5922541,1.72936101,31.3924751,0.0487673593,1.5031178,0.128523343,0.0489525028,0.0485480339,0.000219325408,0.0,0.832755,29.36971232,60.288,14.7451,0.596378,24.72443994
thickness+bandgap.iv,12,5,1.296,4.066,,-0.067715,29.5430309,1.7585842,31.3924751,0.049981575,1.53110275,0.128532861,0.0489670201,0.0497465468,0.00023502817,0.0,0.832755,29.36971232,60.288,14.7451,0.596378,24.72443994
thickness+bandgap.iv,12,6,1.296,4.066,,-0.047463,29.4926565,1.78895852,31.3924751,0.0512658421,1.56016922,0.128542422,0.0489810336,0.0510136941,0.000252147993,0.0,0.832755,29.36971232,60.288,14.7451,0.596378,24.72443994
thickness+bandgap.iv,12,7,1.296,4.066,,-0.027205,29.4410566,1.82055844,31.3924751,0.052626452,1.59038541,0.128552029,0.0489945453,0.0523556134,0.000270838625,0.0,0.832755,29.36971232,60.288,14.7451,0.596378,24.72443994
thickness+bandgap.iv,12,8,1.296,4.066,,-0.006941,29.3881498,1.85346521,31.3924751,0.0540704299,1.62182554,0.128561682,0.0490075579,0.0537791568,0.000291273082,0.0,0.832755,29.36971232,60.288,14.7451,0.596378,24.72443994
thickness+bandgap.iv,12,9,1.296,4.066,,0.013331,29.3338473,1.88776763,31.3924751,0.0556056374,1.65457054,0.128571385,0.0490200742,0.0552919911,0.000313646352,0.0,0.832755,29.36971232,60.288,14.7451,0.596378,24.72443994
thickness+bandgap.iv,12,10,1.296,4.066,,0.03361,29.2780519,1.923563,31.3924751,0.0572408914,1.68870887,0.128581141,0.0490320978,0.0569027129,0.000338178524,0.0,0.832755,29.36971232,60.288,14.7451,0.596378,24.72443994
thickness+bandgap.iv,12,11,1.296,4.066,,0.053897,29.2206568,1.96095812,31.3924751,0.0589861021,1.72433743,0.12859095,0.0490436328,0.0586209837,0.000365118394,0.0,0.832755,29.36971232,60.288,14.7451,0.596378,24.72443994
thickness+bandgap.iv,12,12,1.296,4.066,,0.074192,29.1615444,2.00007048,31.3924751,0.0608524345,1.76156254,0.128600818,0.0490546837,0.0604576869,0.000394747647,0.0,0.832755,29.36971232,60.288,14.7451,0.596378,24.72443994
thickness+bandgap.iv,12,13,1.296,4.066,,0.094497,29.1005851,2.04102969,31.3924751,0.0628524984,1.80050119,0.128610746,0.0490652557,0.0624251127,0.000427385712,0.0,0.832755,29.36971232,60.288,14.7451,0.596378,24.72443994
thickness+bandgap.iv,12,14,1.296,4.066,,0.114812,29.0376357,2.08397904,31.3924751,0.0650005711,1.84128237,0.128620738,0.0490753546,0.0645371757,0.000463395393,0.0,0.832755,29.36971232,60.288,14.7451,0.596378,24.72443994
thickness+bandgap.iv,12,15,1.296,4.066,,0.135137,28.9725373,2.12907742,31.3924751,0.0673128622,1.88404878,0.128630798,0.0490849866,0.0668096728,0.000503189433,0.0,0.832755,29.36971232,60.288,14.7451,0.596378,24.72443994
thickness+bandgap.iv,12,16,1.296,4.066,,0.155474,28.9051131,2.17650154,31.3924751,0.0698078281,1.92895862,0.128640929,0.0490941588,0.0692605899,0.000547238175,0.0,0.832755,29.36971232,60.288,14.7451,0.596378,24.72443994
thickness+bandgap.iv,12,17,1.296,4.066,,0.175824,28.835166,2.22644852,31.3924751,0.0725065509,1.97618796,0.128651135,0.0491028787,0.0719104724,0.000596078522,0.0,0.832755,29.36971232,60.288,14.7451,0.596378,24.72443994
thickness+bandgap.iv,12,18,1.296,4.066,,0.196188,28.7624753,2.27913915,31.3924751,0.0754331978,2.02593338,0.128661422,0.0491111548,0.0747828734,0.000650324445,0.0,0.832755,29.36971232,60.288,14.7451,0.596378,24.72443994
thickness+bandgap.iv,12,19,1.296,4.066,,0.216566,28.6867926,2.33482178,31.3924751,0.0786155874,2.0784154,0.128671793,0.049118996,0.077904908,0.000710679354,0.0,0.832755,29.36971232,60.288,14.7451,0.596378,24.72443994
thickness+bandgap.iv,12,20,1.296,4.066,,0.236961,28.6078371,2.39377722,31.3924751,0.082085901,2.13388265,0.128682254,0.049126412,0.0813079503,0.00077795071,0.0,0.832755,29.36971232,60.288,14.7451,0.596378,24.72443994
thickness+bandgap.iv,12,21,1.296,4.066,,0.257374,28.5252889,2.45632523,31.3924751,0.0858815994,2.1926174,0.128692811,0.0491334132,0.0850285321,0.000853067365,0.0,0.832755,29.36971232,60.288,14.7451,0.596378,24.72443994
thickness+bandgap.iv,12,22,1.296,4.066,,0.277806,28.4387809,2.52283311,31.3924751,0.090046641,2.25494299,0.128703469,0.0491400108,0.0891095407,0.000937100251,0.0,0.832755,29.36971232,60.288,14.7451,0.596378,24.72443994
thickness+bandgap.iv,12,23,1.296,4.066,,0.298261,28.3478858,2.59372807,31.3924751,0.0946331637,2.32123446,0.128714234,0.0491462167,0.0936018765,0.00103128725,0.0,0.832755,29.36971232,60.288,14.7451,0.596378,24.72443994
thickness+bandgap.iv,12,24,1.296,4.066,,0.31874,28.2520982,2.6695155,31.3924751,0.0997039029,2.39193443,0.128725114,0.0491520435,0.0985668395,0.00113706334,0.0,0.832755,29.36971232,60.288,14.7451,0.596378,24.72443994
thickness+bandgap.iv,12,25,1.296,4.066,,0.339246,28.1508058,2.75080767,31.3924751,0.105335802,2.46757825,0.128736116,0.0491575048,0.104079704,0.0012560977,0.0,0.832755,29.36971232,60.288,14.7451,0.596378,24.72443994
thickness+bandgap.iv,12,26,1.296,4.066,,0.359784,28.0432425,2.83837078,31.3924751,0.111625584,2.54883533,0.128747247,0.049162615,0.110235244,0.0013903401,0.0,0.832755,29.36971232,60.288,14.7451,0.596378,24.72443994
thickness+bandgap.iv,12,27,1.296,4.066,,0.380358,27.9284084,2.93320463,31.3924751,0.118698547,2.63658018,0.128758516,0.0491673895,0.117156466,0.00154208055,0.0,0.832755,29.36971232,60.288,14.7451,0.596378,24.72443994
thickness+bandgap.iv,12,28,1.296,4.066,,0.400975,27.8049312,3.03668156,31.3924751,0.126722571,2.73201721,0.128769931,0.0491718453,0.125008542,0.00171402868,0.0,0.832755,29.36971232,60.288,14.7451,0.596378,24.72443994
thickness+bandgap.iv,12,29,1.296,4.066,,0.421646,27.6708196,3.15079277,31.3924751,0.135930438,2.83690483,0.128781501,0.049176001,0.134021013,0.00190942495,0.0,0.832755,29.36971232,60.288,14.7451,0.596378,24.72443994
thickness+bandgap.iv,12,30,1.296,4.066,,0.442385,27.523022,3.27859,31.3924751,0.146655004,2.95396188,0.128793237,0.0491798781,0.144522799,0.00213220571,0.0,0.832755,29.36971232,60.288,14.7451,0.596378,24.72443994
thickness+bandgap.iv,12,31,1.296,4.066,,0.463217,27.3566296,3.42498188,31.3924751,0.159383827,3.08760941,0.128805147,0.0491835031,0.156996561,0.0023872658,0.0,0.832755,29.36971232,60.288,14.7451,0.596378,24.72443994
thickness+bandgap.iv,12,32,1.296,4.066,,0.484183,27.1634394,3.59817157,31.3924751,0.174842687,3.24532473,0.128817241,0.0491869102,0.172161782,0.00268090449,0.0,0.832755,29.36971232,60.288,14.7451,0.596378,24.72443994
thickness+bandgap.iv,12,33,1.296,4.066,,0.505353,26.9293671,3.81224317,31.3924751,0.194121691,3.4401018,0.128829527,0.0491901482,0.191100065,0.00302162634,0.0,0.832755,29.36971232,60.288,14.7451,0.596378,24.72443994
thickness+bandgap.iv,12,34,1.296,4.066,,0.526851,26.6298365,4.09177296,31.3924751,0.218863568,3.69487409,0.128842012,0.0491932912,0.215441931,0.00342163701,0.0,0.832755,29.36971232,60.288,14.7451,0.596378,24.72443994
thickness+bandgap.iv,12,35,1.296,4.066,,0.548891,26.2217079,4.47990042,31.3924751,0.251539835,4.05030943,0.128854696,0.0491964593,0.247640146,0.0038996886,0.0,0.832755,29.36971232,60.288,14.7451,0.596378,24.72443994
thickness+bandgap.iv,12,36,1.296,4.066,,0.571852,25.6296314,5.0519752,31.3924751,0.295838443,4.57806933,0.128867572,0.0491998542,0.291351987,0.00448645602,0.0,0.832755,29.36971232,60.288,14.7451,0.596378,24.72443994
thickness+bandgap.iv,12,37,1.296,4.066,,0.596378,24.7244399,5.93716436,31.3924751,0.357149694,5.40193023,0.128880619,0.0492038205,0.351915419,0.00523427452,0.0,0.832755,29.36971232,60.288,14.7451,0.596378,24.72443994
thickness+bandgap.iv,12,38,1.296,4.066,,0.623534,23.2932801,7.34831869,31.3924751,0.442997549,6.72721841,0.128893787,0.0492089454,0.436764564,0.00623298517,0.0,0.832755,29.36971232,60.288,14.7451,0.596378,24.72443994
thickness+bandgap.iv,12,39,1.296,4.066,,0.654947,21.01067,9.61094397,31.3924751,0.562884776,8.86993601,0.128906978,0.049216214,0.555254774,0.00763000193,0.0,0.832755,29.36971232,60.288,14.7451,0.596378,24.72443994
thickness+bandgap.iv,12,40,1.296,4.066,,0.692772,17.4456018,13.1560105,31.3924751,0.726300706,12.2515626,0.128920031,0.0492271635,0.716666061,0.00963464542,0.0,0.832755,29.36971232,60.288,14.7451,0.596378,24.72443994
thickness+bandgap.iv,12,41,1.296,4.066,,0.739101,12.1797356,18.4018721,31.3924751,0.937073753,17.2866216,0.12893267,0.0492440442,0.924612909,0.0124608442,0.0,0.832755,29.36971232,60.288,14.7451,0.596378,24.72443994
thickness+bandgap.iv,12,42,1.296,4.066,,0.794444,5.11111523,25.4504942,31.3924751,1.1841721,24.0881079,0.128944467,0.0492697044,1.16802796,0.0161441461,0.0,0.832755,29.36971232,60.288,14.7451,0.596378,24.72443994
thickness+bandgap.iv,12,43,1.296,4.066,,0.855805,-3.16098778,33.7025733,31.3924751,1.43633086,32.0879807,0.128954854,0.0493069506,1.41602268,0.0203081772,0.0,0.832755,29.36971232,60.288,14.7451,0.596378,24.72443994
thickness+bandgap.iv,12,44,1.296,4.066,,0.916542,-11.3084147,41.8299221,31.3924751,1.6528476,39.9987536,0.128963227,0.0493576921,1.62864451,0.024203091,0.0,0.832755,29.36971232,60.288,14.7451,0.596378,24.72443994
thickness+bandgap.iv,12,45,1.296,4.066,,0.969717,-17.9434544,48.4450196,31.3924751,1.80771174,46.4589173,0.128969224,0.0494214092,1.78053147,0.0271802736,0.0,0.832755,29.36971232,60.288,14.7451,0.596378,24.72443994
thickness+bandgap.iv,12,46,1.296,4.066,,1.012289,-22.4578298,52.9393982,31.3924751,1.90228804,50.8586416,0.128973008,0.0494955537,1.87320848,0.029079558,0.0,0.832755,29.36971232,60.288,14.7451,0.596378,24.72443994
thickness+bandgap.iv,12,47,1.296,4.066,,1.045659,-25.1318967,55.5934343,31.3924751,1.95418523,53.4606981,0.128975164,0.0495757818,1.92403672,0.030148518,0.0,0.832755,29.36971232,60.288,14.7451,0.596378,24.72443994
thickness+bandgap.iv,12,48,1.296,4.066,,1.072973,-26.5945216,57.0360304,31.3924751,1.98114174,54.876254,0.128976314,0.0496582669,1.95042981,0.0307119346,0.0,0.832755,29.36971232,60.288,14.7451,0.596378,24.72443994
thickness+bandgap.iv,12,49,1.296,4.066,,1.0969,-27.3800089,57.8015012,31.3924751,1.99508511,55.6276973,0.128976918,0.0497418792,1.96407946,0.031005653,0.0,0.832755,29.36971232,60.288,14.7451,0.596378,24.72443994
thickness+bandgap.iv,12,50,1.296,4.066,,1.119091,-27.8181104,58.2195978,31.3924751,2.00259428,56.0382008,0.128977247,0.0498254451,1.97142976,0.0311645201,0.0,0.832755,29.36971232,60.288,14.7451,0.596378,24.72443994
thickness+bandgap.iv,12,51,1.296,4.066,,1.140425,-28.0850051,58.4664875,31.3924751,2.00699234,56.2806097,0.12897744,0.0499080182,1.97573453,0.0312578158,0.0,0.832755,29.36971232,60.288,14.7451,0.596378,24.72443994
thickness+bandgap.iv,12,52,1.296,4.066,,1.161341,-28.2682974,58.6297769,31.3924751,2.00988594,56.4409245,0.128977568,0.0499888629,1.97856663,0.0313193126,0.0,0.832755,29.36971232,60.288,14.7451,0.596378,24.72443994
thickness+bandgap.iv,12,53,1.296,4.066,,1.18205,-28.4099095,58.7513872,31.3924751,2.01203291,56.5603086,0.128977663,0.0500680022,1.9806679,0.0313650062,0.0,0.832755,29.36971232,60.288,14.7451,0.596378,24.72443994
thickness+bandgap.iv,12,54,1.296,4.066,,1.202653,-28.5305995,58.8520759,31.3924751,2.01380529,56.6591462,0.128977741,0.0501466478,1.98240252,0.0314027701,0.0,0.832755,29.36971232,60.288,14.7451,0.596378,24.72443994
thickness+bandgap.iv,12,55,1.296,4.066,,1.223198,-28.6395527,58.9410281,31.3924751,2.01536723,56.7464593,0.128977811,0.0502237428,1.98393115,0.0314360794,0.0,0.832755,29.36971232,60.288,14.7451,0.596378,24.72443994
thickness+bandgap.iv,12,56,1.296,4.066,,1.243707,-28.7413604,59.0228349,31.3924751,2.01680055,56.8267569,0.128977874,0.0502995538,1.98533388,0.0314666687,0.0,0.832755,29.36971232,60.288,14.7451,0.596378,24.72443994
thickness+bandgap.iv,12,57,1.296,4.066,,1.264191,-28.8382376,59.0998119,31.3924751,2.01802769,56.9024317,0.128977924,0.0503746316,1.98652961,0.0314980728,0.0,0.832755,29.36971232,60.288,14.7451,0.596378,24.72443994
thickness+bandgap.iv,12,58,1.296,4.066,,1.284656,-28.9311907,59.1726636,31.3924751,2.01941798,56.9738199,0.128977991,0.0504476992,1.9878954,0.0315225816,0.0,0.832755,29.36971232,60.288,14.7451,0.596378,24.72443994
thickness+bandgap.iv,12,59,1.296,4.066,,1.305106,-29.0212011,59.2426684,31.3924751,2.02063756,57.0425328,0.128978045,0.0505200249,1.9890889,0.0315486558,0.0,0.832755,29.36971232,60.288,14.7451,0.596378,24.72443994
thickness+bandgap.iv,12,60,1.296,4.066,,1.325542,-29.1084397,59.3099113,31.3924751,2.02180699,57.1085349,0.128978097,0.0505912371,1.99023332,0.0315736714,0.0,0.832755,29.36971232,60.288,14.7451,0.596378,24.72443994
thickness+bandgap.iv,12,61,1.296,4.066,,1.345966,-29.1932395,59.3747104,31.3924751,2.02293204,57.1721383,0.128978147,0.0506619192,1.99133429,0.0315977501,0.0,0.832755,29.36971232,60.288,14.7451,0.596378,24.72443994
thickness+bandgap.iv,13,1,1.296,4.165,,-0.148334,29.6667174,1.71471172,31.3924751,0.0435162222,1.49169737,0.128470907,0.0510272211,0.0434966383,1.95838857e-05,0.0,0.873586,29.26764783,60.0765,15.3602,0.639998,24.00047514
thickness+bandgap.iv,13,2,1.296,4.165,,-0.128083,29.6165762,1.74484835,31.3924751,0.0443949523,1.52090555,0.128479207,0.0510686345,0.04437353,2.1422355e-05,0.0,0.873586,29.26764783,60.0765,15.3602,0.639998,24.00047514
thickness+bandgap.iv,13,3,1.296,4.165,,-0.107826,29.5651989,1.77622535,31.3924751,0.0453132474,1.55131494,0.128487479,0.0511096788,0.0452897766,2.34707637e-05,0.0,0.873586,29.26764783,60.0765,15.3602,0.639998,24.00047514
thickness+bandgap.iv,13,4,1.296,4.165,,-0.087563,29.5125018,1.80892209,31.3924751,0.0462739785,1.58300205,0.12849572,0.0511503374,0.046248222,2.57565268e-05,0.0,0.873586,29.26764783,60.0765,15.3602,0.639998,24.00047514
thickness+bandgap.iv,13,5,1.296,4.165,,-0.067292,29.4583991,1.84302412,31.3924751,0.0472803202,1.61604927,0.128503929,0.0511905931,0.0472520091,2.83110695e-05,0.0,0.873586,29.26764783,60.0765,15.3602,0.639998,24.00047514
thickness+bandgap.iv,13,6,1.296,4.165,,-0.047014,29.4027989,1.87862394,31.3924751,0.0483357781,1.65054563,0.128512102,0.0512304273,0.0483046076,3.1170482e-05,0.0,0.873586,29.26764783,60.0765,15.3602,0.639998,24.00047514
thickness+bandgap.iv,13,7,1.296,4.165,,-0.026728,29.3456009,1.91582165,31.3924751,0.0494442336,1.68658736,0.128520238,0.0512698192,0.0494098573,3.43762861e-05,0.0,0.873586,29.26764783,60.0765,15.3602,0.639998,24.00047514
thickness+bandgap.iv,13,8,1.296,4.165,,-0.006433,29.2866958,1.95472559,31.3924751,0.0506099957,1.72427852,0.128528332,0.0513087466,0.0505720194,3.79763379e-05,0.0,0.873586,29.26764783,60.0765,15.3602,0.639998,24.00047514
thickness+bandgap.iv,13,9,1.296,4.165,,0.01387,29.2259679,1.99545304,31.3924751,0.0518378623,1.76373161,0.128536383,0.0513471849,0.0517958364,4.20258925e-05,0.0,0.873586,29.26764783,60.0765,15.3602,0.639998,24.00047514
thickness+bandgap.iv,13,10,1.296,4.165,,0.034184,29.163289,2.038131,31.3924751,0.0531331911,1.80506831,0.128544388,0.0513851074,0.0530866022,4.65888606e-05,0.0,0.873586,29.26764783,60.0765,15.3602,0.639998,24.00047514
thickness+bandgap.iv,13,11,1.296,4.165,,0.054507,29.0985224,2.082897,31.3924751,0.0545019851,1.84842019,0.128552343,0.051422485,0.0544502458,5.17392922e-05,0.0,0.873586,29.26764783,60.0765,15.3602,0.639998,24.00047514
thickness+bandgap.iv,13,12,1.296,4.165,,0.074842,29.0315188,2.12989999,31.3924751,0.0559509926,1.89392947,0.128560246,0.0514592862,0.0558934294,5.75631303e-05,0.0,0.873586,29.26764783,60.0765,15.3602,0.639998,24.00047514
thickness+bandgap.iv,13,13,1.296,4.165,,0.095189,28.9621162,2.17930128,31.3924751,0.0574878268,1.94174988,0.128568094,0.0514954769,0.0574236665,6.41602825e-05,0.0,0.873586,29.26764783,60.0765,15.3602,0.639998,24.00047514
thickness+bandgap.iv,13,14,1.296,4.165,,0.115549,28.8901412,2.23127555,31.3924751,0.0591211099,1.99204753,0.128575884,0.0515310205,0.0590494628,7.16470712e-05,0.0,0.873586,29.26764783,60.0765,15.3602,0.639998,24.00047514
thickness+bandgap.iv,13,15,1.296,4.165,,0.135923,28.8154032,2.286012,31.3924751,0.0608606458,2.04500186,0.128583615,0.0515658774,0.0607804866,8.01591284e-05,0.0,0.873586,29.26764783,60.0765,15.3602,0.639998,24.00047514
thickness+bandgap.iv,13,16,1.296,4.165,,0.156312,28.7376989,2.34371558,31.3924751,0.0627176315,2.10080666,0.128591282,0.051600006,0.0626277767,8.98548192e-05,0.0,0.873586,29.26764783,60.0765,15.3602,0.639998,24.00047514
thickness+bandgap.iv,13,17,1.296,4.165,,0.176716,28.6568044,2.40460836,31.3924751,0.0647049172,2.15967119,0.128598885,0.0516333618,0.0646039979,0.000100919289,0.0,0.873586,29.26764783,60.0765,15.3602,0.639998,24.00047514
thickness+bandgap.iv,13,18,1.296,4.165,,0.197138,28.5724799,2.46893113,31.3924751,0.0668373306,2.22182148,0.12860642,0.0516658984,0.0667237613,0.000113569252,0.0,0.873586,29.26764783,60.0765,15.3602,0.639998,24.00047514
thickness+bandgap.iv,13,19,1.296,4.165,,0.217578,28.4844816,2.53694533,31.3924751,0.0691322158,2.28750166,0.128613882,0.051697571,0.0690041574,0.000128058387,0.0,0.873586,29.26764783,60.0765,15.3602,0.639998,24.00047514
thickness+bandgap.iv,13,20,1.296,4.165,,0.238038,28.3924912,2.6089355,31.3924751,0.071609492,2.3569764,0.128621278,0.0517283235,0.0714648069,0.000144685144,0.0,0.873586,29.26764783,60.0765,15.3602,0.639998,24.00047514
thickness+bandgap.iv,13,21,1.296,4.165,,0.258519,28.2962148,2.6852117,31.3924751,0.0742930647,2.43053193,0.128628603,0.0517581088,0.0741292655,0.000163799206,0.0,0.873586,29.26764783,60.0765,15.3602,0.639998,24.00047514
thickness+bandgap.iv,13,22,1.296,4.165,,0.279023,28.1953126,2.76611378,31.3924751,0.0772113885,2.50847966,0.128635855,0.051786877,0.0770255764,0.00018581211,0.0,0.873586,29.26764783,60.0765,15.3602,0.639998,24.00047514
thickness+bandgap.iv,13,23,1.296,4.165,,0.299553,28.0894098,2.85201632,31.3924751,0.0803990261,2.59115968,0.128643034,0.0518145794,0.0801878175,0.000211208657,0.0,0.873586,29.26764783,60.0765,15.3602,0.639998,24.00047514
thickness+bandgap.iv,13,24,1.296,4.165,,0.32011,27.97809,2.94333584,31.3924751,0.0838988308,2.6789457,0.12865014,0.0518411694,0.0836582696,0.000240561219,0.0,0.873586,29.26764783,60.0765,15.3602,0.639998,24.00047514
thickness+bandgap.iv,13,25,1.296,4.165,,0.340696,27.8608844,3.04054118,31.3924751,0.0877653446,2.77225206,0.128657173,0.0518666042,0.0874907968,0.000274547736,0.0,0.873586,29.26764783,60.0765,15.3602,0.639998,24.00047514
thickness+bandgap.iv,13,26,1.296,4.165,,0.361314,27.7372562,3.14416906,31.3924751,0.09207023,2.87154385,0.128664132,0.0518908454,0.0917562549,0.000313975049,0.0,0.873586,29.26764783,60.0765,15.3602,0.639998,24.00047514
thickness+bandgap.iv,13,27,1.296,4.165,,0.381967,27.6065765,3.25484833,31.3924751,0.0969110933,2.97735236,0.128671018,0.0519138611,0.0965512827,0.000359810547,0.0,0.873586,29.26764783,60.0765,15.3602,0.639998,24.00047514
thickness+bandgap.iv,13,28,1.296,4.165,,0.40266,27.4680857,3.37333878,31.3924751,0.102425884,3.09029944,0.128677831,0.0519356267,0.102012657,0.000413227519,0.0,0.873586,29.26764783,60.0765,15.3602,0.639998,24.00047514
thickness+bandgap.iv,13,29,1.296,4.165,,0.423396,27.3208288,3.50059518,31.3924751,0.108816264,3.21113822,0.128684573,0.0519561261,0.10834059,0.000475674598,0.0,0.873586,29.26764783,60.0765,15.3602,0.639998,24.00047514
thickness+bandgap.iv,13,30,1.296,4.165,,0.444182,27.1635479,3.63787548,31.3924751,0.116385027,3.34082386,0.128691243,0.0519753526,0.115836037,0.000548989628,0.0,0.873586,29.26764783,60.0765,15.3602,0.639998,24.00047514
thickness+bandgap.iv,13,31,1.296,4.165,,0.465028,26.994495,3.78692787,31.3924751,0.125595067,3.48064165,0.128697843,0.0519933102,0.124959468,0.000635598817,0.0,0.873586,29.26764783,60.0765,15.3602,0.639998,24.00047514
thickness+bandgap.iv,13,32,1.296,4.165,,0.485944,26.811101,3.95032119,31.3924751,0.13716102,3.63244578,0.128704374,0.0520100143,0.136422136,0.000738884135,0.0,0.873586,29.26764783,60.0765,15.3602,0.639998,24.00047514
thickness+bandgap.iv,13,33,1.296,4.165,,0.506953,26.6093804,4.13204115,31.3924751,0.152190747,3.79911408,0.128710838,0.0520254926,0.151326858,0.000863888757,0.0,0.873586,29.26764783,60.0765,15.3602,0.639998,24.00047514
thickness+bandgap.iv,13,34,1.296,4.165,,0.528086,26.3828339,4.33858701,31.3924751,0.172404241,3.98542575,0.128717235,0.0520397869,0.171385533,0.00101870836,0.0,0.873586,29.26764783,60.0765,15.3602,0.639998,24.00047514
thickness+bandgap.iv,13,35,1.296,4.165,,0.549398,26.1204025,4.58101753,31.3924751,0.200474609,4.19976639,0.128723572,0.0520529567,0.199257332,0.00121727729,0.0,0.873586,29.26764783,60.0765,15.3602,0.639998,24.00047514
thickness+bandgap.iv,13,36,1.296,4.165,,0.570987,25.8026268,4.87879234,31.3924751,0.240560755,4.45743664,0.128729853,0.0520650855,0.239075781,0.0014849743,0.0,0.873586,29.26764783,60.0765,15.3602,0.639998,24.00047514
thickness+bandgap.iv,13,37,1.296,4.165,,0.593028,25.3944673,5.26695124,31.3924751,0.299130429,4.78700842,0.128736092,0.052076295,0.297260603,0.00186982508,0.0,0.873586,29.26764783,60.0765,15.3602,0.639998,24.00047514
thickness+bandgap.iv,13,38,1.296,4.165,,0.615839,24.8321711,5.80924634,31.3924751,0.386182799,5.24223445,0.128742315,0.0520867717,0.38371842,0.00246437868,0.0,0.873586,29.26764783,60.0765,15.3602,0.639998,24.00047514
thickness+bandgap.iv,13,39,1.296,4.165,,0.639998,24.0004751,6.62094101,31.3924751,0.51688919,5.92320643,0.128748566,0.0520968175,0.513442925,0.003446265,0.0,0.873586,29.26764783,60.0765,15.3602,0.639998,24.00047514
thickness+bandgap.iv,13,40,1.296,4.165,,0.666513,22.6974577,7.90395688,31.3924751,0.713238836,7.00985618,0.128754932,0.0521069386,0.708093491,0.0051453449,0.0,0.873586,29.26764783,60.0765,15.3602,0.639998,24.00047514
thickness+bandgap.iv,13,41,1.296,4.165,,0.697026,20.5948621,9.98655032,31.3924751,1.00399365,8.80167714,0.128761558,0.052117983,0.995865854,0.00812779181,0.0,0.873586,29.26764783,60.0765,15.3602,0.639998,24.00047514
thickness+bandgap.iv,13,42,1.296,4.165,,0.733818,17.2363438,13.3250696,31.3924751,1.41875926,11.7254104,0.128768658,0.0521312997,1.40553955,0.0132197078,0.0,0.873586,29.26764783,60.0765,15.3602,0.639998,24.00047514
thickness+bandgap.iv,13,43,1.296,4.165,,0.779135,12.1730339,18.3684274,31.3924751,1.97067062,16.2168315,0.12877646,0.0521488028,1.94940133,0.0212692881,0.0,0.873586,29.26764783,60.0765,15.3602,0.639998,24.00047514
thickness+bandgap.iv,13,44,1.296,4.165,,0.83346,5.30806815,25.2132558,31.3924751,2.63083555,22.4014625,0.128784996,0.0521727118,2.59836669,0.0324688624,0.0,0.873586,29.26764783,60.0765,15.3602,0.639998,24.00047514
thickness+bandgap.iv,13,45,1.296,4.165,,0.893647,-2.72931523,33.2308912,31.3924751,3.31867889,29.7312133,0.128793971,0.0522050331,3.2730131,0.0456657888,0.0,0.873586,29.26764783,60.0765,15.3602,0.639998,24.00047514
thickness+bandgap.iv,13,46,1.296,4.165,,0.953431,-10.6862028,41.1679627,31.3924751,3.93242457,37.0544886,0.128802511,0.0522469894,3.87386436,0.0585602099,0.0,0.873586,29.26764783,60.0765,15.3602,0.639998,24.00047514
thickness+bandgap.iv,13,47,1.296,4.165,,1.00654,-17.3079359,47.7687341,31.3924751,4.39996565,43.1876606,0.128809589,0.0522983103,4.33098459,0.0689810566,0.0,0.873586,29.26764783,60.0765,15.3602,0.639998,24.00047514
thickness+bandgap.iv,13,48,1.296,4.165,,1.049856,-21.9711937,52.4131482,31.3924751,4.70947919,47.5224963,0.128814719,0.0523579239,4.63328741,0.0761917837,0.0,0.873586,29.26764783,60.0765,15.3602,0.639998,24.00047514
thickness+bandgap.iv,13,49,1.296,4.165,,1.084201,-24.8402084,55.2609268,31.3924751,4.88961191,50.1900742,0.128817856,0.0524228069,4.80917833,0.0804335845,0.0,0.873586,29.26764783,60.0765,15.3602,0.639998,24.00047514
thickness+bandgap.iv,13,50,1.296,4.165,,1.112228,-26.4455762,56.847622,31.3924751,4.98899362,51.6773186,0.128819688,0.0524901617,4.90614144,0.0828521811,0.0,0.873586,29.26764783,60.0765,15.3602,0.639998,24.00047514
thickness+bandgap.iv,13,51,1.296,4.165,,1.136582,-27.3164802,57.6986953,31.3924751,5.0410882,52.4762276,0.128820661,0.0525587715,4.9569737,0.0841145021,0.0,0.873586,29.26764783,60.0765,15.3602,0.639998,24.00047514
thickness+bandgap.iv,13,52,1.296,4.165,,1.158998,-27.7996093,58.1619177,31.3924751,5.06921971,52.9112492,0.128821193,0.0526275379,4.98442131,0.0847983967,0.0,0.873586,29.26764783,60.0765,15.3602,0.639998,24.00047514
thickness+bandgap.iv,13,53,1.296,4.165,,1.180445,-28.0890632,58.4314168,31.3924751,5.08550644,53.1643935,0.128821503,0.0526953701,5.00031164,0.0851948019,0.0,0.873586,29.26764783,60.0765,15.3602,0.639998,24.00047514
thickness+bandgap.iv,13,54,1.296,4.165,,1.201423,-28.2846306,58.6055358,31.3924751,5.09467658,53.3292761,0.128821658,0.0527614734,5.00929625,0.0853803282,0.0,0.873586,29.26764783,60.0765,15.3602,0.639998,24.00047514
thickness+bandgap.iv,13,55,1.296,4.165,,1.222161,-28.4322121,58.733114,31.3924751,5.10232322,53.4491416,0.128821805,0.052827315,5.01675713,0.0855660919,0.0,0.873586,29.26764783,60.0765,15.3602,0.639998,24.00047514
thickness+bandgap.iv,13,56,1.296,4.165,,1.242779,-28.5558644,58.8367656,31.3924751,5.10852849,53.5465231,0.128821924,0.0528920624,5.02281152,0.0857169746,0.0,0.873586,29.26764783,60.0765,15.3602,0.639998,24.00047514
thickness+bandgap.iv,13,57,1.296,4.165,,1.263333,-28.6665014,58.9274035,31.3924751,5.11394929,53.6316767,0.128822028,0.0529554942,5.02810041,0.0858488784,0.0,0.873586,29.26764783,60.0765,15.3602,0.639998,24.00047514
thickness+bandgap.iv,13,58,1.296,4.165,,1.283847,-28.7693748,59.0102784,31.3924751,5.11890102,53.7095374,0.128822123,0.0530178308,5.03293158,0.0859694351,0.0,0.873586,29.26764783,60.0765,15.3602,0.639998,24.00047514
thickness+bandgap.iv,13,59,1.296,4.165,,1.304334,-28.8668108,59.087716,31.3924751,5.1235235,53.7822914,0.128822212,0.0530789393,5.03744148,0.0860820256,0.0,0.873586,29.26764783,60.0765,15.3602,0.639998,24.00047514
thickness+bandgap.iv,13,60,1.296,4.165,,1.324803,-28.9605357,59.1614427,31.3924751,5.12792045,53.8515607,0.128822297,0.0531392201,5.04173128,0.0861891638,0.0,0.873586,29.26764783,60.0765,15.3602,0.639998,24.00047514
thickness+bandgap.iv,13,61,1.296,4.165,,1.345255,-29.051088,59.2319968,31.3924751,5.13212441,53.9178511,0.128822378,0.0531988919,5.04583277,0.0862916345,0.0,0.873586,29.26764783,60.0765,15.3602,0.639998,24.00047514
thickness+bandgap.iv,14,1,1.296,4.266,,-0.148422,29.6843215,1.69729135,31.3924751,0.046481357,1.47124997,0.128351009,0.0512090171,0.0463608864,0.000120470556,0.0,0.856127,29.27446865,57.263,14.3516,0.600503,23.89935748
thickness+bandgap.iv,14,2,1.296,4.266,,-0.128169,29.633712,1.72789179,31.3924751,0.0475267065,1.50075352,0.128354924,0.0512566384,0.0473988658,0.00012784066,0.0,0.856127,29.27446865,57.263,14.3516,0.600503,23.89935748
thickness+bandgap.iv,14,3,1.296,4.266,,-0.107908,29.5816379,1.759965,31.3924751,0.0486212577,1.53168088,0.128358738,0.0513041307,0.0484856387,0.000135618982,0.0,0.856127,29.27446865,57.263,14.3516,0.600503,23.89935748
thickness+bandgap.iv,14,4,1.296,4.266,,-0.08764,29.5279712,1.79363124,31.3924751,0.049768362,1.56414894,0.12836246,0.0513514859,0.0496245254,0.000143836575,0.0,0.856127,29.27446865,57.263,14.3516,0.600503,23.89935748
thickness+bandgap.iv,14,5,1.296,4.266,,-0.067363,29.4725806,1.82902102,31.3924751,0.0509717425,1.59828448,0.128366093,0.0513987015,0.0508192232,0.000152519313,0.0,0.856127,29.27446865,57.263,14.3516,0.600503,23.89935748
thickness+bandgap.iv,14,6,1.296,4.266,,-0.047077,29.4153229,1.86627797,31.3924751,0.0522354739,1.63422708,0.128369639,0.051445775,0.0520737787,0.000161695203,0.0,0.856127,29.27446865,57.263,14.3516,0.600503,23.89935748
thickness+bandgap.iv,14,7,1.296,4.266,,-0.02678,29.3560401,1.90556029,31.3924751,0.0535640252,1.67213046,0.128373099,0.0514927038,0.0533926306,0.000171394638,0.0,0.856127,29.27446865,57.263,14.3516,0.600503,23.89935748
thickness+bandgap.iv,14,8,1.296,4.266,,-0.006473,29.294557,1.94704219,31.3924751,0.054962309,1.71216392,0.128376475,0.051539485,0.0547806583,0.0001816507,0.0,0.856127,29.27446865,57.263,14.3516,0.600503,23.89935748
thickness+bandgap.iv,14,9,1.296,4.266,,0.013847,29.2306985,1.99091458,31.3924751,0.0564358407,1.75451286,0.128379756,0.0515861243,0.0562433584,0.000192482235,0.0,0.856127,29.27446865,57.263,14.3516,0.600503,23.89935748
thickness+bandgap.iv,14,10,1.296,4.266,,0.034179,29.1642221,2.03739087,31.3924751,0.0579904039,1.7993849,0.128382969,0.0516326009,0.057786442,0.000203961846,0.0,0.856127,29.27446865,57.263,14.3516,0.600503,23.89935748
thickness+bandgap.iv,14,11,1.296,4.266,,0.054525,29.0949105,2.08670233,31.3924751,0.0596327264,1.84700458,0.128386104,0.0516789196,0.0594166093,0.000216117103,0.0,0.856127,29.27446865,57.263,14.3516,0.600503,23.89935748
thickness+bandgap.iv,14,12,1.296,4.266,,0.074887,29.0225081,2.13910454,31.3924751,0.0613701829,1.89762012,0.128389163,0.0517250763,0.061141187,0.000228995945,0.0,0.856127,29.27446865,57.263,14.3516,0.600503,23.89935748
thickness+bandgap.iv,14,13,1.296,4.266,,0.095266,28.9467343,2.1948782,31.3924751,0.063211007,1.95150398,0.128392148,0.0517710664,0.0629683555,0.000242651476,0.0,0.856127,29.27446865,57.263,14.3516,0.600503,23.89935748
thickness+bandgap.iv,14,14,1.296,4.266,,0.115664,28.8672813,2.25433108,31.3924751,0.0651644321,2.0089547,0.12839506,0.0518168845,0.0649072894,0.000257142778,0.0,0.856127,29.27446865,57.263,14.3516,0.600503,23.89935748
thickness+bandgap.iv,14,15,1.296,4.266,,0.136081,28.7838121,2.31780005,31.3924751,0.0672408659,2.07029876,0.128397901,0.0518625244,0.06696833,0.000272535921,0.0,0.856127,29.27446865,57.263,14.3516,0.600503,23.89935748
thickness+bandgap.iv,14,16,1.296,4.266,,0.15652,28.6959591,2.38565291,31.3924751,0.0694521096,2.13589215,0.128400675,0.0519079794,0.0691632045,0.000288905179,0.0,0.856127,29.27446865,57.263,14.3516,0.600503,23.89935748
thickness+bandgap.iv,14,17,1.296,4.266,,0.176983,28.6033217,2.45829018,31.3924751,0.07181164,2.20612192,0.128403382,0.0519532409,0.0715053054,0.00030633456,0.0,0.856127,29.27446865,57.263,14.3516,0.600503,23.89935748
thickness+bandgap.iv,14,18,1.296,4.266,,0.197473,28.5054649,2.53614665,31.3924751,0.0743349771,2.28140734,0.128406025,0.0519982994,0.0740100574,0.000324919706,0.0,0.856127,29.27446865,57.263,14.3516,0.600503,23.89935748
thickness+bandgap.iv,14,19,1.296,4.266,,0.21799,28.4019187,2.61969269,31.3924751,0.0770401776,2.36220076,0.128408606,0.0520431435,0.0766954073,0.000344770308,0.0,0.856127,29.27446865,57.263,14.3516,0.600503,23.89935748
thickness+bandgap.iv,14,20,1.296,4.266,,0.238539,28.2921756,2.7094355,31.3924751,0.0799485121,2.4489881,0.128411127,0.0520877595,0.0795824989,0.000366013195,0.0,0.856127,29.27446865,57.263,14.3516,0.600503,23.89935748
thickness+bandgap.iv,14,21,1.296,4.266,,0.259122,28.1756905,2.80592032,31.3924751,0.0830854202,2.54228918,0.12841359,0.0521321309,0.0826966239,0.000388796347,0.0,0.856127,29.27446865,57.263,14.3516,0.600503,23.89935748
thickness+bandgap.iv,14,22,1.296,4.266,,0.279741,28.0518784,2.90973218,31.3924751,0.086481898,2.64265805,0.128415999,0.0521762379,0.0860686038,0.000413294186,0.0,0.856127,29.27446865,57.263,14.3516,0.600503,23.89935748
thickness+bandgap.iv,14,23,1.296,4.266,,0.300399,27.9201111,3.02149919,31.3924751,0.0901765682,2.75068421,0.128418355,0.0522200564,0.0897368536,0.000439714675,0.0,0.856127,29.27446865,57.263,14.3516,0.600503,23.89935748
thickness+bandgap.iv,14,24,1.296,4.266,,0.321101,27.7797108,3.1418992,31.3924751,0.094218851,2.86699613,0.12842066,0.052263557,0.093750542,0.00046830906,0.0,0.856127,29.27446865,57.263,14.3516,0.600503,23.89935748
thickness+bandgap.iv,14,25,1.296,4.266,,0.34185,27.6299362,3.27167337,31.3924751,0.0986739283,2.99226982,0.128422918,0.052306704,0.0981745427,0.000499385589,0.0,0.856127,29.27446865,57.263,14.3516,0.600503,23.89935748
thickness+bandgap.iv,14,26,1.296,4.266,,0.36265,27.4699564,3.41165269,31.3924751,0.103630645,3.12724746,0.128425132,0.0523494535,0.103097316,0.000533329468,0.0,0.856127,29.27446865,57.263,14.3516,0.600503,23.89935748
thickness+bandgap.iv,14,27,1.296,4.266,,0.383506,27.2988005,3.56280818,31.3924751,0.109214211,3.27277491,0.128427304,0.0523917517,0.108643578,0.000570632953,0.0,0.856127,29.27446865,57.263,14.3516,0.600503,23.89935748
thickness+bandgap.iv,14,28,1.296,4.266,,0.404424,27.1152652,3.72634304,31.3924751,0.115606663,3.4298734,0.128429439,0.0524335332,0.114994721,0.000611942718,0.0,0.856127,29.27446865,57.263,14.3516,0.600503,23.89935748
thickness+bandgap.iv,14,29,1.296,4.266,,0.425411,26.9177498,3.9038579,31.3924751,0.123079689,3.59987196,0.128431541,0.0524747183,0.122421551,0.000658137717,0.0,0.856127,29.27446865,57.263,14.3516,0.600503,23.89935748
thickness+bandgap.iv,14,30,1.296,4.266,,0.44648,26.7039656,4.09764156,31.3924751,0.132046638,3.78464609,0.128433615,0.0525152108,0.131336175,0.000710462917,0.0,0.856127,29.27446865,57.263,14.3516,0.600503,23.89935748
thickness+bandgap.iv,14,31,1.296,4.266,,0.467648,26.4704313,4.31117526,31.3924751,0.143143647,3.98704105,0.12843567,0.052554896,0.142372879,0.000770768217,0.0,0.856127,29.27446865,57.263,14.3516,0.600503,23.89935748
thickness+bandgap.iv,14,32,1.296,4.266,,0.488942,26.2116069,4.54999921,31.3924751,0.157353862,4.211614,0.128437714,0.0525936397,0.156511912,0.000841949653,0.0,0.856127,29.27446865,57.263,14.3516,0.600503,23.89935748
thickness+bandgap.iv,14,33,1.296,4.266,,0.510408,25.9184142,4.82319107,31.3924751,0.176194437,4.46592558,0.128439764,0.0526312891,0.175265652,0.000928784579,0.0,0.856127,29.27446865,57.263,14.3516,0.600503,23.89935748
thickness+bandgap.iv,14,34,1.296,4.266,,0.532121,25.5757294,5.14587534,31.3924751,0.201993931,4.76277189,0.128441839,0.0526676771,0.200954394,0.00103953703,0.0,0.856127,29.27446865,57.263,14.3516,0.600503,23.89935748
thickness+bandgap.iv,14,35,1.296,4.266,,0.554209,25.1581563,5.5434479,31.3924751,0.238297218,5.12400407,0.128443976,0.0527026331,0.23710816,0.00118905726,0.0,0.856127,29.27446865,57.263,14.3516,0.600503,23.89935748
thickness+bandgap.iv,14,36,1.296,4.266,,0.576885,24.6230402,6.05856339,31.3924751,0.290439213,5.58694195,0.128446228,0.0527360025,0.289034503,0.00140471056,0.0,0.856127,29.27446865,57.263,14.3516,0.600503,23.89935748
thickness+bandgap.iv,14,37,1.296,4.266,,0.600503,23.8993575,6.76224559,31.3924751,0.366303798,6.21472543,0.12844868,0.0527676794,0.364566412,0.0017373864,0.0,0.856127,29.27446865,57.263,14.3516,0.600503,23.89935748
thickness+bandgap.iv,14,38,1.296,4.266,,0.625642,22.8715085,7.77009423,31.3924751,0.47716802,7.11167708,0.128451473,0.0527976586,0.474887353,0.00228066692,0.0,0.856127,29.27446865,57.263,14.3516,0.600503,23.89935748
thickness+bandgap.iv,14,39,1.296,4.266,,0.6532,21.360028,9.26157452,31.3924751,0.638198168,8.44209542,0.128454824,0.0528261084,0.634998163,0.00320000413,0.0,0.856127,29.27446865,57.263,14.3516,0.600503,23.89935748
thickness+bandgap.iv,14,40,1.296,4.266,,0.684447,19.1105932,11.491009,31.3924751,0.867473121,10.4422234,0.128459052,0.0528534624,0.862708278,0.0047648439,0.0,0.856127,29.27446865,57.263,14.3516,0.600503,23.89935748
thickness+bandgap.iv,14,41,1.296,4.266,,0.720896,15.8207311,14.7608705,31.3924751,1.18159704,13.3979284,0.128464568,0.0528805029,1.17424539,0.00735165516,0.0,0.856127,29.27446865,57.263,14.3516,0.600503,23.89935748
thickness+bandgap.iv,14,42,1.296,4.266,,0.763775,11.2450253,19.3165317,31.3924751,1.58655484,17.5485967,0.128471807,0.052908369,1.57520202,0.011352822,0.0,0.856127,29.27446865,57.263,14.3516,0.600503,23.89935748
thickness+bandgap.iv,14,43,1.296,4.266,,0.813107,5.37866457,25.1629001,31.3924751,2.06690536,22.9145754,0.128480936,0.0529384688,2.04995638,0.0169489887,0.0,0.856127,29.27446865,57.263,14.3516,0.600503,23.89935748
thickness+bandgap.iv,14,44,1.296,4.266,,0.866973,-1.39465535,31.9162695,31.3924751,2.58241358,29.152392,0.128491734,0.0529721558,2.55855697,0.0238566096,0.0,0.856127,29.27446865,57.263,14.3516,0.600503,23.89935748
thickness+bandgap.iv,14,45,1.296,4.266,,0.921768,-8.35360762,38.8552236,31.3924751,3.07862601,35.5950835,0.128503424,0.0530107286,3.0473377,0.0312883068,0.0,0.856127,29.27446865,57.263,14.3516,0.600503,23.89935748
thickness+bandgap.iv,14,46,1.296,4.266,,0.973375,-14.6750573,45.1565073,31.3924751,3.50536263,41.469575,0.128514723,0.0530549578,3.4671282,0.0382344296,0.0,0.856127,29.27446865,57.263,14.3516,0.600503,23.89935748
thickness+bandgap.iv,14,47,1.296,4.266,,1.018641,-19.7281478,50.1901513,31.3924751,3.83255138,46.1759703,0.128524355,0.0531052987,3.78866145,0.0438899267,0.0,0.856127,29.27446865,57.263,14.3516,0.600503,23.89935748
thickness+bandgap.iv,15,1,1.296,4.37,,-0.148599,29.719861,1.66182411,31.3924751,0.0549691969,1.42743149,0.127947245,0.0514761709,0.054454988,0.000514208868,0.0,0.778446,29.24380442,51.9804,11.8332,0.502182,23.56356794
thickness+bandgap.iv,15,2,1.296,4.37,,-0.128316,29.66324,1.69844783,31.3924751,0.0564348998,1.46253944,0.127949279,0.0515242087,0.0559024289,0.00053247083,0.0,0.778446,29.24380442,51.9804,11.8332,0.502182,23.56356794
thickness+bandgap.iv,15,3,1.296,4.37,,-0.108022,29.604339,1.73734876,31.3924751,0.0579791018,1.49984629,0.127951303,0.0515720627,0.0574275138,0.00055158803,0.0,0.778446,29.24380442,51.9804,11.8332,0.502182,23.56356794
thickness+bandgap.iv,15,4,1.296,4.37,,-0.087715,29.5429519,1.77873568,31.3924751,0.0596082612,1.53955438,0.127953299,0.0516197446,0.0590366856,0.000571575564,0.0,0.778446,29.24380442,51.9804,11.8332,0.502182,23.56356794
thickness+bandgap.iv,15,5,1.296,4.37,,-0.067394,29.4788483,1.82283897,31.3924751,0.0613292798,1.58188717,0.127955269,0.0516672538,0.0607367923,0.000592487411,0.0,0.778446,29.24380442,51.9804,11.8332,0.502182,23.56356794
thickness+bandgap.iv,15,6,1.296,4.37,,-0.047059,29.4117744,1.86991252,31.3924751,0.0631498232,1.6270909,0.127957214,0.0517145893,0.062535441,0.00061438228,0.0,0.778446,29.24380442,51.9804,11.8332,0.502182,23.56356794
thickness+bandgap.iv,15,7,1.296,4.37,,-0.026707,29.3414509,1.92023587,31.3924751,0.0650784388,1.67543654,0.127959136,0.0517617501,0.0644411146,0.000637324151,0.0,0.778446,29.24380442,51.9804,11.8332,0.502182,23.56356794
thickness+bandgap.iv,15,8,1.296,4.37,,-0.006338,29.2675703,1.97411627,31.3924751,0.0671246982,1.7272218,0.127961037,0.0518087351,0.0664633153,0.000661382932,0.0,0.778446,29.24380442,51.9804,11.8332,0.502182,23.56356794
thickness+bandgap.iv,15,9,1.296,4.37,,0.014051,29.1897984,2.03187761,31.3924751,0.0692985227,1.78276061,0.12796297,0.0518555104,0.0686117579,0.000686764844,0.0,0.778446,29.24380442,51.9804,11.8332,0.502182,23.56356794
thickness+bandgap.iv,15,10,1.296,4.37,,0.034461,29.1077624,2.09391309,31.3924751,0.0716137926,1.84243232,0.127964835,0.0519021406,0.0709004945,0.000713298136,0.0,0.778446,29.24380442,51.9804,11.8332,0.502182,23.56356794
thickness+bandgap.iv,15,11,1.296,4.37,,0.054895,29.0210602,2.16061451,31.3924751,0.0740835911,1.90661564,0.127966685,0.0519485908,0.0733423891,0.00074120205,0.0,0.778446,29.24380442,51.9804,11.8332,0.502182,23.56356794
thickness+bandgap.iv,15,12,1.296,4.37,,0.075354,28.9292535,2.23242039,31.3924751,0.0767239082,1.9757331,0.127968523,0.051994859,0.0759533285,0.000770579705,0.0,0.778446,29.24380442,51.9804,11.8332,0.502182,23.56356794
thickness+bandgap.iv,15,13,1.296,4.37,,0.095841,28.8318667,2.30980667,31.3924751,0.0795533028,2.05024207,0.127970352,0.0520409428,0.0787517571,0.000801545724,0.0,0.778446,29.24380442,51.9804,11.8332,0.502182,23.56356794
thickness+bandgap.iv,15,14,1.296,4.37,,0.116358,28.7283851,2.39328829,31.3924751,0.082593558,2.13063572,0.127972174,0.0520868397,0.0817593296,0.000834228344,0.0,0.778446,29.24380442,51.9804,11.8332,0.502182,23.56356794
thickness+bandgap.iv,15,15,1.296,4.37,,0.136909,28.6182516,2.48342121,31.3924751,0.0858705773,2.2174441,0.127973992,0.0521325464,0.0850018054,0.000868771883,0.0,0.778446,29.24380442,51.9804,11.8332,0.502182,23.56356794
thickness+bandgap.iv,15,16,1.296,4.37,,0.157496,28.5008663,2.58080529,31.3924751,0.0894156341,2.31123578,0.12797581,0.0521780591,0.0885102942,0.000905339867,0.0,0.778446,29.24380442,51.9804,11.8332,0.502182,23.56356794
thickness+bandgap.iv,15,17,1.296,4.37,,0.178122,28.3755819,2.68608933,31.3924751,0.0932671405,2.41262118,0.12797763,0.0522233732,0.0923230214,0.000944119066,0.0,0.778446,29.24380442,51.9804,11.8332,0.502182,23.56356794
thickness+bandgap.iv,15,18,1.296,4.37,,0.198792,28.2416895,2.79998073,31.3924751,0.0974731941,2.5222596,0.127979457,0.052268483,0.0964878693,0.000985324799,0.0,0.778446,29.24380442,51.9804,11.8332,0.502182,23.56356794
thickness+bandgap.iv,15,19,1.296,4.37,,0.219508,28.0984058,2.92326365,31.3924751,0.102095297,2.64087368,0.127981295,0.0523133817,0.101066089,0.00102920811,0.0,0.778446,29.24380442,51.9804,11.8332,0.502182,23.56356794
thickness+bandgap.iv,15,20,1.296,4.37,,0.240276,27.944836,3.05683279,31.3924751,0.10721385,2.76927773,0.127983147,0.0523580605,0.106137784,0.00107606569,0.0,0.778446,29.24380442,51.9804,11.8332,0.502182,23.56356794
thickness+bandgap.iv,15,21,1.296,4.37,,0.2611,27.7799136,3.20175439,31.3924751,0.112936351,2.90843051,0.12798502,0.0524025088,0.111810097,0.00112625417,0.0,0.778446,29.24380442,51.9804,11.8332,0.502182,23.56356794
thickness+bandgap.iv,15,22,1.296,4.37,,0.281989,27.6022936,3.35937356,31.3924751,0.119409686,3.05953024,0.127986919,0.0524467126,0.118229474,0.00118021119,0.0,0.778446,29.24380442,51.9804,11.8332,0.502182,23.56356794
thickness+bandgap.iv,15,23,1.296,4.37,,0.302949,27.4101682,3.53149806,31.3924751,0.12683858,3.22417997,0.127988854,0.0524906544,0.125600092,0.00123848794,0.0,0.778446,29.24380442,51.9804,11.8332,0.502182,23.56356794
thickness+bandgap.iv,15,24,1.296,4.37,,0.323995,27.2009593,3.72070586,31.3924751,0.135513213,3.4046675,0.127990837,0.0525343112,0.134211412,0.00130180099,0.0,0.778446,29.24380442,51.9804,11.8332,0.502182,23.56356794
thickness+bandgap.iv,15,25,1.296,4.37,,0.345146,26.9708174,3.93084726,31.3924751,0.145850122,3.6044266,0.127992886,0.0525776525,0.144479004,0.00137111769,0.0,0.778446,29.24380442,51.9804,11.8332,0.502182,23.56356794
thickness+bandgap.iv,15,26,1.296,4.37,,0.366431,26.7138195,4.16784451,31.3924751,0.158451803,3.82877704,0.127995031,0.0526206382,0.157004002,0.00144780087,0.0,0.778446,29.24380442,51.9804,11.8332,0.502182,23.56356794
thickness+bandgap.iv,15,27,1.296,4.37,,0.387896,26.4207346,4.4409285,31.3924751,0.174191294,4.08607668,0.127997313,0.0526632144,0.172657436,0.00153385857,0.0,0.778446,29.24380442,51.9804,11.8332,0.502182,23.56356794
thickness+bandgap.iv,15,28,1.296,4.37,,0.409614,26.0771796,4.76448391,31.3924751,0.194327547,4.38945126,0.1279998,0.0527053092,0.192695168,0.00163237892,0.0,0.778446,29.24380442,51.9804,11.8332,0.502182,23.56356794
thickness+bandgap.iv,15,29,1.296,4.37,,0.431695,25.6609942,5.16066819,31.3924751,0.220653296,4.75926547,0.128002597,0.0527468275,0.218905012,0.0017482836,0.0,0.778446,29.24380442,51.9804,11.8332,0.502182,23.56356794
thickness+bandgap.iv,15,30,1.296,4.37,,0.454306,25.1388054,5.66285841,31.3924751,0.255665347,5.22639956,0.12800586,0.0527876452,0.253775743,0.00188960318,0.0,0.778446,29.24380442,51.9804,11.8332,0.502182,23.56356794
thickness+bandgap.iv,15,31,1.296,4.37,,0.477689,24.462189,6.31943923,31.3924751,0.302711173,5.83589061,0.128009858,0.0528275813,0.300641326,0.00206984702,0.0,0.778446,29.24380442,51.9804,11.8332,0.502182,23.56356794
thickness+bandgap.iv,15,32,1.296,4.37,,0.502182,23.5635679,7.19806607,31.3924751,0.366090336,6.6510944,0.128014818,0.0528665083,0.363780621,0.0023097149,0.0,0.778446,29.24380442,51.9804,11.8332,0.502182,23.56356794
thickness+bandgap.iv,15,33,1.296,4.37,,0.528218,22.356425,8.38521671,31.3924751,0.450823656,7.75346765,0.128021196,0.0529042015,0.448180819,0.00264283715,0.0,0.778446,29.24380442,51.9804,11.8332,0.502182,23.56356794
thickness+bandgap.iv,15,34,1.296,4.37,,0.556299,20.7401404,9.98151107,31.3924751,0.56210953,9.23843158,0.128029478,0.052940488,0.558991964,0.00311756614,0.0,0.778446,29.24380442,51.9804,11.8332,0.502182,23.56356794
thickness+bandgap.iv,15,35,1.296,4.37,,0.586925,18.6149809,12.0866304,31.3924751,0.704227208,11.2013878,0.128040191,0.0529752498,0.700429912,0.00379729636,0.0,0.778446,29.24380442,51.9804,11.8332,0.502182,23.56356794
thickness+bandgap.iv,15,36,1.296,4.37,,0.620477,15.9046837,14.7769516,31.3924751,0.879274615,13.7166148,0.128053655,0.0530085711,0.874522462,0.00475215346,0.0,0.778446,29.24380442,51.9804,11.8332,0.502182,23.56356794
thickness+bandgap.iv,15,37,1.296,4.37,,0.657088,12.5823973,18.079186,31.3924751,1.08587445,16.8122008,0.128070152,0.0530406102,1.07982868,0.006045769,0.0,0.778446,29.24380442,51.9804,11.8332,0.502182,23.56356794
thickness+bandgap.iv,15,38,1.296,4.37,,0.696573,8.68538639,21.9562398,31.3924751,1.31910174,20.4559767,0.12808952,0.0530718024,1.31138805,0.00771369491,0.0,0.778446,29.24380442,51.9804,11.8332,0.502182,23.56356794
thickness+bandgap.iv,15,39,1.296,4.37,,0.738424,4.31529638,26.3062446,31.3924751,1.57083814,24.5541924,0.128111481,0.0531026283,1.56108857,0.0097495725,0.0,0.778446,29.24380442,51.9804,11.8332,0.502182,23.56356794
thickness+bandgap.iv,15,40,1.296,4.37,,0.781885,-0.376991765,30.9787197,31.3924751,1.83139006,28.9660605,0.1281354,0.0531337105,1.81929013,0.0120999263,0.0,0.778446,29.24380442,51.9804,11.8332,0.502182,23.56356794
thickness+bandgap.iv,15,41,1.296,4.37,,0.825959,-5.19171288,35.7736927,31.3924751,2.08980315,33.5025632,0.128160378,0.0531659449,2.07514279,0.0146603535,0.0,0.778446,29.24380442,51.9804,11.8332,0.502182,23.56356794
thickness+bandgap.iv,15,42,1.296,4.37,,0.869678,-9.93565518,40.4973202,31.3924751,2.336059,37.9798757,0.128185575,0.0531999375,2.31876054,0.0172984578,0.0,0.778446,29.24380442,51.9804,11.8332,0.502182,23.56356794
thickness+bandgap.iv,15,43,1.296,4.37,,0.911955,-14.3909126,44.9319823,31.3924751,2.56002669,42.1905091,0.128209958,0.0532365821,2.54016784,0.019858851,0.0,0.778446,29.24380442,51.9804,11.8332,0.502182,23.56356794
thickness+bandgap.iv,15,44,1.296,4.37,,0.951763,-18.3526472,48.8743457,31.3924751,2.75403299,45.9388037,0.128232159,0.053276906,2.73184033,0.0221926633,0.0,0.778446,29.24380442,51.9804,11.8332,0.502182,23.56356794
thickness+bandgap.iv,15,45,1.296,4.37,,0.988138,-21.6276701,52.1293694,31.3924751,2.91061633,49.0371816,0.128250981,0.0533205242,2.8864652,0.0241511228,0.0,0.778446,29.24380442,51.9804,11.8332,0.502182,23.56356794
thickness+bandgap.iv,16,1,1.347,3.97,,-0.14117,28.2339798,1.53854584,29.7822442,0.0463523671,1.31047808,0.128512373,0.05320302,0.0460109718,0.00034139523,0.0,0.792413,27.90893158,60.3076,13.3373,0.561164,23.76716299
thickness+bandgap.iv,16,2,1.347,3.97,,-0.120952,28.1903249,1.56220021,29.7822442,0.0475016002,1.3329643,0.128522012,0.0532122999,0.0471399677,0.000361632501,0.0,0.792413,27.90893158,60.3076,13.3373,0.561164,23.76716299
thickness+bandgap.iv,16,3,1.347,3.97,,-0.100729,28.1457906,1.58673451,29.7822442,0.0487159058,1.35626565,0.128531694,0.0532212606,0.0483324081,0.000383497745,0.0,0.792413,27.90893158,60.3076,13.3373,0.561164,23.76716299
thickness+bandgap.iv,16,4,1.347,3.97,,-0.080502,28.1003207,1.61220446,29.7822442,0.0500009779,1.38043216,0.128541422,0.0532299045,0.049593822,0.00040715591,0.0,0.792413,27.90893158,60.3076,13.3373,0.561164,23.76716299
thickness+bandgap.iv,16,5,1.347,3.97,,-0.060269,28.0538544,1.63867076,29.7822442,0.0513631564,1.40551817,0.128551197,0.0532382342,0.0509303646,0.00043279179,0.0,0.792413,27.90893158,60.3076,13.3373,0.561164,23.76716299
thickness+bandgap.iv,16,6,1.347,3.97,,-0.040032,28.0063254,1.66619968,29.7822442,0.0528095135,1.43158289,0.128561023,0.0532462527,0.0523489008,0.000460612698,0.0,0.792413,27.90893158,60.3076,13.3373,0.561164,23.76716299
thickness+bandgap.iv,16,7,1.347,3.97,,-0.019788,27.9576613,1.69486378,29.7822442,0.0543479535,1.45869096,0.128570901,0.0532539629,0.0538571019,0.000490851585,0.0,0.792413,27.90893158,60.3076,13.3373,0.561164,23.76716299
thickness+bandgap.iv,16,8,1.347,3.97,,0.000461,27.9077825,1.72474264,29.7822442,0.0559873281,1.48691311,0.128580835,0.0532613682,0.0554635575,0.000523770626,0.0,0.792413,27.90893158,60.3076,13.3373,0.561164,23.76716299
thickness+bandgap.iv,16,9,1.347,3.97,,0.020717,27.8566013,1.75592376,29.7822442,0.0577375704,1.51632689,0.128590828,0.0532684723,0.0571779051,0.000559665373,0.0,0.792413,27.90893158,60.3076,13.3373,0.561164,23.76716299
thickness+bandgap.iv,16,10,1.347,3.97,,0.04098,27.8040215,1.78850362,29.7822442,0.0596098498,1.5470176,0.128600882,0.0532752788,0.0590109803,0.000598869544,0.0,0.792413,27.90893158,60.3076,13.3373,0.561164,23.76716299
thickness+bandgap.iv,16,11,1.347,3.97,,0.06125,27.7499362,1.8225888,29.7822442,0.0616167525,1.57907925,0.128611002,0.0532817921,0.060974992,0.00064176058,0.0,0.792413,27.90893158,60.3076,13.3373,0.561164,23.76716299
thickness+bandgap.iv,16,12,1.347,3.97,,0.081529,27.6942275,1.85829746,29.7822442,0.0637724922,1.61261576,0.12862119,0.0532880164,0.0630837261,0.000688766088,0.0,0.792413,27.90893158,60.3076,13.3373,0.561164,23.76716299
thickness+bandgap.iv,16,13,1.347,3.97,,0.101816,27.6367641,1.89576093,29.7822442,0.0660931556,1.64774236,0.128631453,0.0532939566,0.0653527842,0.000740371327,0.0,0.792413,27.90893158,60.3076,13.3373,0.561164,23.76716299
thickness+bandgap.iv,16,14,1.347,3.97,,0.122113,27.5773994,1.93512567,29.7822442,0.0685969907,1.68458727,0.128641793,0.0532996176,0.0677998628,0.000797127924,0.0,0.792413,27.90893158,60.3076,13.3373,0.561164,23.76716299
thickness+bandgap.iv,16,15,1.347,3.97,,0.14242,27.5159694,1.97655559,29.7822442,0.0713047462,1.72329362,0.128652215,0.0533050049,0.0704450821,0.000859664047,0.0,0.792413,27.90893158,60.3076,13.3373,0.561164,23.76716299
thickness+bandgap.iv,16,16,1.347,3.97,,0.162739,27.4522901,2.02023487,29.7822442,0.0742400706,1.76402195,0.128662726,0.0533101243,0.0733113743,0.000928696294,0.0,0.792413,27.90893158,60.3076,13.3373,0.561164,23.76716299
thickness+bandgap.iv,16,17,1.347,3.97,,0.183069,27.3861535,2.06637148,29.7822442,0.0774299855,1.80695318,0.128673331,0.0533149818,0.0764249419,0.00100504363,0.0,0.792413,27.90893158,60.3076,13.3373,0.561164,23.76716299
thickness+bandgap.iv,16,18,1.347,3.97,,0.203413,27.3173233,2.11520162,29.7822442,0.0809054478,1.85229255,0.128684037,0.0533195842,0.0798158041,0.00108964374,0.0,0.792413,27.90893158,60.3076,13.3373,0.561164,23.76716299
thickness+bandgap.iv,16,19,1.347,3.97,,0.223772,27.2455294,2.16699554,29.7822442,0.0847020196,1.90027473,0.12869485,0.0533239383,0.0835184472,0.00118357237,0.0,0.792413,27.90893158,60.3076,13.3373,0.561164,23.76716299
thickness+bandgap.iv,16,20,1.347,3.97,,0.244148,27.1704593,2.2220656,29.7822442,0.0888606722,1.9511711,0.128705778,0.0533280515,0.0875726061,0.00128806607,0.0,0.792413,27.90893158,60.3076,13.3373,0.561164,23.76716299
thickness+bandgap.iv,16,21,1.347,3.97,,0.264541,27.0917471,2.28077776,29.7822442,0.0934287545,2.00530025,0.128716829,0.0533319319,0.0920242053,0.00140454927,0.0,0.792413,27.90893158,60.3076,13.3373,0.561164,23.76716299
thickness+bandgap.iv,16,22,1.347,3.97,,0.284955,27.0089558,2.34356904,29.7822442,0.0984611679,2.06304427,0.128728013,0.0533355879,0.0969265015,0.0015346665,0.0,0.792413,27.90893158,60.3076,13.3373,0.561164,23.76716299
thickness+bandgap.iv,16,23,1.347,3.97,,0.305392,26.9215497,2.41097521,29.7822442,0.104021802,2.12487504,0.12873934,0.0533390286,0.102341481,0.00168032081,0.0,0.792413,27.90893158,60.3076,13.3373,0.561164,23.76716299
thickness+bandgap.iv,16,24,1.347,3.97,,0.325856,26.8288481,2.48367674,29.7822442,0.110185304,2.19139835,0.128750821,0.0533422638,0.108341584,0.00184371999,0.0,0.792413,27.90893158,60.3076,13.3373,0.561164,23.76716299
thickness+bandgap.iv,16,25,1.347,3.97,,0.34635,26.7299471,2.56257768,29.7822442,0.117039292,2.26343061,0.128762468,0.0533453045,0.11501186,0.00202743218,0.0,0.792413,27.90893158,60.3076,13.3373,0.561164,23.76716299
thickness+bandgap.iv,16,26,1.347,3.97,,0.366882,26.6235806,2.64894421,29.7822442,0.124687145,2.34213461,0.128774294,0.0533481629,0.122452692,0.00223445305,0.0,0.792413,27.90893158,60.3076,13.3373,0.561164,23.76716299
thickness+bandgap.iv,16,27,1.347,3.97,,0.387461,26.5078723,2.74465246,29.7822442,0.133251595,2.42926369,0.128786315,0.0533508536,0.130783308,0.00246828733,0.0,0.792413,27.90893158,60.3076,13.3373,0.561164,23.76716299
thickness+bandgap.iv,16,28,1.347,3.97,,0.408101,26.3798895,2.85263527,29.7822442,0.142879424,2.52760391,0.128798545,0.0533533949,0.140146376,0.00273304746,0.0,0.792413,27.90893158,60.3076,13.3373,0.561164,23.76716299
thickness+bandgap.iv,16,29,1.347,3.97,,0.428826,26.234834,2.97769067,29.7822442,0.153747694,2.64177617,0.128811002,0.0533558114,0.150714121,0.00303357256,0.0,0.792413,27.90893158,60.3076,13.3373,0.561164,23.76716299
thickness+bandgap.iv,16,30,1.347,3.97,,0.449677,26.0645829,3.12794162,29.7822442,0.16607213,2.77968765,0.128823706,0.0533581387,0.16269656,0.00337557001,0.0,0.792413,27.90893158,60.3076,13.3373,0.561164,23.76716299
thickness+bandgap.iv,16,31,1.347,3.97,,0.470725,25.8550722,3.31745249,29.7822442,0.18011837,2.95513702,0.128836673,0.0533604324,0.176352591,0.00376577856,0.0,0.792413,27.90893158,60.3076,13.3373,0.561164,23.76716299
thickness+bandgap.iv,16,32,1.347,3.97,,0.492092,25.5816712,3.57085342,29.7822442,0.196216703,3.19242401,0.128849923,0.0533627838,0.192004559,0.00421214373,0.0,0.792413,27.90893158,60.3076,13.3373,0.561164,23.76716299
thickness+bandgap.iv,16,33,1.347,3.97,,0.513994,25.2012041,3.93132041,29.7822442,0.214779977,3.53431161,0.12886347,0.0533653477,0.210056001,0.00472397523,0.0,0.792413,27.90893158,60.3076,13.3373,0.561164,23.76716299
thickness+bandgap.iv,16,34,1.347,3.97,,0.536806,24.6387276,4.47379676,29.7822442,0.236321145,4.0552299,0.128877318,0.0533683904,0.231009135,0.00531200967,0.0,0.792413,27.90893158,60.3076,13.3373,0.561164,23.76716299
thickness+bandgap.iv,16,35,1.347,3.97,,0.561164,23.767163,5.32536119,29.7822442,0.261458608,4.88163876,0.128891453,0.0533723707,0.25547041,0.00598819865,0.0,0.792413,27.90893158,60.3076,13.3373,0.561164,23.76716299
thickness+bandgap.iv,16,36,1.347,3.97,,0.588099,22.3801482,6.69237553,29.7822442,0.290879296,6.21921234,0.128905825,0.0533780677,0.284114472,0.00676482445,0.0,0.792413,27.90893158,60.3076,13.3373,0.561164,23.76716299
thickness+bandgap.iv,16,37,1.347,3.97,,0.619164,20.1672407,8.88528214,29.7822442,0.325197328,8.37777773,0.128920317,0.0533867649,0.317545218,0.00765210984,0.0,0.792413,27.90893158,60.3076,13.3373,0.561164,23.76716299
thickness+bandgap.iv,16,38,1.347,3.97,,0.65639,16.7220893,12.3104356,29.7822442,0.364608249,11.7634922,0.128934705,0.0534004883,0.355954947,0.00865330217,0.0,0.792413,27.90893158,60.3076,13.3373,0.561164,23.76716299
thickness+bandgap.iv,16,39,1.347,3.97,,0.701761,11.6477359,17.3647885,29.7822442,0.408265934,16.7741518,0.128948618,0.0534221628,0.39851297,0.0097529641,0.0,0.792413,27.90893158,60.3076,13.3373,0.561164,23.76716299
thickness+bandgap.iv,16,40,1.347,3.97,,0.755876,4.8248265,24.1676954,29.7822442,0.453542989,23.5317353,0.128961496,0.0534555869,0.442640252,0.0109027367,0.0,0.792413,27.90893158,60.3076,13.3373,0.561164,23.76716299
thickness+bandgap.iv,16,41,1.347,3.97,,0.816129,-3.22586473,32.1983878,29.7822442,0.495905139,31.5200066,0.128972636,0.0535034608,0.483893725,0.0120114135,0.0,0.792413,27.90893158,60.3076,13.3373,0.561164,23.76716299
thickness+bandgap.iv,16,42,1.347,3.97,,0.876265,-11.2529059,40.2054292,29.7822442,0.530449289,39.4924274,0.128981397,0.0535711768,0.517490309,0.0129589798,0.0,0.792413,27.90893158,60.3076,13.3373,0.561164,23.76716299
thickness+bandgap.iv,16,43,1.347,3.97,,0.929309,-17.861743,46.7942623,29.7822442,0.554587263,46.0570304,0.128987514,0.0536570649,0.540930355,0.0136569074,0.0,0.792413,27.90893158,60.3076,13.3373,0.561164,23.76716299
thickness+bandgap.iv,16,44,1.347,3.97,,0.971944,-22.3887024,51.3012237,29.7822442,0.569209087,50.5492657,0.128991283,0.0537575734,0.555106599,0.0141024883,0.0,0.792413,27.90893158,60.3076,13.3373,0.561164,23.76716299
thickness+bandgap.iv,16,45,1.347,3.97,,1.005388,-25.0775509,53.9700699,29.7822442,0.577223267,53.2099864,0.128993391,0.0538667827,0.562868869,0.0143543984,0.0,0.792413,27.90893158,60.3076,13.3373,0.561164,23.76716299
thickness+bandgap.iv,16,46,1.347,3.97,,1.032746,-26.5491486,55.4216661,29.7822442,0.581389024,54.6573033,0.128994503,0.0539793009,0.566900963,0.0144880607,0.0,0.792413,27.90893158,60.3076,13.3373,0.561164,23.76716299
thickness+bandgap.iv,16,47,1.347,3.97,,1.056696,-27.3392453,56.1917614,29.7822442,0.583544907,55.4251277,0.128995083,0.0540937457,0.568986872,0.014558035,0.0,0.792413,27.90893158,60.3076,13.3373,0.561164,23.76716299
thickness+bandgap.iv,16,48,1.347,3.97,,1.078898,-27.7795847,56.6121002,29.7822442,0.584705761,55.8441915,0.128995397,0.0542076072,0.570109802,0.0145959588,0.0,0.792413,27.90893158,60.3076,13.3373,0.561164,23.76716299
thickness+bandgap.iv,16,49,1.347,3.97,,1.100238,-28.0475705,56.8600859,29.7822442,0.585385176,56.0913847,0.128995581,0.0543205033,0.570766931,0.0146182447,0.0,0.792413,27.90893158,60.3076,13.3373,0.561164,23.76716299
thickness+bandgap.iv,16,50,1.347,3.97,,1.121157,-28.2314069,57.0239222,29.7822442,0.585831702,56.2546636,0.128995702,0.0544311154,0.571198769,0.014632933,0.0,0.792413,27.90893158,60.3076,13.3373,0.561164,23.76716299
thickness+bandgap.iv,16,51,1.347,3.97,,1.141867,-28.3733057,57.1458212,29.7822442,0.586162667,56.3761232,0.128995793,0.0545395156,0.571518823,0.0146438434,0.0,0.792413,27.90893158,60.3076,13.3373,0.561164,23.76716299
thickness+bandgap.iv,16,52,1.347,3.97,,1.162471,-28.4941612,57.2466769,29.7822442,0.586435675,56.4765981,0.128995867,0.0546472658,0.571782816,0.0146528587,0.0,0.792413,27.90893158,60.3076,13.3373,0.561164,23.76716299
thickness+bandgap.iv,16,53,1.347,3.97,,1.183016,-28.6032231,57.3357379,29.7822442,0.586676164,56.5653128,0.128995933,0.0547529628,0.572015353,0.0146608106,0.0,0.792413,27.90893158,60.3076,13.3373,0.561164,23.76716299
thickness+bandgap.iv,16,54,1.347,3.97,,1.203526,-28.7051098,57.4176252,29.7822442,0.586896806,56.6468754,0.128995993,0.0548569684,0.572228692,0.0146681144,0.0,0.792413,27.90893158,60.3076,13.3373,0.561164,23.76716299
thickness+bandgap.iv,16,55,1.347,3.97,,1.224011,-28.8021191,57.4946334,29.7822442,0.587103895,56.7235734,0.128996049,0.0549599866,0.572428919,0.0146749762,0.0,0.792413,27.90893158,60.3076,13.3373,0.561164,23.76716299
thickness+bandgap.iv,16,56,1.347,3.97,,1.244475,-28.8950644,57.567579,29.7822442,0.587299707,56.7962227,0.128996103,0.0550604602,0.572618237,0.0146814699,0.0,0.792413,27.90893158,60.3076,13.3373,0.561164,23.76716299
thickness+bandgap.iv,16,57,1.347,3.97,,1.264926,-28.9851215,57.6376376,29.7822442,0.587487442,56.8659941,0.128996154,0.0551598791,0.572799741,0.0146877015,0.0,0.792413,27.90893158,60.3076,13.3373,0.561164,23.76716299
thickness+bandgap.iv,16,58,1.347,3.97,,1.285362,-29.0724162,57.7049311,29.7822442,0.587667473,56.9330095,0.128996204,0.0552578304,0.572973792,0.0146936818,0.0,0.792413,27.90893158,60.3076,13.3373,0.561164,23.76716299
thickness+bandgap.iv,16,59,1.347,3.97,,1.305786,-29.1572636,57.7697788,29.7822442,0.587840683,56.9975867,0.128996251,0.0553551111,0.573141243,0.0146994401,0.0,0.792413,27.90893158,60.3076,13.3373,0.561164,23.76716299
thickness+bandgap.iv,16,60,1.347,3.97,,1.326199,-29.2398067,57.8323215,29.7822442,0.588007481,57.0598666,0.128996297,0.0554511484,0.573302491,0.0147049892,0.0,0.792413,27.90893158,60.3076,13.3373,0.561164,23.76716299
thickness+bandgap.iv,16,61,1.347,3.97,,1.346601,-29.3201441,57.8926588,29.7822442,0.588168163,57.119949,0.128996341,0.0555453584,0.573457824,0.0147103385,0.0,0.792413,27.90893158,60.3076,13.3373,0.561164,23.76716299
thickness+bandgap.iv,17,1,1.347,4.066,,-0.140724,28.144795,1.62755493,29.7822442,0.0418250861,1.39817838,0.128481814,0.0590696453,0.0417695171,5.55689967e-05,0.0,0.879555,27.79279676,60.9409,14.8972,0.644413,23.11747701
thickness+bandgap.iv,17,2,1.347,4.066,,-0.120488,28.0975742,1.65477501,29.7822442,0.0426829403,1.42449572,0.128490874,0.0591054778,0.0426227353,6.02050423e-05,0.0,0.879555,27.79279676,60.9409,14.8972,0.644413,23.11747701
thickness+bandgap.iv,17,3,1.347,4.066,,-0.100247,28.0493071,1.68304216,29.7822442,0.0435813318,1.45182033,0.128499963,0.0591405338,0.0435160197,6.53120384e-05,0.0,0.879555,27.79279676,60.9409,14.8972,0.644413,23.11747701
thickness+bandgap.iv,17,4,1.347,4.066,,-0.08,27.9999313,1.7124179,29.7822442,0.0445233867,1.48021063,0.128509082,0.0591747943,0.0444524418,7.09448427e-05,0.0,0.879555,27.79279676,60.9409,14.8972,0.644413,23.11747701
thickness+bandgap.iv,17,5,1.347,4.066,,-0.059747,27.9493808,1.74296844,29.7822442,0.0455125576,1.50972941,0.128518234,0.0592082406,0.0454353923,7.71653605e-05,0.0,0.879555,27.79279676,60.9409,14.8972,0.644413,23.11747701
thickness+bandgap.iv,17,6,1.347,4.066,,-0.039488,27.897584,1.77476517,29.7822442,0.046552664,1.54044424,0.128527419,0.0592408541,0.0464686205,8.40434985e-05,0.0,0.879555,27.79279676,60.9409,14.8972,0.644413,23.11747701
thickness+bandgap.iv,17,7,1.347,4.066,,-0.019222,27.8444641,1.80788511,29.7822442,0.0476479384,1.57242791,0.12853664,0.0592726165,0.0475562802,9.16582679e-05,0.0,0.879555,27.79279676,60.9409,14.8972,0.644413,23.11747701
thickness+bandgap.iv,17,8,1.347,4.066,,0.00105,27.7899377,1.84241145,29.7822442,0.048803081,1.60575896,0.128545899,0.0593035101,0.048702982,0.000100099046,0.0,0.879555,27.79279676,60.9409,14.8972,0.644413,23.11747701
thickness+bandgap.iv,17,9,1.347,4.066,,0.02133,27.7339149,1.87843425,29.7822442,0.0500233203,1.64052221,0.128555197,0.0593335178,0.0499138533,0.000109467025,0.0,0.879555,27.79279676,60.9409,14.8972,0.644413,23.11747701
thickness+bandgap.iv,17,10,1.347,4.066,,0.041619,27.6762981,1.91605102,29.7822442,0.0513144844,1.67680938,0.128564538,0.0593626232,0.0511946075,0.000119876865,0.0,0.879555,27.79279676,60.9409,14.8972,0.644413,23.11747701
thickness+bandgap.iv,17,11,1.347,4.066,,0.061915,27.6169814,1.95536763,29.7822442,0.0526830825,1.71471981,0.128573924,0.0593908112,0.0525516239,0.0001314586,0.0,0.879555,27.79279676,60.9409,14.8972,0.644413,23.11747701
thickness+bandgap.iv,17,12,1.347,4.066,,0.082221,27.5558499,1.99649908,29.7822442,0.0541363992,1.75436126,0.128583358,0.0594180676,0.0539920394,0.000144359821,0.0,0.879555,27.79279676,60.9409,14.8972,0.644413,23.11747701
thickness+bandgap.iv,17,13,1.347,4.066,,0.102536,27.4927784,2.0395706,29.7822442,0.0556826046,1.79585078,0.128592842,0.0594443797,0.0555238564,0.000158748186,0.0,0.879555,27.79279676,60.9409,14.8972,0.644413,23.11747701
thickness+bandgap.iv,17,14,1.347,4.066,,0.122862,27.4276302,2.08471877,29.7822442,0.0573308814,1.83931577,0.128602381,0.0594697363,0.057156067,0.000174814312,0.0,0.879555,27.79279676,60.9409,14.8972,0.644413,23.11747701
thickness+bandgap.iv,17,15,1.347,4.066,,0.143199,27.3602561,2.13209283,29.7822442,0.0590915741,1.88489515,0.128611977,0.059494128,0.058898799,0.000192775111,0.0,0.879555,27.79279676,60.9409,14.8972,0.644413,23.11747701
thickness+bandgap.iv,17,16,1.347,4.066,,0.163548,27.2904926,2.18185623,29.7822442,0.0609763644,1.93274068,0.128621634,0.0595175479,0.0607634867,0.000212877633,0.0,0.879555,27.79279676,60.9409,14.8972,0.644413,23.11747701
thickness+bandgap.iv,17,17,1.347,4.066,,0.183909,27.2181604,2.23418837,29.7822442,0.0629984775,1.98301855,0.128631357,0.0595399902,0.062763074,0.000235403525,0.0,0.879555,27.79279676,60.9409,14.8972,0.644413,23.11747701
thickness+bandgap.iv,17,18,1.347,4.066,,0.204285,27.1430621,2.2892867,29.7822442,0.0651729278,2.03591117,0.128641149,0.0595614525,0.0649122536,0.000260674191,0.0,0.879555,27.79279676,60.9409,14.8972,0.644413,23.11747701
thickness+bandgap.iv,17,19,1.347,4.066,,0.224675,27.0649796,2.34736911,29.7822442,0.0675168125,2.09161935,0.128651016,0.0595819344,0.0672277558,0.00028905679,0.0,0.879555,27.79279676,60.9409,14.8972,0.644413,23.11747701
thickness+bandgap.iv,17,20,1.347,4.066,,0.245082,26.9836718,2.40867687,29.7822442,0.0700496669,2.1503648,0.128660961,0.0596014384,0.0697286957,0.000320971234,0.0,0.879555,27.79279676,60.9409,14.8972,0.644413,23.11747701
thickness+bandgap.iv,17,21,1.347,4.066,,0.265506,26.8988704,2.4734781,29.7822442,0.0727938988,2.21239324,0.128670991,0.0596199697,0.0724370004,0.000356898359,0.0,0.879555,27.79279676,60.9409,14.8972,0.644413,23.11747701
thickness+bandgap.iv,17,22,1.347,4.066,,0.285949,26.8102763,2.54207213,29.7822442,0.0757753299,2.27797815,0.128681111,0.0596375364,0.0753779404,0.000397389537,0.0,0.879555,27.79279676,60.9409,14.8972,0.644413,23.11747701
thickness+bandgap.iv,17,23,1.347,4.066,,0.306412,26.7175533,2.614795,29.7822442,0.079023887,2.34742564,0.128691327,0.0596541495,0.078580809,0.000443077994,0.0,0.879555,27.79279676,60.9409,14.8972,0.644413,23.11747701
thickness+bandgap.iv,17,24,1.347,4.066,,0.326898,26.6203215,2.6920267,29.7822442,0.0825745131,2.42108072,0.128701645,0.0596698233,0.0820798208,0.000494692253,0.0,0.879555,27.79279676,60.9409,14.8972,0.644413,23.11747701
thickness+bandgap.iv,17,25,1.347,4.066,,0.347409,26.518147,2.77420111,29.7822442,0.0864684181,2.49933604,0.128712073,0.0596845748,0.0859153459,0.000553072198,0.0,0.879555,27.79279676,60.9409,14.8972,0.644413,23.11747701
thickness+bandgap.iv,17,26,1.347,4.066,,0.367947,26.4105276,2.86182035,29.7822442,0.0907548699,2.58264444,0.128722617,0.0596984242,0.0901356814,0.000619188454,0.0,0.879555,27.79279676,60.9409,14.8972,0.644413,23.11747701
thickness+bandgap.iv,17,27,1.347,4.066,,0.388516,26.2968712,2.95547661,29.7822442,0.0954938639,2.67153807,0.128733285,0.0597113944,0.0947996978,0.000694166078,0.0,0.879555,27.79279676,60.9409,14.8972,0.644413,23.11747701
thickness+bandgap.iv,17,28,1.347,4.066,,0.409118,26.1764607,3.05588695,29.7822442,0.100760244,2.76665911,0.128744085,0.0597235116,0.09998093,0.000779314038,0.0,0.879555,27.79279676,60.9409,14.8972,0.644413,23.11747701
thickness+bandgap.iv,17,29,1.347,4.066,,0.429758,26.0483963,3.16395108,29.7822442,0.106650218,2.86881103,0.128755025,0.0597348045,0.105774055,0.000876162838,0.0,0.879555,27.79279676,60.9409,14.8972,0.644413,23.11747701
thickness+bandgap.iv,17,30,1.347,4.066,,0.450443,25.9114965,3.28085064,29.7822442,0.113291793,2.97904742,0.128766116,0.0597453049,0.112305279,0.000986514257,0.0,0.879555,27.79279676,60.9409,14.8972,0.644413,23.11747701
thickness+bandgap.iv,17,31,1.347,4.066,,0.471179,25.7641233,3.40822351,29.7822442,0.120861502,3.0988296,0.128777365,0.0597550478,0.119748991,0.0011125103,0.0,0.879555,27.79279676,60.9409,14.8972,0.644413,23.11747701
thickness+bandgap.iv,17,32,1.347,4.066,,0.491981,25.6038718,3.54847473,29.7822442,0.129610987,3.23031089,0.128788783,0.0597640717,0.128354252,0.00125673464,0.0,0.879555,27.79279676,60.9409,14.8972,0.644413,23.11747701
thickness+bandgap.iv,17,33,1.347,4.066,,0.512865,25.4270104,3.70533577,29.7822442,0.139908602,3.37685437,0.12880038,0.05977242,0.13848623,0.0014223721,0.0,0.879555,27.79279676,60.9409,14.8972,0.644413,23.11747701
thickness+bandgap.iv,17,34,1.347,4.066,,0.533863,25.2274708,3.88487484,29.7822442,0.15230342,3.54397911,0.128812165,0.0597801431,0.150689943,0.00161347694,0.0,0.879555,27.79279676,60.9409,14.8972,0.644413,23.11747701
thickness+bandgap.iv,17,35,1.347,4.066,,0.555025,24.9950245,4.09732072,29.7822442,0.167622208,3.74108706,0.128824148,0.059787303,0.165786757,0.00183545085,0.0,0.879555,27.79279676,60.9409,14.8972,0.644413,23.11747701
thickness+bandgap.iv,17,36,1.347,4.066,,0.57644,24.7120068,4.36033769,29.7822442,0.187114636,3.98459274,0.128836336,0.0597939816,0.185018704,0.00209593156,0.0,0.879555,27.79279676,60.9409,14.8972,0.644413,23.11747701
thickness+bandgap.iv,17,37,1.347,4.066,,0.598262,24.3475123,4.70483148,29.7822442,0.212667791,4.30351466,0.128848734,0.0598002957,0.210261306,0.00240648479,0.0,0.879555,27.79279676,60.9409,14.8972,0.644413,23.11747701
thickness+bandgap.iv,17,38,1.347,4.066,,0.620763,23.8473516,5.18499098,29.7822442,0.247114087,4.74920913,0.12886134,0.0598064246,0.244328255,0.00278583258,0.0,0.879555,27.79279676,60.9409,14.8972,0.644413,23.11747701
thickness+bandgap.iv,17,39,1.347,4.066,,0.644413,23.117477,5.89486354,29.7822442,0.294642097,5.41153464,0.12887414,0.0598126587,0.291376242,0.0032658557,0.0,0.879555,27.79279676,60.9409,14.8972,0.644413,23.11747701
thickness+bandgap.iv,17,40,1.347,4.066,,0.670005,21.9990255,6.99331215,29.7822442,0.361246642,6.44335893,0.1288871,0.0598194804,0.357344658,0.00390198405,0.0,0.879555,27.79279676,60.9409,14.8972,0.644413,23.11747701
thickness+bandgap.iv,17,41,1.347,4.066,,0.698811,20.2377647,8.73456627,29.7822442,0.454929842,8.09090858,0.128900151,0.0598276914,0.450141463,0.00478837867,0.0,0.879555,27.79279676,60.9409,14.8972,0.644413,23.11747701
thickness+bandgap.iv,17,42,1.347,4.066,,0.732668,17.4664774,11.4858704,29.7822442,0.584848932,10.7122697,0.128913161,0.0598386001,0.578777324,0.00607160867,0.0,0.879555,27.79279676,60.9409,14.8972,0.644413,23.11747701
thickness+bandgap.iv,17,43,1.347,4.066,,0.773733,13.2534331,15.6789125,29.7822442,0.757914234,14.7322182,0.128925916,0.0598541586,0.749979922,0.00793431207,0.0,0.879555,27.79279676,60.9409,14.8972,0.644413,23.11747701
thickness+bandgap.iv,17,44,1.347,4.066,,0.823493,7.3013004,21.61104,29.7822442,0.971613449,20.4506114,0.128938067,0.0598770489,0.961111481,0.0105019688,0.0,0.879555,27.79279676,60.9409,14.8972,0.644413,23.11747701
thickness+bandgap.iv,17,45,1.347,4.066,,0.880945,-0.188992677,29.0813321,29.7822442,1.20607676,27.6863959,0.128949102,0.0599102748,1.1924212,0.0136555627,0.0,0.879555,27.79279676,60.9409,14.8972,0.644413,23.11747701
thickness+bandgap.iv,17,46,1.347,4.066,,0.941266,-8.25326873,37.1255792,29.7822442,1.42584321,35.5108211,0.12895842,0.0599564771,1.40892493,0.0169182819,0.0,0.879555,27.79279676,60.9409,14.8972,0.644413,23.11747701
thickness+bandgap.iv,17,47,1.347,4.066,,0.997379,-15.4758026,44.3281346,29.7822442,1.59785972,42.5412931,0.128965506,0.0600163439,1.57818131,0.0196784062,0.0,0.879555,27.79279676,60.9409,14.8972,0.644413,23.11747701
thickness+bandgap.iv,17,48,1.347,4.066,,1.044158,-20.8315562,49.663856,29.7822442,1.71125216,47.7635453,0.128970269,0.0600882633,1.68965496,0.0215972011,0.0,0.879555,27.79279676,60.9409,14.8972,0.644413,23.11747701
thickness+bandgap.iv,17,49,1.347,4.066,,1.081051,-24.2102382,53.0225446,29.7822442,1.77647556,51.0569273,0.128973101,0.0601686323,1.75373417,0.0227413822,0.0,0.879555,27.79279676,60.9409,14.8972,0.644413,23.11747701
thickness+bandgap.iv,17,50,1.347,4.066,,1.110603,-26.1206827,54.9129713,29.7822442,1.81119164,52.9125517,0.128974655,0.0602532282,1.78783009,0.0233615545,0.0,0.879555,27.79279676,60.9409,14.8972,0.644413,23.11747701
thickness+bandgap.iv,17,51,1.347,4.066,,1.135752,-27.1504,55.9226798,29.7822442,1.82912968,53.904236,0.128975474,0.0603386177,1.80544428,0.0236854,0.0,0.879555,27.79279676,60.9409,14.8972,0.644413,23.11747701
thickness+bandgap.iv,17,52,1.347,4.066,,1.158562,-27.7124804,56.4647496,29.7822442,1.83858536,54.4367638,0.128975911,0.0604245155,1.81472829,0.023857077,0.0,0.879555,27.79279676,60.9409,14.8972,0.644413,23.11747701
thickness+bandgap.iv,17,53,1.347,4.066,,1.180201,-28.0402584,56.7725263,29.7822442,1.8438993,54.7391409,0.128976158,0.0605099621,1.81994543,0.0239538678,0.0,0.879555,27.79279676,60.9409,14.8972,0.644413,23.11747701
thickness+bandgap.iv,17,54,1.347,4.066,,1.201267,-28.2533844,56.9656498,29.7822442,1.84721303,54.9288664,0.128976312,0.0605939799,1.82319868,0.0240143506,0.0,0.879555,27.79279676,60.9409,14.8972,0.644413,23.11747701
thickness+bandgap.iv,17,55,1.347,4.066,,1.222049,-28.4098715,57.1021354,29.7822442,1.84954518,55.0629381,0.128976421,0.060675672,1.8254882,0.0240569794,0.0,0.879555,27.79279676,60.9409,14.8972,0.644413,23.11747701
thickness+bandgap.iv,17,56,1.347,4.066,,1.242692,-28.5383552,57.2106181,29.7822442,1.85139298,55.1694915,0.128976508,0.0607570774,1.82730219,0.024090794,0.0,0.879555,27.79279676,60.9409,14.8972,0.644413,23.11747701
thickness+bandgap.iv,17,57,1.347,4.066,,1.263259,-28.6517164,57.3039825,29.7822442,1.85297919,55.2611899,0.128976582,0.0608368341,1.82885934,0.0241198472,0.0,0.879555,27.79279676,60.9409,14.8972,0.644413,23.11747701
thickness+bandgap.iv,17,58,1.347,4.066,,1.283782,-28.7563045,57.3885659,29.7822442,1.85441297,55.3442611,0.12897665,0.0609152196,1.83026684,0.0241461285,0.0,0.879555,27.79279676,60.9409,14.8972,0.644413,23.11747701
thickness+bandgap.iv,17,59,1.347,4.066,,1.304276,-28.8552299,57.4674949,29.7822442,1.85574815,55.4217772,0.128976712,0.0609927637,1.83157753,0.0241706187,0.0,0.879555,27.79279676,60.9409,14.8972,0.644413,23.11747701
thickness+bandgap.iv,17,60,1.347,4.066,,1.324748,-28.9496915,57.541956,29.7822442,1.85700534,55.4949055,0.128976772,0.0610683174,1.83281165,0.024193692,0.0,0.879555,27.79279676,60.9409,14.8972,0.644413,23.11747701
thickness+bandgap.iv,17,61,1.347,4.066,,1.345205,-29.0410199,57.6132838,29.7822442,1.85820742,55.5649566,0.128976828,0.0611429766,1.83399165,0.0242157668,0.0,0.879555,27.79279676,60.9409,14.8972,0.644413,23.11747701
thickness+bandgap.iv,18,1,1.347,4.165,,-0.140596,28.1191136,1.65321094,29.7822442,0.0415515671,1.42348645,0.128469781,0.059703143,0.0415422513,9.31577392e-06,0.0,0.913999,27.74762219,59.6921,15.1387,0.666417,22.71656669
thickness+bandgap.iv,18,2,1.347,4.165,,-0.120349,28.0697565,1.68256393,29.7822442,0.0423651137,1.45196559,0.128478031,0.0597552001,0.0423549608,1.01528504e-05,0.0,0.913999,27.74762219,59.6921,15.1387,0.666417,22.71656669
thickness+bandgap.iv,18,3,1.347,4.165,,-0.100096,28.0191421,1.71317817,29.7822442,0.0432128205,1.48167207,0.128486247,0.0598070365,0.0432017412,1.10793607e-05,0.0,0.913999,27.74762219,59.6921,15.1387,0.666417,22.71656669
thickness+bandgap.iv,18,4,1.347,4.165,,-0.079836,27.9671807,1.74513906,29.7822442,0.0440969041,1.51268908,0.128494429,0.059858649,0.0440847983,1.21057932e-05,0.0,0.913999,27.74762219,59.6921,15.1387,0.666417,22.71656669
thickness+bandgap.iv,18,5,1.347,4.165,,-0.059569,27.9137801,1.77853928,29.7822442,0.0450197844,1.54510689,0.128502574,0.0599100346,0.0450065404,1.32439591e-05,0.0,0.913999,27.74762219,59.6921,15.1387,0.666417,22.71656669
thickness+bandgap.iv,18,6,1.347,4.165,,-0.039294,27.8588391,1.8134797,29.7822442,0.0459840989,1.57902374,0.128510677,0.0599611901,0.0459695917,1.45072022e-05,0.0,0.913999,27.74762219,59.6921,15.1387,0.666417,22.71656669
thickness+bandgap.iv,18,7,1.347,4.165,,-0.019011,27.8022482,1.85007011,29.7822442,0.046992727,1.61454654,0.128518736,0.0600121113,0.0469768163,1.59106255e-05,0.0,0.913999,27.74762219,59.6921,15.1387,0.666417,22.71656669
thickness+bandgap.iv,18,8,1.347,4.165,,0.001281,27.7438876,1.88843014,29.7822442,0.0480488177,1.65179178,0.128526747,0.0600627937,0.0480313463,1.7471359e-05,0.0,0.913999,27.74762219,59.6921,15.1387,0.666417,22.71656669
thickness+bandgap.iv,18,9,1.347,4.165,,0.021582,27.6836272,1.92869012,29.7822442,0.0491558229,1.69088636,0.128534707,0.0601132315,0.049136614,1.92088757e-05,0.0,0.913999,27.74762219,59.6921,15.1387,0.666417,22.71656669
thickness+bandgap.iv,18,10,1.347,4.165,,0.041893,27.6213244,1.97099213,29.7822442,0.050317534,1.73196857,0.128542611,0.0601634183,0.0502963887,2.11453693e-05,0.0,0.913999,27.74762219,59.6921,15.1387,0.666417,22.71656669
thickness+bandgap.iv,18,11,1.347,4.165,,0.062216,27.5568248,2.01549104,29.7822442,0.0515381259,1.77518911,0.128550457,0.0602133463,0.0515148197,2.33062035e-05,0.0,0.913999,27.74762219,59.6921,15.1387,0.666417,22.71656669
thickness+bandgap.iv,18,12,1.347,4.165,,0.08255,27.4899594,2.06235564,29.7822442,0.0528222073,1.82071218,0.128558241,0.0602630061,0.0527964868,2.57204549e-05,0.0,0.913999,27.74762219,59.6921,15.1387,0.666417,22.71656669
thickness+bandgap.iv,18,13,1.347,4.165,,0.102897,27.4205445,2.11176977,29.7822442,0.0541748802,1.86871654,0.128565958,0.0603123871,0.0541464587,2.84215662e-05,0.0,0.913999,27.74762219,59.6921,15.1387,0.666417,22.71656669
thickness+bandgap.iv,18,14,1.347,4.165,,0.123258,27.3483796,2.1639336,29.7822442,0.055601811,1.91939671,0.128573605,0.0603614762,0.0555703629,3.14481417e-05,0.0,0.913999,27.74762219,59.6921,15.1387,0.666417,22.71656669
thickness+bandgap.iv,18,15,1.347,4.165,,0.143634,27.2732472,2.21906481,29.7822442,0.0571093141,1.97296406,0.128581178,0.0604102586,0.0570744692,3.48449152e-05,0.0,0.913999,27.74762219,59.6921,15.1387,0.666417,22.71656669
thickness+bandgap.iv,18,16,1.347,4.165,,0.164025,27.1949118,2.27739984,29.7822442,0.0587044539,2.02964799,0.128588673,0.0604587164,0.05866579,3.86639375e-05,0.0,0.913999,27.74762219,59.6921,15.1387,0.666417,22.71656669
thickness+bandgap.iv,18,17,1.347,4.165,,0.184434,27.1131147,2.33919506,29.7822442,0.0603951688,2.08969698,0.128596088,0.0605068286,0.0603522028,4.29660355e-05,0.0,0.913999,27.74762219,59.6921,15.1387,0.666417,22.71656669
thickness+bandgap.iv,18,18,1.347,4.165,,0.204862,27.0275804,2.40472794,29.7822442,0.0621904239,2.15337953,0.128603417,0.0605545709,0.0621426013,4.78226137e-05,0.0,0.913999,27.74762219,59.6921,15.1387,0.666417,22.71656669
thickness+bandgap.iv,18,19,1.347,4.165,,0.22531,26.9380089,2.47429803,29.7822442,0.0641004028,2.22098505,0.128610659,0.0606019144,0.0640470849,5.33178839e-05,0.0,0.913999,27.74762219,59.6921,15.1387,0.666417,22.71656669
thickness+bandgap.iv,18,20,1.347,4.165,,0.24578,26.8440935,2.54822898,29.7822442,0.0661368448,2.2928255,0.128617805,0.0606488305,0.0660772943,5.95505582e-05,0.0,0.913999,27.74762219,59.6921,15.1387,0.666417,22.71656669
thickness+bandgap.iv,18,21,1.347,4.165,,0.266273,26.745457,2.62686528,29.7822442,0.0683130032,2.36923214,0.128624862,0.0606952704,0.0682463618,6.66413578e-05,0.0,0.913999,27.74762219,59.6921,15.1387,0.666417,22.71656669
thickness+bandgap.iv,18,22,1.347,4.165,,0.286791,26.6417438,2.7105783,29.7822442,0.0706445866,2.45056069,0.128631825,0.0607411928,0.0705698551,7.47315285e-05,0.0,0.913999,27.74762219,59.6921,15.1387,0.666417,22.71656669
thickness+bandgap.iv,18,23,1.347,4.165,,0.307337,26.5325584,2.79976351,29.7822442,0.0731500006,2.53718827,0.128638691,0.0607865448,0.0730660088,8.39918767e-05,0.0,0.913999,27.74762219,59.6921,15.1387,0.666417,22.71656669
thickness+bandgap.iv,18,24,1.347,4.165,,0.327913,26.4174799,2.89484184,29.7822442,0.0758512409,2.62951388,0.128645459,0.0608312651,0.0757566123,9.46286163e-05,0.0,0.913999,27.74762219,59.6921,15.1387,0.666417,22.71656669
thickness+bandgap.iv,18,25,1.347,4.165,,0.34852,26.2960607,2.99626083,29.7822442,0.0787750752,2.72795834,0.128652129,0.0608752835,0.0786681834,0.000106891817,0.0,0.913999,27.74762219,59.6921,15.1387,0.666417,22.71656669
thickness+bandgap.iv,18,26,1.347,4.165,,0.369161,26.1678244,3.10449684,29.7822442,0.0819548226,2.83296479,0.128658702,0.0609185198,0.0818337365,0.000121086079,0.0,0.913999,27.74762219,59.6921,15.1387,0.666417,22.71656669
thickness+bandgap.iv,18,27,1.347,4.165,,0.389839,26.0322612,3.22005973,29.7822442,0.0854331115,2.94500055,0.128665179,0.0609608837,0.0852955273,0.000137584147,0.0,0.913999,27.74762219,59.6921,15.1387,0.666417,22.71656669
thickness+bandgap.iv,18,28,1.347,4.165,,0.410556,25.8888186,3.34350202,29.7822442,0.0892662643,3.06456192,0.128671562,0.0610022744,0.0891094197,0.000156844578,0.0,0.913999,27.74762219,59.6921,15.1387,0.666417,22.71656669
thickness+bandgap.iv,18,29,1.347,4.165,,0.431316,25.7368839,3.4754363,29.7822442,0.0935313837,3.19218448,0.128677856,0.061042581,0.0933519485,0.000179435267,0.0,0.913999,27.74762219,59.6921,15.1387,0.666417,22.71656669
thickness+bandgap.iv,18,30,1.347,4.165,,0.452121,25.5757526,3.61656717,29.7822442,0.0983378905,3.32846354,0.128684063,0.0610816838,0.0981318244,0.000206066106,0.0,0.913999,27.74762219,59.6921,15.1387,0.666417,22.71656669
thickness+bandgap.iv,18,31,1.347,4.165,,0.472977,25.4045705,3.76774875,29.7822442,0.103846271,3.47409283,0.128690189,0.0611194564,0.103608634,0.000237636914,0.0,0.913999,27.74762219,59.6921,15.1387,0.666417,22.71656669
thickness+bandgap.iv,18,32,1.347,4.165,,0.493889,25.222232,3.93008676,29.7822442,0.110298225,3.62993652,0.128696241,0.061155769,0.110022912,0.000275312686,0.0,0.913999,27.74762219,59.6921,15.1387,0.666417,22.71656669
thickness+bandgap.iv,18,33,1.347,4.165,,0.514864,25.0271994,4.10511885,29.7822442,0.118064381,3.79716175,0.128702224,0.0611904933,0.117743731,0.00032065034,0.0,0.913999,27.74762219,59.6921,15.1387,0.666417,22.71656669
thickness+bandgap.iv,18,34,1.347,4.165,,0.535914,24.8171839,4.29513373,29.7822442,0.127718525,3.97748354,0.128708148,0.0612235083,0.127342699,0.000375826011,0.0,0.913999,27.74762219,59.6921,15.1387,0.666417,22.71656669
thickness+bandgap.iv,18,35,1.347,4.165,,0.557057,24.5885767,4.50374034,29.7822442,0.140151566,4.17362004,0.12871402,0.0612547077,0.139707503,0.000444062943,0.0,0.913999,27.74762219,59.6921,15.1387,0.666417,22.71656669
thickness+bandgap.iv,18,36,1.347,4.165,,0.578323,24.335422,4.73689436,29.7822442,0.156745596,4.3901449,0.128719849,0.0612840087,0.156215132,0.000530463855,0.0,0.913999,27.74762219,59.6921,15.1387,0.666417,22.71656669
thickness+bandgap.iv,18,37,1.347,4.165,,0.599762,24.0475462,5.0047694,29.7822442,0.179640166,4.63509222,0.128725645,0.0613113614,0.178996505,0.000643660707,0.0,0.913999,27.74762219,59.6921,15.1387,0.666417,22.71656669
thickness+bandgap.iv,18,38,1.347,4.165,,0.621464,23.7071271,5.32518793,29.7822442,0.21214025,4.92297949,0.12873142,0.0613367613,0.211341144,0.000799106291,0.0,0.913999,27.74762219,59.6921,15.1387,0.666417,22.71656669
thickness+bandgap.iv,18,39,1.347,4.165,,0.643588,23.2824259,5.72988839,29.7822442,0.259334911,5.28045602,0.128737191,0.0613602672,0.258309305,0.00102560625,0.0,0.913999,27.74762219,59.6921,15.1387,0.666417,22.71656669
thickness+bandgap.iv,18,40,1.347,4.165,,0.666417,22.7165667,6.27574695,29.7822442,0.329000484,5.75662145,0.128742983,0.0613820286,0.327622473,0.00137801133,0.0,0.913999,27.74762219,59.6921,15.1387,0.666417,22.71656669
thickness+bandgap.iv,18,41,1.347,4.165,,0.690458,21.9084068,7.06390571,29.7822442,0.432795532,6.440959,0.128748839,0.0614023343,0.430834796,0.00196073544,0.0,0.913999,27.74762219,59.6921,15.1387,0.666417,22.71656669
thickness+bandgap.iv,18,42,1.347,4.165,,0.716583,20.6833631,8.26894792,29.7822442,0.587460847,7.49131054,0.128754834,0.0614216963,0.584493704,0.00296714316,0.0,0.913999,27.74762219,59.6921,15.1387,0.666417,22.71656669
thickness+bandgap.iv,18,43,1.347,4.165,,0.746201,18.7598825,10.1724274,29.7822442,0.814894942,9.16733035,0.128761092,0.061440979,0.810163363,0.00473157955,0.0,0.913999,27.74762219,59.6921,15.1387,0.666417,22.71656669
thickness+bandgap.iv,18,44,1.347,4.165,,0.781285,15.7429451,13.1693639,29.7822442,1.13833655,11.840798,0.128767795,0.0614615557,1.13058008,0.00775646544,0.0,0.913999,27.74762219,59.6921,15.1387,0.666417,22.71656669
thickness+bandgap.iv,18,45,1.347,4.165,,0.823896,11.2207088,17.6716145,29.7822442,1.57078542,15.9105686,0.128775143,0.0614853926,1.55817859,0.0126068319,0.0,0.913999,27.74762219,59.6921,15.1387,0.666417,22.71656669
thickness+bandgap.iv,18,46,1.347,4.165,,0.874824,5.03512979,23.8371582,29.7822442,2.09652501,21.5503351,0.128783201,0.0615148681,2.0769776,0.0195474129,0.0,0.913999,27.74762219,59.6921,15.1387,0.666417,22.71656669
thickness+bandgap.iv,18,47,1.347,4.165,,0.931914,-2.38279628,31.234998,29.7822442,2.66033092,28.3843231,0.128791738,0.0615522164,2.63226339,0.0280675325,0.0,0.913999,27.74762219,59.6921,15.1387,0.666417,22.71656669
thickness+bandgap.iv,18,48,1.347,4.165,,0.989937,-9.98733745,38.8194644,29.7822442,3.18347049,35.4455947,0.128800053,0.0615991198,3.14663716,0.0368333265,0.0,0.913999,27.74762219,59.6921,15.1387,0.666417,22.71656669
thickness+bandgap.iv,18,49,1.347,4.165,,1.042899,-16.5798049,45.3923515,29.7822442,3.60099122,41.6008973,0.128807229,0.061655805,3.55662791,0.0443633046,0.0,0.913999,27.74762219,59.6921,15.1387,0.666417,22.71656669
thickness+bandgap.iv,18,50,1.347,4.165,,1.08716,-21.4319848,50.2237443,29.7822442,3.88834231,46.144868,0.128812538,0.0617214273,3.83856873,0.0497735787,0.0,0.913999,27.74762219,59.6921,15.1387,0.666417,22.71656669
thickness+bandgap.iv,18,51,1.347,4.165,,1.122584,-24.5168877,53.2888319,29.7822442,4.06326247,49.0349601,0.128815982,0.0617933391,4.01009199,0.0531704799,0.0,0.913999,27.74762219,59.6921,15.1387,0.666417,22.71656669
thickness+bandgap.iv,18,52,1.347,4.165,,1.15143,-26.2860974,55.0377892,29.7822442,4.16019561,50.6869074,0.128817961,0.0618683228,4.10512062,0.0550749911,0.0,0.913999,27.74762219,59.6921,15.1387,0.666417,22.71656669
thickness+bandgap.iv,18,53,1.347,4.165,,1.176256,-27.2512022,55.9839498,29.7822442,4.21264993,51.5805357,0.128819073,0.0619450766,4.1565138,0.0561361263,0.0,0.913999,27.74762219,59.6921,15.1387,0.666417,22.71656669
thickness+bandgap.iv,18,54,1.347,4.165,,1.198923,-27.7846574,56.4974497,29.7822442,4.2405341,52.0660738,0.128819664,0.0620221442,4.18384115,0.0566929486,0.0,0.913999,27.74762219,59.6921,15.1387,0.666417,22.71656669
thickness+bandgap.iv,18,55,1.347,4.165,,1.220497,-28.0993154,56.7921235,29.7822442,4.25645601,52.3447493,0.128820004,0.0620982417,4.19944458,0.0570114307,0.0,0.913999,27.74762219,59.6921,15.1387,0.666417,22.71656669
thickness+bandgap.iv,18,56,1.347,4.165,,1.24153,-28.30592,56.9787295,29.7822442,4.26650553,52.5212312,0.128820219,0.0621724995,4.20929298,0.0572125538,0.0,0.913999,27.74762219,59.6921,15.1387,0.666417,22.71656669
thickness+bandgap.iv,18,57,1.347,4.165,,1.262299,-28.459745,57.1125493,29.7822442,4.27369504,52.6477875,0.128820373,0.0622464023,4.2163386,0.0573564495,0.0,0.913999,27.74762219,59.6921,15.1387,0.666417,22.71656669
thickness+bandgap.iv,18,58,1.347,4.165,,1.282933,-28.5866405,57.2194372,29.7822442,4.27942728,52.7488706,0.128820497,0.0623187886,4.22195609,0.0574711846,0.0,0.913999,27.74762219,59.6921,15.1387,0.666417,22.71656669
thickness+bandgap.iv,18,59,1.347,4.165,,1.303496,-28.6991146,57.3119028,29.7822442,4.28437911,52.8363132,0.128820604,0.0623898995,4.2268088,0.0575703174,0.0,0.913999,27.74762219,59.6921,15.1387,0.666417,22.71656669
thickness+bandgap.iv,18,60,1.347,4.165,,1.324016,-28.8031865,57.3959661,29.7822442,4.28887582,52.9158094,0.128820701,0.0624601959,4.23121545,0.0576603658,0.0,0.913999,27.74762219,59.6921,15.1387,0.666417,22.71656669
thickness+bandgap.iv,18,61,1.347,4.165,,1.344507,-28.9014505,57.4742218,29.7822442,4.29305772,52.9898145,0.128820791,0.0625287685,4.23531358,0.0577441412,0.0,0.913999,27.74762219,59.6921,15.1387,0.666417,22.71656669
thickness+bandgap.iv,19,1,1.347,4.266,,-0.140688,28.1376477,1.63484178,29.7822442,0.0445643169,1.40211502,0.128352244,0.0598101974,0.0444546855,0.000109631484,0.0,0.875332,27.75974658,56.8709,13.819,0.630393,21.92130574
thickness+bandgap.iv,19,2,1.347,4.266,,-0.120441,28.0881062,1.66437533,29.7822442,0.0455598907,1.43059336,0.128356176,0.0598659066,0.0454435277,0.000116363042,0.0,0.875332,27.75974658,56.8709,13.819,0.630393,21.92130574
thickness+bandgap.iv,19,3,1.347,4.266,,-0.100186,28.0371295,1.69535155,29.7822442,0.0466017867,1.46046829,0.128360006,0.0599214732,0.0464783195,0.000123467148,0.0,0.875332,27.75974658,56.8709,13.819,0.630393,21.92130574
thickness+bandgap.iv,19,4,1.347,4.266,,-0.079923,27.9845922,1.72788825,29.7822442,0.0476930999,1.49185452,0.128363745,0.059976889,0.0475621289,0.000130970939,0.0,0.875332,27.75974658,56.8709,13.819,0.630393,21.92130574
thickness+bandgap.iv,19,5,1.347,4.266,,-0.059652,27.9303661,1.76211373,29.7822442,0.0488372564,1.52487693,0.128367394,0.0600321524,0.048698359,0.000138897399,0.0,0.875332,27.75974658,56.8709,13.819,0.630393,21.92130574
thickness+bandgap.iv,19,6,1.347,4.266,,-0.039372,27.8743101,1.7981692,29.7822442,0.0500379953,1.55967299,0.128370955,0.0600872617,0.049890724,0.0001472713,0.0,0.875332,27.75974658,56.8709,13.819,0.630393,21.92130574
thickness+bandgap.iv,19,7,1.347,4.266,,-0.019081,27.8162683,1.83621014,29.7822442,0.0512994044,1.59639409,0.128374429,0.060142215,0.051143285,0.000156119392,0.0,0.875332,27.75974658,56.8709,13.819,0.630393,21.92130574
thickness+bandgap.iv,19,8,1.347,4.266,,0.00122,27.7560699,1.87640779,29.7822442,0.0526259621,1.635207,0.128377819,0.0601970105,0.0524604915,0.00016547063,0.0,0.875332,27.75974658,56.8709,13.819,0.630393,21.92130574
thickness+bandgap.iv,19,9,1.347,4.266,,0.021532,27.6935263,1.91895071,29.7822442,0.0540225863,1.67629535,0.128381125,0.0602516465,0.0538472298,0.000175356423,0.0,0.875332,27.75974658,56.8709,13.819,0.630393,21.92130574
thickness+bandgap.iv,19,10,1.347,4.266,,0.041858,27.628429,1.9640465,29.7822442,0.05549469,1.71986134,0.128384351,0.060306121,0.0553088791,0.000185810924,0.0,0.875332,27.75974658,56.8709,13.819,0.630393,21.92130574
thickness+bandgap.iv,19,11,1.347,4.266,,0.062197,27.5605513,2.01192361,29.7822442,0.0570482486,1.76612743,0.128387498,0.0603604321,0.0568513773,0.000196871364,0.0,0.875332,27.75974658,56.8709,13.819,0.630393,21.92130574
thickness+bandgap.iv,19,12,1.347,4.266,,0.082552,27.4896411,2.0628332,29.7822442,0.0586898784,1.81533818,0.128390568,0.0604145777,0.0584813,0.000208578433,0.0,0.875332,27.75974658,56.8709,13.819,0.630393,21.92130574
thickness+bandgap.iv,19,13,1.347,4.266,,0.102923,27.4154225,2.11705111,29.7822442,0.0604269314,1.86776206,0.128393563,0.0604685558,0.0602059547,0.000220976737,0.0,0.875332,27.75974658,56.8709,13.819,0.630393,21.92130574
thickness+bandgap.iv,19,14,1.347,4.266,,0.123312,27.3376077,2.17488131,29.7822442,0.0622677183,1.92369475,0.128396472,0.0605223741,0.0620336238,0.000234094444,0.0,0.875332,27.75974658,56.8709,13.819,0.630393,21.92130574
thickness+bandgap.iv,19,15,1.347,4.266,,0.143721,27.2558364,2.23665245,29.7822442,0.064221224,1.98345589,0.128399323,0.0605760102,0.0639731984,0.000248025676,0.0,0.875332,27.75974658,56.8709,13.819,0.630393,21.92130574
thickness+bandgap.iv,19,16,1.347,4.266,,0.164151,27.1697617,2.30272703,29.7822442,0.0662979187,2.04739754,0.128402104,0.0606294713,0.0660351076,0.000262811064,0.0,0.875332,27.75974658,56.8709,13.819,0.630393,21.92130574
thickness+bandgap.iv,19,17,1.347,4.266,,0.184605,27.0789898,2.37349876,29.7822442,0.0685095641,2.11590163,0.128404817,0.0606827543,0.0682310469,0.000278517195,0.0,0.875332,27.75974658,56.8709,13.819,0.630393,21.92130574
thickness+bandgap.iv,19,18,1.347,4.266,,0.205085,26.9830933,2.44939506,29.7822442,0.0708696081,2.18938213,0.128407466,0.0607358559,0.0705743896,0.000295218433,0.0,0.875332,27.75974658,56.8709,13.819,0.630393,21.92130574
thickness+bandgap.iv,19,19,1.347,4.266,,0.225592,26.8816099,2.53087838,29.7822442,0.073393567,2.26828599,0.128410052,0.060788772,0.0730805688,0.000312998236,0.0,0.875332,27.75974658,56.8709,13.819,0.630393,21.92130574
thickness+bandgap.iv,19,20,1.347,4.266,,0.24613,26.7740406,2.61844734,29.7822442,0.0760995383,2.35309373,0.128412576,0.0608414982,0.0757675875,0.000331950802,0.0,0.875332,27.75974658,56.8709,13.819,0.630393,21.92130574
thickness+bandgap.iv,19,21,1.347,4.266,,0.266701,26.6598501,2.71263773,29.7822442,0.0790089019,2.44431976,0.128415041,0.060894029,0.0786567188,0.000352183129,0.0,0.875332,27.75974658,56.8709,13.819,0.630393,21.92130574
thickness+bandgap.iv,19,22,1.347,4.266,,0.287308,26.5384636,2.81402394,29.7822442,0.0821473007,2.54251283,0.12841745,0.0609463579,0.081773483,0.000373817658,0.0,0.875332,27.75974658,56.8709,13.819,0.630393,21.92130574
thickness+bandgap.iv,19,23,1.347,4.266,,0.307954,26.4092659,2.92322135,29.7822442,0.0855460391,2.64825703,0.128419804,0.0609984771,0.0851490434,0.000396995689,0.0,0.875332,27.75974658,56.8709,13.819,0.630393,21.92130574
thickness+bandgap.iv,19,24,1.347,4.266,,0.328642,26.2715956,3.0408914,29.7822442,0.0892441197,2.7621748,0.128422105,0.061050377,0.0888222377,0.000421881944,0.0,0.875332,27.75974658,56.8709,13.819,0.630393,21.92130574
thickness+bandgap.iv,19,25,1.347,4.266,,0.349376,26.1247348,3.16775188,29.7822442,0.0932912655,2.88493421,0.128424356,0.0611020459,0.0928425947,0.000448670759,0.0,0.875332,27.75974658,56.8709,13.819,0.630393,21.92130574
thickness+bandgap.iv,19,26,1.347,4.266,,0.370161,25.967889,3.3045973,29.7822442,0.097752481,3.01726479,0.12842656,0.0611534692,0.0972748862,0.000477594788,0.0,0.875332,27.75974658,56.8709,13.819,0.630393,21.92130574
thickness+bandgap.iv,19,27,1.347,4.266,,0.390999,25.8001484,3.45233751,29.7822442,0.102715031,3.15998913,0.128428718,0.0612046288,0.102206094,0.000508937624,0.0,0.875332,27.75974658,56.8709,13.819,0.630393,21.92130574
thickness+bandgap.iv,19,28,1.347,4.266,,0.411898,25.6204174,3.61206812,29.7822442,0.108299226,3.31408256,0.128430833,0.0612555019,0.107756173,0.000543052813,0.0,0.875332,27.75974658,56.8709,13.819,0.630393,21.92130574
thickness+bandgap.iv,19,29,1.347,4.266,,0.432864,25.4272894,3.78519559,29.7822442,0.114675169,3.48078145,0.128432909,0.06130606,0.114094775,0.000580393664,0.0,0.875332,27.75974658,56.8709,13.819,0.630393,21.92130574
thickness+bandgap.iv,19,30,1.347,4.266,,0.453906,25.218831,3.97365344,29.7822442,0.122088781,3.66177344,0.12843495,0.0613562671,0.121467219,0.000621561866,0.0,0.875332,27.75974658,56.8709,13.819,0.630393,21.92130574
thickness+bandgap.iv,19,31,1.347,4.266,,0.475039,24.9922153,4.18026864,29.7822442,0.130902013,3.85952359,0.128436961,0.061406078,0.130234623,0.00066738984,0.0,0.875332,27.75974658,56.8709,13.819,0.630393,21.92130574
thickness+bandgap.iv,19,32,1.347,4.266,,0.496284,24.7431126,4.40937071,29.7822442,0.141654337,4.07782199,0.128438948,0.061455436,0.140935252,0.000719084945,0.0,0.875332,27.75974658,56.8709,13.819,0.630393,21.92130574
thickness+bandgap.iv,19,33,1.347,4.266,,0.517677,24.4646948,4.66778772,29.7822442,0.155155379,4.32268714,0.128440922,0.0615042699,0.15437689,0.000778488939,0.0,0.875332,27.75974658,56.8709,13.819,0.630393,21.92130574
thickness+bandgap.iv,19,34,1.347,4.266,,0.53927,24.146033,4.96644875,29.7822442,0.172621781,4.60383158,0.128442899,0.0615524922,0.171773227,0.000848554222,0.0,0.875332,27.75974658,56.8709,13.819,0.630393,21.92130574
thickness+bandgap.iv,19,35,1.347,4.266,,0.561152,23.7695623,5.32291864,29.7822442,0.195874705,4.93699904,0.1284449,0.0615999968,0.194940477,0.000934228053,0.0,0.875332,27.75974658,56.8709,13.819,0.630393,21.92130574
thickness+bandgap.iv,19,36,1.347,4.266,,0.583464,23.3071554,5.76532479,29.7822442,0.227616119,5.34761505,0.128446962,0.0616466593,0.226572022,0.00104409685,0.0,0.875332,27.75974658,56.8709,13.819,0.630393,21.92130574
thickness+bandgap.iv,19,37,1.347,4.266,,0.606429,22.7142223,6.33825699,29.7822442,0.271797049,5.87631845,0.128449142,0.0616923423,0.27060364,0.00119340871,0.0,0.875332,27.75974658,56.8709,13.819,0.630393,21.92130574
thickness+bandgap.iv,19,38,1.347,4.266,,0.630393,21.9213057,7.11117267,29.7822442,0.334065331,6.58691891,0.128451526,0.0617369096,0.332655871,0.0014094596,0.0,0.875332,27.75974658,56.8709,13.819,0.630393,21.92130574
thickness+bandgap.iv,19,39,1.347,4.266,,0.655883,20.8233091,8.18916856,29.7822442,0.422202796,7.57673126,0.128454245,0.0617802564,0.420462196,0.00174059955,0.0,0.875332,27.75974658,56.8709,13.819,0.630393,21.92130574
thickness+bandgap.iv,19,40,1.347,4.266,,0.683656,19.2688351,9.72364242,29.7822442,0.54627854,8.98708402,0.128457492,0.0618223638,0.544009054,0.00226948607,0.0,0.875332,27.75974658,56.8709,13.819,0.630393,21.92130574
thickness+bandgap.iv,19,41,1.347,4.266,,0.714711,17.0577422,11.914736,29.7822442,0.717914774,11.0064963,0.128461533,0.061863381,0.714787146,0.00312762716,0.0,0.875332,27.75974658,56.8709,13.819,0.630393,21.92130574
thickness+bandgap.iv,19,42,1.347,4.266,,0.750179,13.9641569,14.9883212,29.7822442,0.947722924,13.8502278,0.128466695,0.0619037241,0.943224117,0.00449880649,0.0,0.875332,27.75974658,56.8709,13.819,0.630393,21.92130574
thickness+bandgap.iv,19,43,1.347,4.266,,0.790967,9.8066361,19.1258249,29.7822442,1.24026247,17.695145,0.128473321,0.0619441457,1.23367648,0.00658598409,0.0,0.875332,27.75974658,56.8709,13.819,0.630393,21.92130574
thickness+bandgap.iv,19,44,1.347,4.266,,0.837167,4.56659914,24.3458117,29.7822442,1.58782466,22.5675197,0.128481569,0.0619857339,1.57830641,0.00951824606,0.0,0.875332,27.75974658,56.8709,13.819,0.630393,21.92130574
thickness+bandgap.iv,19,45,1.347,4.266,,0.887516,-1.50310502,30.3955969,29.7822442,1.96723543,28.2378404,0.128491298,0.0620297572,1.95400783,0.0132276005,0.0,0.875332,27.75974658,56.8709,13.819,0.630393,21.92130574
thickness+bandgap.iv,19,46,1.347,4.266,,0.939367,-7.87330473,36.7458176,29.7822442,2.3437483,34.2114897,0.128502004,0.0620776055,2.32636205,0.0173862482,0.0,0.875332,27.75974658,56.8709,13.819,0.630393,21.92130574
thickness+bandgap.iv,19,47,1.347,4.266,,0.989406,-13.8811257,42.7333612,29.7822442,2.68132799,39.8613903,0.128512675,0.0621302263,2.65984569,0.0214822943,0.0,0.875332,27.75974658,56.8709,13.819,0.630393,21.92130574
thickness+bandgap.iv,19,48,1.347,4.266,,1.034587,-18.9173299,47.7499355,29.7822442,2.95287633,44.6063494,0.128522175,0.0621876637,2.92786087,0.0250154618,0.0,0.875332,27.75974658,56.8709,13.819,0.630393,21.92130574
thickness+bandgap.iv,19,49,1.347,4.266,,1.07326,-22.6519606,51.4643518,29.7822442,3.1474638,48.1261076,0.128529581,0.0622508125,3.119799,0.0276647989,0.0,0.875332,27.75974658,56.8709,13.819,0.630393,21.92130574
thickness+bandgap.iv,20,1,1.347,4.37,,-0.140818,28.1636331,1.60892555,29.7822442,0.0525298748,1.36832592,0.127954799,0.0601149573,0.0520622589,0.000467615903,0.0,0.777575,27.72545701,52.5032,11.319,0.508759,22.24818906
thickness+bandgap.iv,20,2,1.347,4.37,,-0.12054,28.1080953,1.64445711,29.7822442,0.0539223765,1.40240681,0.127956867,0.0601710583,0.0534379477,0.000484428802,0.0,0.777575,27.72545701,52.5032,11.319,0.508759,22.24818906
thickness+bandgap.iv,20,3,1.347,4.37,,-0.100252,28.0503421,1.68221031,29.7822442,0.0553897203,1.43863474,0.127958869,0.0602269888,0.0548877916,0.000501928718,0.0,0.777575,27.72545701,52.5032,11.319,0.508759,22.24818906
thickness+bandgap.iv,20,4,1.347,4.37,,-0.079951,27.9901642,1.72238771,29.7822442,0.0569373446,1.4772068,0.127960842,0.060282719,0.056417119,0.000520225579,0.0,0.777575,27.72545701,52.5032,11.319,0.508759,22.24818906
thickness+bandgap.iv,20,5,1.347,4.37,,-0.059637,27.9273387,1.76521321,29.7822442,0.0585717265,1.51834045,0.12796279,0.0603382481,0.0580323577,0.000539368817,0.0,0.777575,27.72545701,52.5032,11.319,0.508759,22.24818906
thickness+bandgap.iv,20,6,1.347,4.37,,-0.039308,27.8616179,1.81093351,29.7822442,0.0603000552,1.56227516,0.127964712,0.0603935751,0.0597406431,0.000559412085,0.0,0.777575,27.72545701,52.5032,11.319,0.508759,22.24818906
thickness+bandgap.iv,20,7,1.347,4.37,,-0.018964,27.7927313,1.85981999,29.7822442,0.0621303392,1.60927434,0.127966612,0.0604486991,0.0615499254,0.000580413833,0.0,0.777575,27.72545701,52.5032,11.319,0.508759,22.24818906
thickness+bandgap.iv,20,8,1.347,4.37,,0.001398,27.7203802,1.91217082,29.7822442,0.0640715394,1.65962717,0.127968491,0.0605036189,0.0634691015,0.000602437901,0.0,0.777575,27.72545701,52.5032,11.319,0.508759,22.24818906
thickness+bandgap.iv,20,9,1.347,4.37,,0.021779,27.6442376,1.96831289,29.7822442,0.0661337323,1.71365047,0.12797035,0.0605583332,0.0655081781,0.000625554219,0.0,0.777575,27.72545701,52.5032,11.319,0.508759,22.24818906
thickness+bandgap.iv,20,10,1.347,4.37,,0.04218,27.5639461,2.02860379,29.7822442,0.0683283166,1.77169044,0.127972192,0.0606128408,0.067678477,0.000649839629,0.0,0.777575,27.72545701,52.5032,11.319,0.508759,22.24818906
thickness+bandgap.iv,20,11,1.347,4.37,,0.062604,27.479116,2.0934336,29.7822442,0.0706682753,1.83412417,0.12797402,0.0606671398,0.0699928964,0.000675378868,0.0,0.777575,27.72545701,52.5032,11.319,0.508759,22.24818906
thickness+bandgap.iv,20,12,1.347,4.37,,0.083053,27.389323,2.16322661,29.7822442,0.0731685168,1.90136103,0.127975835,0.0607212284,0.072466251,0.000702265748,0.0,0.777575,27.72545701,52.5032,11.319,0.508759,22.24818906
thickness+bandgap.iv,20,13,1.347,4.37,,0.103529,27.2941063,2.23844277,29.7822442,0.075846324,1.9738437,0.127977641,0.0607751044,0.0751157194,0.00073060458,0.0,0.777575,27.72545701,52.5032,11.319,0.508759,22.24818906
thickness+bandgap.iv,20,14,1.347,4.37,,0.124035,27.1929694,2.31957921,29.7822442,0.0787219582,2.05204904,0.127979439,0.060828765,0.0779614462,0.00076051194,0.0,0.777575,27.72545701,52.5032,11.319,0.508759,22.24818906
thickness+bandgap.iv,20,15,1.347,4.37,,0.144573,27.0853761,2.40717184,29.7822442,0.0818194839,2.13648891,0.127981234,0.0608822073,0.0810273651,0.000792118846,0.0,0.777575,27.72545701,52.5032,11.319,0.508759,22.24818906
thickness+bandgap.iv,20,16,1.347,4.37,,0.165146,26.9707494,2.50179784,29.7822442,0.0851679165,2.22771146,0.127983026,0.0609354273,0.0843423429,0.000825573521,0.0,0.777575,27.72545701,52.5032,11.319,0.508759,22.24818906
thickness+bandgap.iv,20,17,1.347,4.37,,0.185758,26.8484665,2.60408001,29.7822442,0.0888028447,2.32630392,0.127984822,0.0609884207,0.0879417998,0.000861044932,0.0,0.777575,27.72545701,52.5032,11.319,0.508759,22.24818906
thickness+bandgap.iv,20,18,1.347,4.37,,0.206411,26.7178508,2.71469522,29.7822442,0.0927687637,2.43289866,0.127986622,0.0610411818,0.0918700362,0.00089872743,0.0,0.777575,27.72545701,52.5032,11.319,0.508759,22.24818906
thickness+bandgap.iv,20,19,1.347,4.37,,0.227109,26.5781549,2.83439065,29.7822442,0.0971224715,2.54818604,0.127988432,0.061093704,0.0961836245,0.000938846982,0.0,0.777575,27.72545701,52.5032,11.319,0.508759,22.24818906
thickness+bandgap.iv,20,20,1.347,4.37,,0.247857,26.428531,2.96401426,29.7822442,0.101938078,2.67293995,0.127990256,0.0611459788,0.100956408,0.000981669749,0.0,0.777575,27.72545701,52.5032,11.319,0.508759,22.24818906
thickness+bandgap.iv,20,21,1.347,4.37,,0.26866,26.2679746,3.10457036,29.7822442,0.107314449,2.80806581,0.127992098,0.0611979955,0.106286935,0.0010275143,0.0,0.777575,27.72545701,52.5032,11.319,0.508759,22.24818906
thickness+bandgap.iv,20,22,1.347,4.37,,0.289524,26.0952269,3.25731771,29.7822442,0.11338634,2.95468767,0.127993966,0.0612497409,0.112309571,0.0010767696,0.0,0.777575,27.72545701,52.5032,11.319,0.508759,22.24818906
thickness+bandgap.iv,20,23,1.347,4.37,,0.310457,25.908605,3.42393847,29.7822442,0.120341052,3.11430036,0.127995866,0.0613011974,0.11921113,0.00112992242,0.0,0.777575,27.72545701,52.5032,11.319,0.508759,22.24818906
thickness+bandgap.iv,20,24,1.347,4.37,,0.331471,25.7057214,3.60682149,29.7822442,0.128443278,3.28902806,0.127997811,0.0613523423,0.127255677,0.00118760073,0.0,0.777575,27.72545701,52.5032,11.319,0.508759,22.24818906
thickness+bandgap.iv,20,25,1.347,4.37,,0.352585,25.4830161,3.8095262,29.7822442,0.138071815,3.48205142,0.127999818,0.0614031457,0.136821171,0.00125064468,0.0,0.777575,27.72545701,52.5032,11.319,0.508759,22.24818906
thickness+bandgap.iv,20,26,1.347,4.37,,0.373825,25.2350195,4.03752262,29.7822442,0.149772959,3.69829418,0.128001913,0.0614535674,0.148452733,0.00132022595,0.0,0.777575,27.72545701,52.5032,11.319,0.508759,22.24818906
thickness+bandgap.iv,20,27,1.347,4.37,,0.395234,24.9532031,4.29933832,29.7822442,0.164336206,3.94549442,0.128004136,0.0615035531,0.162938153,0.00139805248,0.0,0.777575,27.72545701,52.5032,11.319,0.508759,22.24818906
thickness+bandgap.iv,20,28,1.347,4.37,,0.416879,24.6242675,4.60827308,29.7822442,0.182897626,4.23581588,0.12800655,0.0615530299,0.181410902,0.00148672347,0.0,0.777575,27.72545701,52.5032,11.319,0.508759,22.24818906
thickness+bandgap.iv,20,29,1.347,4.37,,0.438861,24.227809,4.98470165,29.7822442,0.207067891,4.58802259,0.128009293,0.0616018692,0.205477273,0.00159061804,0.0,0.777575,27.72545701,52.5032,11.319,0.508759,22.24818906
thickness+bandgap.iv,20,30,1.347,4.37,,0.461337,23.7326576,5.45985422,29.7822442,0.239106018,5.03108577,0.128012423,0.0616500065,0.237390197,0.00171582134,0.0,0.777575,27.72545701,52.5032,11.319,0.508759,22.24818906
thickness+bandgap.iv,20,31,1.347,4.37,,0.484531,23.0937282,6.07878481,29.7822442,0.282039255,5.60703211,0.128016198,0.0616972443,0.280165771,0.00187348373,0.0,0.777575,27.72545701,52.5032,11.319,0.508759,22.24818906
thickness+bandgap.iv,20,32,1.347,4.37,,0.508759,22.2481891,6.90432897,29.7822442,0.339750727,6.37481395,0.128020914,0.0617433842,0.337669525,0.00208120181,0.0,0.777575,27.72545701,52.5032,11.319,0.508759,22.24818906
thickness+bandgap.iv,20,33,1.347,4.37,,0.534428,21.1144703,8.0180524,29.7822442,0.416848443,7.41138879,0.128026959,0.061788208,0.41448195,0.00236649337,0.0,0.777575,27.72545701,52.5032,11.319,0.508759,22.24818906
thickness+bandgap.iv,20,34,1.347,4.37,,0.562017,19.5966494,9.51588108,29.7822442,0.518188644,8.80782613,0.128034794,0.0618315109,0.515418901,0.0027697422,0.0,0.777575,27.72545701,52.5032,11.319,0.508759,22.24818906
thickness+bandgap.iv,20,35,1.347,4.37,,0.592013,17.5973438,11.4951517,29.7822442,0.647944026,10.6572896,0.12804493,0.0618731363,0.644599133,0.0033448928,0.0,0.777575,27.72545701,52.5032,11.319,0.508759,22.24818906
thickness+bandgap.iv,20,36,1.347,4.37,,0.624808,15.0384789,14.0340352,29.7822442,0.808447186,13.0356172,0.128057706,0.0619131323,0.804293728,0.00415345771,0.0,0.777575,27.72545701,52.5032,11.319,0.508759,22.24818906
thickness+bandgap.iv,20,37,1.347,4.37,,0.66057,11.8859292,17.1665395,29.7822442,0.998969169,15.9775453,0.128073423,0.0619516338,0.993714994,0.00525417543,0.0,0.777575,27.72545701,52.5032,11.319,0.508759,22.24818906
thickness+bandgap.iv,20,38,1.347,4.37,,0.699171,8.16585603,20.8666485,29.7822442,1.21545205,19.4611154,0.128091974,0.0619890841,1.20876784,0.0066842104,0.0,0.777575,27.72545701,52.5032,11.319,0.508759,22.24818906
thickness+bandgap.iv,20,39,1.347,4.37,,0.740163,3.96738078,25.0450511,29.7822442,1.45071991,23.404192,0.128113126,0.0620260002,1.44227405,0.00844586104,0.0,0.777575,27.72545701,52.5032,11.319,0.508759,22.24818906
thickness+bandgap.iv,20,40,1.347,4.37,,0.782849,-0.569712491,29.5623324,29.7822442,1.69587435,27.6762587,0.128136296,0.0620630686,1.68537477,0.0104995785,0.0,0.777575,27.72545701,52.5032,11.319,0.508759,22.24818906
thickness+bandgap.iv,20,41,1.347,4.37,,0.826274,-5.25471278,34.2275625,29.7822442,1.94052298,32.0967776,0.128160636,0.0621013099,1.92776509,0.0127578951,0.0,0.777575,27.72545701,52.5032,11.319,0.508759,22.24818906
thickness+bandgap.iv,20,42,1.347,4.37,,0.869495,-9.89899019,38.8515541,29.7822442,2.17511915,36.4861082,0.128185314,0.062141431,2.1600123,0.0151068529,0.0,0.777575,27.72545701,52.5032,11.319,0.508759,22.24818906
thickness+bandgap.iv,20,43,1.347,4.37,,0.911445,-14.2890322,43.2219468,29.7822442,2.39005936,40.6414936,0.128209314,0.0621844894,2.37264727,0.0174120965,0.0,0.777575,27.72545701,52.5032,11.319,0.508759,22.24818906
thickness+bandgap.iv,20,44,1.347,4.37,,0.951109,-18.2218318,47.1344481,29.7822442,2.57719742,44.3667878,0.12823135,0.0622315468,2.55767076,0.0195266611,0.0,0.777575,27.72545701,52.5032,11.319,0.508759,22.24818906
thickness+bandgap.iv,20,45,1.347,4.37,,0.987473,-21.4945492,50.3866699,29.7822442,2.72912317,47.4670143,0.128250154,0.0622822907,2.70780947,0.0213137031,0.0,0.777575,27.72545701,52.5032,11.319,0.508759,22.24818906
thickness+bandgap.iv,21,1,1.4,3.97,,-0.132122,26.4244687,1.51042507,27.9436031,0.0411831329,1.27350974,0.128492092,0.0672401065,0.0410310974,0.000152035505,0.0,0.841718,26.12368762,61.6049,13.5462,0.608735,22.25294506
thickness+bandgap.iv,21,2,1.4,3.97,,-0.111905,26.3810348,1.53385862,27.9436031,0.0421052507,1.29598739,0.12850146,0.0672645173,0.0419426343,0.000162616365,0.0,0.841718,26.12368762,61.6049,13.5462,0.608735,22.25294506
thickness+bandgap.iv,21,3,1.4,3.97,,-0.091684,26.3367383,1.55815507,27.9436031,0.0430751179,1.3192809,0.128510868,0.0672881773,0.042901003,0.000174114976,0.0,0.841718,26.12368762,61.6049,13.5462,0.608735,22.25294506
thickness+bandgap.iv,21,4,1.4,3.97,,-0.071458,26.2915269,1.58336647,27.9436031,0.0440966355,1.34343843,0.128520315,0.0673110859,0.0439100092,0.000186626375,0.0,0.841718,26.12368762,61.6049,13.5462,0.608735,22.25294506
thickness+bandgap.iv,21,5,1.4,3.97,,-0.051227,26.2453441,1.60954921,27.9436031,0.0451741229,1.36851203,0.128529805,0.0673332433,0.044973866,0.000200256944,0.0,0.841718,26.12368762,61.6049,13.5462,0.608735,22.25294506
thickness+bandgap.iv,21,6,1.4,3.97,,-0.030991,26.1981289,1.63676444,27.9436031,0.0463123705,1.39455808,0.128539339,0.0673546505,0.0460972446,0.000215125911,0.0,0.841718,26.12368762,61.6049,13.5462,0.608735,22.25294506
thickness+bandgap.iv,21,7,1.4,3.97,,-0.010749,26.1498147,1.66507866,27.9436031,0.0475167009,1.42163773,0.128548919,0.0673753089,0.0472853339,0.000231367075,0.0,0.841718,26.12368762,61.6049,13.5462,0.608735,22.25294506
thickness+bandgap.iv,21,8,1.4,3.97,,0.009498,26.1003291,1.69456426,27.9436031,0.0487930384,1.44981745,0.128558549,0.0673952208,0.0485439076,0.000249130792,0.0,0.841718,26.12368762,61.6049,13.5462,0.608735,22.25294506
thickness+bandgap.iv,21,9,1.4,3.97,,0.029752,26.0495931,1.72530022,27.9436031,0.0501479892,1.47916961,0.12856823,0.0674143891,0.049879403,0.000268586253,0.0,0.841718,26.12368762,61.6049,13.5462,0.608735,22.25294506
thickness+bandgap.iv,21,10,1.4,3.97,,0.050012,25.9975204,1.75737286,27.9436031,0.0515889336,1.50977314,0.128577965,0.0674328177,0.0512990095,0.000289924105,0.0,0.841718,26.12368762,61.6049,13.5462,0.608735,22.25294506
thickness+bandgap.iv,21,11,1.4,3.97,,0.07028,25.9440166,1.79087672,27.9436031,0.0531241324,1.54171432,0.128587757,0.0674505111,0.0528107729,0.000313359467,0.0,0.841718,26.12368762,61.6049,13.5462,0.608735,22.25294506
thickness+bandgap.iv,21,12,1.4,3.97,,0.090555,25.8889777,1.82591557,27.9436031,0.0547628497,1.57508764,0.12859761,0.0674674749,0.0544237143,0.000339135408,0.0,0.841718,26.12368762,61.6049,13.5462,0.608735,22.25294506
thickness+bandgap.iv,21,13,1.4,3.97,,0.110839,25.8322898,1.86260354,27.9436031,0.0565154956,1.6099968,0.128607527,0.0674837155,0.0561479687,0.000367526961,0.0,0.841718,26.12368762,61.6049,13.5462,0.608735,22.25294506
thickness+bandgap.iv,21,14,1.4,3.97,,0.131131,25.7738268,1.90106645,27.9436031,0.0583937916,1.64655591,0.128617511,0.0674992401,0.0579949458,0.000398845762,0.0,0.841718,26.12368762,61.6049,13.5462,0.608735,22.25294506
thickness+bandgap.iv,21,15,1.4,3.97,,0.151433,25.7134494,1.94144339,27.9436031,0.0604109627,1.6848908,0.128627568,0.0675140571,0.0599775173,0.000433445423,0.0,0.841718,26.12368762,61.6049,13.5462,0.608735,22.25294506
thickness+bandgap.iv,21,16,1.4,3.97,,0.171745,25.6510048,1.98388847,27.9436031,0.0625819628,1.72514063,0.128637701,0.0675281759,0.062110235,0.000471727758,0.0,0.841718,26.12368762,61.6049,13.5462,0.608735,22.25294506
thickness+bandgap.iv,21,17,1.4,3.97,,0.192068,25.5863203,2.02857298,27.9436031,0.0649237372,1.76745972,0.128647915,0.0675416068,0.0644095872,0.000514150019,0.0,0.841718,26.12368762,61.6049,13.5462,0.608735,22.25294506
thickness+bandgap.iv,21,18,1.4,3.97,,0.212404,25.5192053,2.07568795,27.9436031,0.0674555318,1.81201984,0.128658216,0.0675543612,0.0668942985,0.000561233315,0.0,0.841718,26.12368762,61.6049,13.5462,0.608735,22.25294506
thickness+bandgap.iv,21,19,1.4,3.97,,0.232753,25.449446,2.12544717,27.9436031,0.0701992571,1.85901285,0.128668609,0.0675664516,0.0695856846,0.000613572431,0.0,0.841718,26.12368762,61.6049,13.5462,0.608735,22.25294506
thickness+bandgap.iv,21,20,1.4,3.97,,0.253116,25.3768021,2.17809106,27.9436031,0.0731799181,1.90865415,0.1286791,0.0675778917,0.0725080708,0.000671847312,0.0,0.841718,26.12368762,61.6049,13.5462,0.608735,22.25294506
thickness+bandgap.iv,21,21,1.4,3.97,,0.273495,25.3010016,2.23389149,27.9436031,0.0764261261,1.96118697,0.128689697,0.0675886963,0.0756892896,0.000736836514,0.0,0.841718,26.12368762,61.6049,13.5462,0.608735,22.25294506
thickness+bandgap.iv,21,22,1.4,3.97,,0.293891,25.2217346,2.29315823,27.9436031,0.079970708,2.01688824,0.128700406,0.0675988811,0.079161275,0.000809433033,0.0,0.841718,26.12368762,61.6049,13.5462,0.608735,22.25294506
thickness+bandgap.iv,21,23,1.4,3.97,,0.314307,25.1386454,2.3562478,27.9436031,0.083851438,2.07607666,0.128711236,0.0676084632,0.0829607751,0.000890662964,0.0,0.841718,26.12368762,61.6049,13.5462,0.608735,22.25294506
thickness+bandgap.iv,21,24,1.4,3.97,,0.334743,25.0513168,2.42357637,27.9436031,0.0881119206,2.13912479,0.128722196,0.0676174609,0.087130213,0.000981707603,0.0,0.841718,26.12368762,61.6049,13.5462,0.608735,22.25294506
thickness+bandgap.iv,21,25,1.4,3.97,,0.355204,24.9592535,2.49563958,27.9436031,0.0928026644,2.20647773,0.128733295,0.0676258936,0.0917187347,0.00108392971,0.0,0.841718,26.12368762,61.6049,13.5462,0.608735,22.25294506
thickness+bandgap.iv,21,26,1.4,3.97,,0.375691,24.8618488,2.57304428,27.9436031,0.0979824011,2.27868356,0.128744544,0.0676337818,0.0967834962,0.00119890484,0.0,0.841718,26.12368762,61.6049,13.5462,0.608735,22.25294506
thickness+bandgap.iv,21,27,1.4,3.97,,0.396208,24.7583312,2.65656191,27.9436031,0.103719723,2.35644509,0.128755954,0.0676411476,0.102391264,0.00132845893,0.0,0.841718,26.12368762,61.6049,13.5462,0.608735,22.25294506
thickness+bandgap.iv,21,28,1.4,3.97,,0.416762,24.6476724,2.74722069,27.9436031,0.110095146,2.44070999,0.128767538,0.0676480148,0.108620432,0.00147471352,0.0,0.841718,26.12368762,61.6049,13.5462,0.608735,22.25294506
thickness+bandgap.iv,21,29,1.4,3.97,,0.437358,24.5284242,2.84646888,27.9436031,0.117203753,2.53283141,0.12877931,0.067654409,0.115563612,0.00164014032,0.0,0.841718,26.12368762,61.6049,13.5462,0.608735,22.25294506
thickness+bandgap.iv,21,30,1.4,3.97,,0.458008,24.3984254,2.95646765,27.9436031,0.125158647,2.63485736,0.128791285,0.0676603591,0.12333102,0.00182762728,0.0,0.841718,26.12368762,61.6049,13.5462,0.608735,22.25294506
thickness+bandgap.iv,21,31,1.4,3.97,,0.478729,24.2542726,3.08062041,27.9436031,0.134095554,2.75005548,0.12880348,0.0676658982,0.132054996,0.00204055841,0.0,0.841718,26.12368762,61.6049,13.5462,0.608735,22.25294506
thickness+bandgap.iv,21,32,1.4,3.97,,0.499548,24.0903622,3.2245308,27.9436031,0.144179063,2.88386475,0.128815912,0.0676710678,0.141896154,0.00228290958,0.0,0.841718,26.12368762,61.6049,13.5462,0.608735,22.25294506
thickness+bandgap.iv,21,33,1.4,3.97,,0.520514,23.8971629,3.39773004,27.9436031,0.155611163,3.04561435,0.128828599,0.0676759223,0.153051802,0.00255936132,0.0,0.841718,26.12368762,61.6049,13.5462,0.608735,22.25294506
thickness+bandgap.iv,21,34,1.4,3.97,,0.541709,23.6581308,3.6167621,27.9436031,0.168642842,3.25159715,0.12884156,0.0676805405,0.165767415,0.00287542639,0.0,0.841718,26.12368762,61.6049,13.5462,0.608735,22.25294506
thickness+bandgap.iv,21,35,1.4,3.97,,0.563279,23.344292,3.91060068,27.9436031,0.183589242,3.53047158,0.128854813,0.067685044,0.180351661,0.00323758065,0.0,0.841718,26.12368762,61.6049,13.5462,0.608735,22.25294506
thickness+bandgap.iv,21,36,1.4,3.97,,0.585475,22.9050023,4.32989051,27.9436031,0.200847463,3.93248505,0.128868368,0.0676896308,0.197194098,0.00365336496,0.0,0.841718,26.12368762,61.6049,13.5462,0.608735,22.25294506
thickness+bandgap.iv,21,37,1.4,3.97,,0.608735,22.2529451,4.96194762,27.9436031,0.220911764,4.544459,0.128882225,0.067694632,0.216780387,0.00413137777,0.0,0.841718,26.12368762,61.6049,13.5462,0.608735,22.25294506
thickness+bandgap.iv,21,38,1.4,3.97,,0.63379,21.2419182,5.95297428,27.9436031,0.244370399,5.51200692,0.128896357,0.0677006069,0.239689426,0.00468097379,0.0,0.841718,26.12368762,61.6049,13.5462,0.608735,22.25294506
thickness+bandgap.iv,21,39,1.4,3.97,,0.661801,19.6397687,7.53512323,27.9436031,0.271846953,7.06665709,0.128910695,0.0677084881,0.26653569,0.00531126355,0.0,0.841718,26.12368762,61.6049,13.5462,0.608735,22.25294506
thickness+bandgap.iv,21,40,1.4,3.97,,0.694445,17.1110941,10.0437967,27.9436031,0.30381549,9.54333636,0.128925087,0.0677197824,0.29778691,0.00602857924,0.0,0.841718,26.12368762,61.6049,13.5462,0.608735,22.25294506
thickness+bandgap.iv,21,41,1.4,3.97,,0.733748,13.2503272,13.8845659,27.9436031,0.340192258,13.3476975,0.128939259,0.0677368079,0.333360728,0.00683152979,0.0,0.841718,26.12368762,61.6049,13.5462,0.608735,22.25294506
thickness+bandgap.iv,21,42,1.4,3.97,,0.781319,7.7361174,19.3787749,27.9436031,0.379692503,18.8023669,0.128952771,0.0677627755,0.371992714,0.00769978916,0.0,0.841718,26.12368762,61.6049,13.5462,0.608735,22.25294506
thickness+bandgap.iv,21,43,1.4,3.97,,0.83678,0.643936394,26.4509564,27.9436031,0.419259731,25.8349302,0.128964998,0.0678015523,0.410675855,0.00858387629,0.0,0.841718,26.12368762,61.6049,13.5462,0.608735,22.25294506
thickness+bandgap.iv,21,44,1.4,3.97,,0.896221,-7.24418611,34.3190764,27.9436031,0.454467912,33.6677763,0.128975236,0.0678569592,0.445067713,0.00940019866,0.0,0.841718,26.12368762,61.6049,13.5462,0.608735,22.25294506
thickness+bandgap.iv,21,45,1.4,3.97,,0.952878,-14.5755853,41.6304762,27.9436031,0.481466065,40.9520964,0.128982943,0.067930736,0.471405058,0.0100610069,0.0,0.841718,26.12368762,61.6049,13.5462,0.608735,22.25294506
thickness+bandgap.iv,21,46,1.4,3.97,,1.000967,-20.1933091,47.2281953,27.9436031,0.499221616,46.5319646,0.128988074,0.0680209948,0.488702206,0.0105194093,0.0,0.841718,26.12368762,61.6049,13.5462,0.608735,22.25294506
thickness+bandgap.iv,21,47,1.4,3.97,,1.039095,-23.8190941,50.8339835,27.9436031,0.509474048,50.1273948,0.128991104,0.06812353,0.49867578,0.0107982674,0.0,0.841718,26.12368762,61.6049,13.5462,0.608735,22.25294506
thickness+bandgap.iv,21,48,1.4,3.97,,1.06947,-25.893948,52.8888354,27.9436031,0.514943888,52.1766664,0.128992755,0.0682324127,0.503993015,0.0109508735,0.0,0.841718,26.12368762,61.6049,13.5462,0.608735,22.25294506
thickness+bandgap.iv,21,49,1.4,3.97,,1.095077,-27.0153172,53.9902035,27.9436031,0.517766442,53.2751005,0.128993618,0.0683429075,0.506735416,0.0110310259,0.0,0.841718,26.12368762,61.6049,13.5462,0.608735,22.25294506
thickness+bandgap.iv,21,50,1.4,3.97,,1.118121,-27.6241937,54.5790796,27.9436031,0.519244772,53.8623865,0.128994074,0.0684542948,0.508171348,0.0110734238,0.0,0.841718,26.12368762,61.6049,13.5462,0.608735,22.25294506
thickness+bandgap.iv,21,51,1.4,3.97,,1.139875,-27.9749938,54.9098789,27.9436031,0.520065739,54.1922536,0.128994328,0.0685652525,0.508968633,0.0110971056,0.0,0.841718,26.12368762,61.6049,13.5462,0.608735,22.25294506
thickness+bandgap.iv,21,52,1.4,3.97,,1.160997,-28.1993532,55.1142386,27.9436031,0.520569409,54.3960002,0.128994485,0.0686744385,0.509457719,0.01111169,0.0,0.841718,26.12368762,61.6049,13.5462,0.608735,22.25294506
thickness+bandgap.iv,21,53,1.4,3.97,,1.181807,-28.3614152,55.2563001,27.9436031,0.520917914,54.5376069,0.128994593,0.068780708,0.509796105,0.0111218088,0.0,0.841718,26.12368762,61.6049,13.5462,0.608735,22.25294506
thickness+bandgap.iv,21,54,1.4,3.97,,1.202464,-28.4927789,55.3676638,27.9436031,0.521190148,54.6485924,0.128994678,0.0688865974,0.510060417,0.0111297313,0.0,0.841718,26.12368762,61.6049,13.5462,0.608735,22.25294506
thickness+bandgap.iv,21,55,1.4,3.97,,1.223039,-28.6077447,55.4626294,27.9436031,0.52142165,54.7432226,0.12899475,0.0689903749,0.510285171,0.0111364792,0.0,0.841718,26.12368762,61.6049,13.5462,0.608735,22.25294506
thickness+bandgap.iv,21,56,1.4,3.97,,1.243567,-28.7133152,55.5482002,27.9436031,0.521629749,54.8284833,0.128994815,0.0690923987,0.510487196,0.0111425531,0.0,0.841718,26.12368762,61.6049,13.5462,0.608735,22.25294506
thickness+bandgap.iv,21,57,1.4,3.97,,1.264065,-28.8129314,55.6278167,27.9436031,0.521822944,54.9078055,0.128994875,0.069193353,0.510674745,0.0111481992,0.0,0.841718,26.12368762,61.6049,13.5462,0.608735,22.25294506
thickness+bandgap.iv,21,58,1.4,3.97,,1.28454,-28.9079297,55.7028146,27.9436031,0.522004577,54.9825233,0.128994932,0.0692917933,0.510851065,0.0111535121,0.0,0.841718,26.12368762,61.6049,13.5462,0.608735,22.25294506
thickness+bandgap.iv,21,59,1.4,3.97,,1.304999,-28.9997052,55.7745898,27.9436031,0.522178069,55.0540277,0.128994986,0.0693890497,0.511019476,0.0111585929,0.0,0.841718,26.12368762,61.6049,13.5462,0.608735,22.25294506
thickness+bandgap.iv,21,60,1.4,3.97,,1.325443,-29.0885724,55.8434569,27.9436031,0.522344234,55.1226323,0.128995039,0.0694853993,0.511180771,0.0111634633,0.0,0.841718,26.12368762,61.6049,13.5462,0.608735,22.25294506
thickness+bandgap.iv,21,61,1.4,3.97,,1.345874,-29.1747625,55.909647,27.9436031,0.522503666,55.1885685,0.128995088,0.06957977,0.511335525,0.0111681403,0.0,0.841718,26.12368762,61.6049,13.5462,0.608735,22.25294506
thickness+bandgap.iv,22,1,1.4,4.066,,-0.131797,26.3594151,1.57532897,27.9436031,0.0388274646,1.33836616,0.128476722,0.0696586223,0.0388167566,1.07079394e-05,0.0,0.927694,26.02835607,60.7633,14.6721,0.694346,21.13083947
thickness+bandgap.iv,22,2,1.4,4.066,,-0.11156,26.3120343,1.60270915,27.9436031,0.0395653153,1.36494273,0.128485543,0.0697155657,0.0395536611,1.16541922e-05,0.0,0.927694,26.02835607,60.7633,14.6721,0.694346,21.13083947
thickness+bandgap.iv,22,3,1.4,4.066,,-0.091318,26.2635027,1.63124072,27.9436031,0.0403335434,1.39264077,0.128494377,0.0697720211,0.040320833,1.27103912e-05,0.0,0.927694,26.02835607,60.7633,14.6721,0.694346,21.13083947
thickness+bandgap.iv,22,4,1.4,4.066,,-0.071069,26.2137464,1.66099704,27.9436031,0.0411341571,1.42153169,0.128503226,0.0698279688,0.0411202653,1.38917643e-05,0.0,0.927694,26.02835607,60.7633,14.6721,0.694346,21.13083947
thickness+bandgap.iv,22,5,1.4,4.066,,-0.050813,26.1626862,1.69205719,27.9436031,0.0419693499,1.45169236,0.128512091,0.069883387,0.0419541339,1.52159257e-05,0.0,0.927694,26.02835607,60.7633,14.6721,0.694346,21.13083947
thickness+bandgap.iv,22,6,1.4,4.066,,-0.030551,26.110237,1.72450637,27.9436031,0.042841522,1.48320562,0.128520971,0.0699382521,0.0428248187,1.67032787e-05,0.0,0.927694,26.02835607,60.7633,14.6721,0.694346,21.13083947
thickness+bandgap.iv,22,7,1.4,4.066,,-0.010282,26.056307,1.7584364,27.9436031,0.0437533056,1.51616069,0.128529868,0.0699925385,0.0437349281,1.83774932e-05,0.0,0.927694,26.02835607,60.7633,14.6721,0.694346,21.13083947
thickness+bandgap.iv,22,8,1.4,4.066,,0.009996,26.0007971,1.79394624,27.9436031,0.0447075929,1.55065364,0.128538783,0.070046218,0.0446873268,2.02660666e-05,0.0,0.927694,26.02835607,60.7633,14.6721,0.694346,21.13083947
thickness+bandgap.iv,22,9,1.4,4.066,,0.030282,25.9436009,1.83114246,27.9436031,0.0457075692,1.58678791,0.128547717,0.0700992601,0.0456851683,2.24009858e-05,0.0,0.927694,26.02835607,60.7633,14.6721,0.694346,21.13083947
thickness+bandgap.iv,22,10,1.4,4.066,,0.050577,25.8846034,1.87013986,27.9436031,0.0467567511,1.62467481,0.128556671,0.0701516314,0.0467319316,2.48195035e-05,0.0,0.927694,26.02835607,60.7633,14.6721,0.694346,21.13083947
thickness+bandgap.iv,22,11,1.4,4.066,,0.070882,25.8236813,1.91106199,27.9436031,0.0478590297,1.66443402,0.128565646,0.0702032958,0.0478314647,2.75650523e-05,0.0,0.927694,26.02835607,60.7633,14.6721,0.694346,21.13083947
thickness+bandgap.iv,22,12,1.4,4.066,,0.091196,25.7607015,1.95404173,27.9436031,0.0490187224,1.70619415,0.128574645,0.0702542139,0.0489880341,3.06883162e-05,0.0,0.927694,26.02835607,60.7633,14.6721,0.694346,21.13083947
thickness+bandgap.iv,22,13,1.4,4.066,,0.111522,25.6955213,1.99922192,27.9436031,0.050240631,1.75009328,0.128583669,0.0703043435,0.0502063825,3.42484861e-05,0.0,0.927694,26.02835607,60.7633,14.6721,0.694346,21.13083947
thickness+bandgap.iv,22,14,1.4,4.066,,0.13186,25.6279872,2.04675596,27.9436031,0.051530111,1.79627949,0.12859272,0.0703536388,0.0514917963,3.83147276e-05,0.0,0.927694,26.02835607,60.7633,14.6721,0.694346,21.13083947
thickness+bandgap.iv,22,15,1.4,4.066,,0.15221,25.5579347,2.09680842,27.9436031,0.0528931519,1.84491142,0.128601801,0.0704020506,0.052850184,4.29678932e-05,0.0,0.927694,26.02835607,60.7633,14.6721,0.694346,21.13083947
thickness+bandgap.iv,22,16,1.4,4.066,,0.172574,25.4851873,2.14955574,27.9436031,0.0543364714,1.89615883,0.128610915,0.0704495265,0.0542881689,4.83025139e-05,0.0,0.927694,26.02835607,60.7633,14.6721,0.694346,21.13083947
thickness+bandgap.iv,22,17,1.4,4.066,,0.192952,25.4095562,2.20518687,27.9436031,0.0558676265,1.95020317,0.128620065,0.0704960109,0.0558131974,5.44291089e-05,0.0,0.927694,26.02835607,60.7633,14.6721,0.694346,21.13083947
thickness+bandgap.iv,22,18,1.4,4.066,,0.213346,25.3308389,2.26390404,27.9436031,0.0574951445,2.0072382,0.128629254,0.0705414449,0.0574336676,6.14768567e-05,0.0,0.927694,26.02835607,60.7633,14.6721,0.694346,21.13083947
thickness+bandgap.iv,22,19,1.4,4.066,,0.233756,25.2488193,2.32592361,27.9436031,0.0592286786,2.06747068,0.128638486,0.0705857671,0.0591590819,6.95966734e-05,0.0,0.927694,26.02835607,60.7633,14.6721,0.694346,21.13083947
thickness+bandgap.iv,22,20,1.4,4.066,,0.254184,25.1632659,2.391477,27.9436031,0.0610791936,2.13112112,0.128647767,0.0706289138,0.0610002289,7.89647504e-05,0.0,0.927694,26.02835607,60.7633,14.6721,0.694346,21.13083947
thickness+bandgap.iv,22,21,1.4,4.066,,0.27463,25.0739309,2.4608119,27.9436031,0.0630591886,2.19842479,0.128657102,0.0706708199,0.062969402,8.97866093e-05,0.0,0.927694,26.02835607,60.7633,14.6721,0.694346,21.13083947
thickness+bandgap.iv,22,22,1.4,4.066,,0.295097,24.9805489,2.53419381,27.9436031,0.0651829661,2.26963293,0.128666495,0.0707114194,0.0650806644,0.00010230174,0.0,0.927694,26.02835607,60.7633,14.6721,0.694346,21.13083947
thickness+bandgap.iv,22,23,1.4,4.066,,0.315586,24.8828347,2.61190798,27.9436031,0.0674669624,2.34501441,0.128675955,0.070750647,0.0673501735,0.000116788908,0.0,0.927694,26.02835607,60.7633,14.6721,0.694346,21.13083947
thickness+bandgap.iv,22,24,1.4,4.066,,0.336098,24.7804805,2.69426208,27.9436031,0.0699301564,2.42485799,0.128685487,0.0707884391,0.0697965842,0.00013357222,0.0,0.927694,26.02835607,60.7633,14.6721,0.694346,21.13083947
thickness+bandgap.iv,22,25,1.4,4.066,,0.356634,24.6731526,2.78158989,27.9436031,0.0725945891,2.50947547,0.1286951,0.0708247349,0.072441561,0.000153028106,0.0,0.927694,26.02835607,60.7633,14.6721,0.694346,21.13083947
thickness+bandgap.iv,22,26,1.4,4.066,,0.377198,24.560486,2.87425641,27.9436031,0.0754860397,2.59920609,0.128704802,0.0708594789,0.0753104464,0.000175593367,0.0,0.927694,26.02835607,60.7633,14.6721,0.694346,21.13083947
thickness+bandgap.iv,22,27,1.4,4.066,,0.39779,24.4420771,2.9726651,27.9436031,0.0786349405,2.69442294,0.128714601,0.0708926217,0.0784331659,0.000201774585,0.0,0.927694,26.02835607,60.7633,14.6721,0.694346,21.13083947
thickness+bandgap.iv,22,28,1.4,4.066,,0.418413,24.3174735,3.0772686,27.9436031,0.0820776679,2.7955423,0.128724509,0.070924122,0.0818455087,0.00023215923,0.0,0.927694,26.02835607,60.7633,14.6721,0.694346,21.13083947
thickness+bandgap.iv,22,29,1.4,4.066,,0.439069,24.1861572,3.18858478,27.9436031,0.0858584491,2.90303785,0.128734535,0.0709539482,0.08559102,0.000267429048,0.0,0.927694,26.02835607,60.7633,14.6721,0.694346,21.13083947
thickness+bandgap.iv,22,30,1.4,4.066,,0.459762,24.04752,3.30722184,27.9436031,0.0900322892,3.01746278,0.12874469,0.0709820799,0.0897239127,0.000308376545,0.0,0.927694,26.02835607,60.7633,14.6721,0.694346,21.13083947
thickness+bandgap.iv,22,31,1.4,4.066,,0.480496,23.9008226,3.43391904,27.9436031,0.0946696019,3.13948595,0.128754985,0.0710085088,0.094313676,0.000355925941,0.0,0.927694,26.02835607,60.7633,14.6721,0.694346,21.13083947
thickness+bandgap.iv,22,32,1.4,4.066,,0.501274,23.7451264,3.569615,27.9436031,0.0998636543,3.26995268,0.128765432,0.0710332398,0.0994524935,0.00041116082,0.0,0.927694,26.02835607,60.7633,14.6721,0.694346,21.13083947
thickness+bandgap.iv,22,33,1.4,4.066,,0.522104,23.5791757,3.71556541,27.9436031,0.105742593,3.40999048,0.128776044,0.0710562915,0.10526723,0.00047536245,0.0,0.927694,26.02835607,60.7633,14.6721,0.694346,21.13083947
thickness+bandgap.iv,22,34,1.4,4.066,,0.542994,23.4011904,3.87355046,27.9436031,0.112488736,3.56119719,0.128786832,0.0710776964,0.11193867,0.000550066054,0.0,0.927694,26.02835607,60.7633,14.6721,0.694346,21.13083947
thickness+bandgap.iv,22,35,1.4,4.066,,0.563958,23.208495,4.04624555,27.9436031,0.120369067,3.72598117,0.128797808,0.0710975017,0.119731918,0.000637148952,0.0,0.927694,26.02835607,60.7633,14.6721,0.694346,21.13083947
thickness+bandgap.iv,22,36,1.4,4.066,,0.585016,22.9968509,4.23788926,27.9436031,0.129782523,3.90818198,0.128808986,0.0711157701,0.129043546,0.000738977805,0.0,0.927694,26.02835607,60.7633,14.6721,0.694346,21.13083947
thickness+bandgap.iv,22,37,1.4,4.066,,0.606204,22.7592486,4.45549125,27.9436031,0.141331999,4.1142063,0.128820375,0.0711325819,0.14047333,0.000858669089,0.0,0.927694,26.02835607,60.7633,14.6721,0.694346,21.13083947
thickness+bandgap.iv,22,38,1.4,4.066,,0.627581,22.4837257,4.7110135,27.9436031,0.155932367,4.35510111,0.128831988,0.0711480401,0.154931797,0.00100057056,0.0,0.927694,26.02835607,60.7633,14.6721,0.694346,21.13083947
thickness+bandgap.iv,22,39,1.4,4.066,,0.649253,22.1494584,5.02528017,27.9436031,0.174970615,4.65030344,0.128843831,0.0711622804,0.173799439,0.00117117613,0.0,0.927694,26.02835607,60.7633,14.6721,0.694346,21.13083947
thickness+bandgap.iv,22,40,1.4,4.066,,0.671401,21.7198662,5.43487142,27.9436031,0.20053885,5.03430117,0.128855907,0.0711754914,0.199157969,0.00138088072,0.0,0.927694,26.02835607,60.7633,14.6721,0.694346,21.13083947
thickness+bandgap.iv,22,41,1.4,4.066,,0.694346,21.1308395,6.00389687,27.9436031,0.235758413,5.5680823,0.128868212,0.0711879508,0.234111109,0.00164730435,0.0,0.927694,26.02835607,60.7633,14.6721,0.694346,21.13083947
thickness+bandgap.iv,22,42,1.4,4.066,,0.718641,20.271826,6.84290812,27.9436031,0.285181497,6.35764581,0.128880726,0.0712000907,0.283180184,0.00200131256,0.0,0.927694,26.02835607,60.7633,14.6721,0.694346,21.13083947
thickness+bandgap.iv,22,43,1.4,4.066,,0.745205,18.9590798,8.13570134,27.9436031,0.355139102,7.58045624,0.128893399,0.0712126027,0.352642297,0.00249680519,0.0,0.927694,26.02835607,60.7633,14.6721,0.694346,21.13083947
thickness+bandgap.iv,22,44,1.4,4.066,,0.77546,16.9079317,10.166842,27.9436031,0.453606006,9.51310326,0.128906143,0.0712266064,0.450382825,0.00322318022,0.0,0.927694,26.02835607,60.7633,14.6721,0.694346,21.13083947
thickness+bandgap.iv,22,45,1.4,4.066,,0.811331,13.7338149,13.3209774,27.9436031,0.588547788,12.532267,0.128918788,0.0712438539,0.584237755,0.00431003264,0.0,0.927694,26.02835607,60.7633,14.6721,0.694346,21.13083947
thickness+bandgap.iv,22,46,1.4,4.066,,0.854759,9.0482137,17.9865764,27.9436031,0.7633624,17.0230161,0.128931071,0.0712668237,0.757468672,0.00589372833,0.0,0.927694,26.02835607,60.7633,14.6721,0.694346,21.13083947
thickness+bandgap.iv,22,47,1.4,4.066,,0.906393,2.72149602,24.2932903,27.9436031,0.96946699,23.1235821,0.128942576,0.0712986105,0.961454472,0.00801251777,0.0,0.927694,26.02835607,60.7633,14.6721,0.694346,21.13083947
thickness+bandgap.iv,22,48,1.4,4.066,,0.963826,-4.76520874,31.7599896,27.9436031,1.18174833,30.377946,0.128952744,0.0713425194,1.17128392,0.0104644052,0.0,0.927694,26.02835607,60.7633,14.6721,0.694346,21.13083947
thickness+bandgap.iv,22,49,1.4,4.066,,1.021258,-12.2515444,39.2262913,27.9436031,1.3667377,37.659192,0.128960996,0.0714005339,1.35392491,0.0128127918,0.0,0.927694,26.02835607,60.7633,14.6721,0.694346,21.13083947
thickness+bandgap.iv,22,50,1.4,4.066,,1.072275,-18.4550896,45.4097615,27.9436031,1.50172944,43.7075928,0.128966977,0.0714722504,1.48708143,0.0146480123,0.0,0.927694,26.02835607,60.7633,14.6721,0.694346,21.13083947
thickness+bandgap.iv,22,51,1.4,4.066,,1.113741,-22.7482122,49.6829681,27.9436031,1.58577435,47.8966677,0.128970791,0.071555303,1.56992652,0.0158478336,0.0,0.927694,26.02835607,60.7633,14.6721,0.694346,21.13083947
thickness+bandgap.iv,22,52,1.4,4.066,,1.146629,-25.3258827,52.2406491,27.9436031,1.6325198,50.4075113,0.128972977,0.0716450033,1.61598642,0.0165333716,0.0,0.927694,26.02835607,60.7633,14.6721,0.694346,21.13083947
thickness+bandgap.iv,22,53,1.4,4.066,,1.173743,-26.7486941,53.6434499,27.9436031,1.65707882,51.7856598,0.128974153,0.0717371314,1.6401802,0.0168986159,0.0,0.927694,26.02835607,60.7633,14.6721,0.694346,21.13083947
thickness+bandgap.iv,22,54,1.4,4.066,,1.197588,-27.5175412,54.3922893,27.9436031,1.66986573,52.5216183,0.128974775,0.0718305157,1.6527754,0.0170903371,0.0,0.927694,26.02835607,60.7633,14.6721,0.694346,21.13083947
thickness+bandgap.iv,22,55,1.4,4.066,,1.219742,-27.9484057,54.8031559,27.9436031,1.67678569,52.9254713,0.128975114,0.0719238069,1.65959114,0.0171945484,0.0,0.927694,26.02835607,60.7633,14.6721,0.694346,21.13083947
thickness+bandgap.iv,22,56,1.4,4.066,,1.24106,-28.2120312,55.0467753,27.9436031,1.6808565,53.1649275,0.128975314,0.0720159412,1.66360049,0.0172560095,0.0,0.927694,26.02835607,60.7633,14.6721,0.694346,21.13083947
thickness+bandgap.iv,22,57,1.4,4.066,,1.261967,-28.3934427,55.208184,27.9436031,1.68354031,53.3235631,0.128975446,0.0721051757,1.66624372,0.0172965947,0.0,0.927694,26.02835607,60.7633,14.6721,0.694346,21.13083947
thickness+bandgap.iv,22,58,1.4,4.066,,1.282673,-28.5346318,55.3293763,27.9436031,1.68554818,53.4426583,0.128975546,0.0721942629,1.66822118,0.017326998,0.0,0.927694,26.02835607,60.7633,14.6721,0.694346,21.13083947
thickness+bandgap.iv,22,59,1.4,4.066,,1.303275,-28.6549216,55.4296627,27.9436031,1.68720518,53.5412,0.128975628,0.0722818606,1.66985307,0.0173521103,0.0,0.927694,26.02835607,60.7633,14.6721,0.694346,21.13083947
thickness+bandgap.iv,22,60,1.4,4.066,,1.323818,-28.7636408,55.5183802,27.9436031,1.68866759,53.6283692,0.1289757,0.0723676797,1.6712933,0.0173742908,0.0,0.927694,26.02835607,60.7633,14.6721,0.694346,21.13083947
thickness+bandgap.iv,22,61,1.4,4.066,,1.344326,-28.8652924,55.6000332,27.9436031,1.69001071,53.7085947,0.128975767,0.0724520193,1.67261604,0.017394676,0.0,0.927694,26.02835607,60.7633,14.6721,0.694346,21.13083947
thickness+bandgap.iv,23,1,1.4,4.165,,-0.131775,26.3549677,1.57977681,27.9436031,0.0392732259,1.34225247,0.128469432,0.0697816864,0.0392661609,7.06498823e-06,0.0,0.950716,26.01977227,59.059,14.6097,0.718304,20.33911004
thickness+bandgap.iv,23,2,1.4,4.165,,-0.111536,26.3071491,1.60759186,27.9436031,0.0400325905,1.36923839,0.128477682,0.0698432022,0.0400249042,7.68637117e-06,0.0,0.950716,26.01977227,59.059,14.6097,0.718304,20.33911004
thickness+bandgap.iv,23,3,1.4,4.165,,-0.091291,26.2581204,1.63662028,27.9436031,0.0408228949,1.39740698,0.128485898,0.0699045064,0.0408145234,8.37153132e-06,0.0,0.950716,26.01977227,59.059,14.6097,0.718304,20.33911004
thickness+bandgap.iv,23,4,1.4,4.165,,-0.071039,26.2077949,1.66694544,27.9436031,0.0416460433,1.42683971,0.12849408,0.0699655997,0.0416369159,9.12736086e-06,0.0,0.950716,26.01977227,59.059,14.6097,0.718304,20.33911004
thickness+bandgap.iv,23,5,1.4,4.165,,-0.05078,26.156082,1.69865799,27.9436031,0.0425041014,1.45762518,0.128502223,0.0700264836,0.0424941399,9.96149215e-06,0.0,0.950716,26.01977227,59.059,14.6097,0.718304,20.33911004
thickness+bandgap.iv,23,6,1.4,4.165,,-0.030514,26.1028829,1.73185673,27.9436031,0.0433993052,1.48985994,0.128510325,0.07008716,0.0433884228,1.0882396e-05,0.0,0.950716,26.01977227,59.059,14.6097,0.718304,20.33911004
thickness+bandgap.iv,23,7,1.4,4.165,,-0.01024,26.0480899,1.76664937,27.9436031,0.0443340778,1.52364928,0.128518382,0.0701476304,0.0443221783,1.18994762e-05,0.0,0.950716,26.01977227,59.059,14.6097,0.718304,20.33911004
thickness+bandgap.iv,23,8,1.4,4.165,,0.010042,25.9915851,1.80315347,27.9436031,0.0453110491,1.55910814,0.12852639,0.0702078964,0.0452980259,1.30231758e-05,0.0,0.950716,26.01977227,59.059,14.6097,0.718304,20.33911004
thickness+bandgap.iv,23,9,1.4,4.165,,0.030334,25.9332408,1.84149739,27.9436031,0.0463330771,1.59636201,0.128534346,0.0702679597,0.046318812,1.42650974e-05,0.0,0.950716,26.01977227,59.059,14.6097,0.718304,20.33911004
thickness+bandgap.iv,23,10,1.4,4.165,,0.050635,25.8729163,1.88182132,27.9436031,0.0474032733,1.63554798,0.128542246,0.0703278217,0.0473876352,1.56381401e-05,0.0,0.950716,26.01977227,59.059,14.6097,0.718304,20.33911004
thickness+bandgap.iv,23,11,1.4,4.165,,0.070948,25.8104582,1.92427843,27.9436031,0.0485250305,1.67681583,0.128550085,0.0703874836,0.0485078738,1.71566553e-05,0.0,0.950716,26.01977227,59.059,14.6097,0.718304,20.33911004
thickness+bandgap.iv,23,12,1.4,4.165,,0.091271,25.7457002,1.96903606,27.9436031,0.0497020552,1.7203292,0.12855786,0.0704469464,0.0496832186,1.88366267e-05,0.0,0.950716,26.01977227,59.059,14.6097,0.718304,20.33911004
thickness+bandgap.iv,23,13,1.4,4.165,,0.111608,25.6784587,2.01627702,27.9436031,0.0509384052,1.76626684,0.128565566,0.070506211,0.0509177093,2.06958786e-05,0.0,0.950716,26.01977227,59.059,14.6097,0.718304,20.33911004
thickness+bandgap.iv,23,14,1.4,4.165,,0.131957,25.6085337,2.06620092,27.9436031,0.0522385323,1.81482391,0.1285732,0.0705652778,0.052215778,2.2754319e-05,0.0,0.950716,26.01977227,59.059,14.6097,0.718304,20.33911004
thickness+bandgap.iv,23,15,1.4,4.165,,0.152321,25.535708,2.11902557,27.9436031,0.0536073336,1.86621333,0.128580757,0.0706241467,0.0535822994,2.5034226e-05,0.0,0.950716,26.01977227,59.059,14.6097,0.718304,20.33911004
thickness+bandgap.iv,23,16,1.4,4.165,,0.172701,25.4597439,2.17498838,27.9436031,0.0550502103,1.92066712,0.128588232,0.070682817,0.0550226497,2.75605876e-05,0.0,0.950716,26.01977227,59.059,14.6097,0.718304,20.33911004
thickness+bandgap.iv,23,17,1.4,4.165,,0.193098,25.3803836,2.23434785,27.9436031,0.0565731391,1.9784378,0.128595622,0.0707412873,0.0565427776,3.03615099e-05,0.0,0.950716,26.01977227,59.059,14.6097,0.718304,20.33911004
thickness+bandgap.iv,23,18,1.4,4.165,,0.213513,25.2973453,2.29738487,27.9436031,0.0581827579,2.03979963,0.128602922,0.0707995554,0.0581492892,3.3468709e-05,0.0,0.950716,26.01977227,59.059,14.6097,0.718304,20.33911004
thickness+bandgap.iv,23,19,1.4,4.165,,0.233948,25.2103252,2.36440409,27.9436031,0.0598864704,2.10504987,0.128610128,0.070857618,0.0598495523,3.6918113e-05,0.0,0.950716,26.01977227,59.059,14.6097,0.718304,20.33911004
thickness+bandgap.iv,23,20,1.4,4.165,,0.254405,25.1189921,2.43573508,27.9436031,0.0616925762,2.17450979,0.128617236,0.0709154701,0.0616518256,4.0750602e-05,0.0,0.950716,26.01977227,59.059,14.6097,0.718304,20.33911004
thickness+bandgap.iv,23,21,1.4,4.165,,0.274885,25.0230077,2.51173493,27.9436031,0.0636105124,2.24852707,0.128624237,0.0709731115,0.0635655007,4.50116901e-05,0.0,0.950716,26.01977227,59.059,14.6097,0.718304,20.33911004
thickness+bandgap.iv,23,22,1.4,4.165,,0.29539,24.9219595,2.59278299,27.9436031,0.0656507645,2.32747057,0.128631138,0.0710305225,0.0656010072,4.97573406e-05,0.0,0.950716,26.01977227,59.059,14.6097,0.718304,20.33911004
thickness+bandgap.iv,23,23,1.4,4.165,,0.315923,24.8154526,2.6792897,27.9436031,0.0678255814,2.41173849,0.12863793,0.0710876976,0.0677705326,5.50488066e-05,0.0,0.950716,26.01977227,59.059,14.6097,0.718304,20.33911004
thickness+bandgap.iv,23,24,1.4,4.165,,0.336485,24.7030507,2.77169148,27.9436031,0.0701490658,2.50175318,0.12864461,0.071144623,0.0700881071,6.09586867e-05,0.0,0.950716,26.01977227,59.059,14.6097,0.718304,20.33911004
thickness+bandgap.iv,23,25,1.4,4.165,,0.357079,24.58429,2.87045191,27.9436031,0.0726377585,2.59796169,0.128651176,0.0712012812,0.0725701862,6.75723278e-05,0.0,0.950716,26.01977227,59.059,14.6097,0.718304,20.33911004
thickness+bandgap.iv,23,26,1.4,4.165,,0.377707,24.4586803,2.97606145,27.9436031,0.0753113697,2.70083481,0.128657626,0.0712576504,0.0752363787,7.49909551e-05,0.0,0.950716,26.01977227,59.059,14.6097,0.718304,20.33911004
thickness+bandgap.iv,23,27,1.4,4.165,,0.398371,24.3257038,3.08903766,27.9436031,0.0781938445,2.81086616,0.128663958,0.071313703,0.0781105087,8.33357988e-05,0.0,0.950716,26.01977227,59.059,14.6097,0.718304,20.33911004
thickness+bandgap.iv,23,28,1.4,4.165,,0.419076,24.1848148,3.20992634,27.9436031,0.0813149613,2.9285718,0.12867017,0.071369405,0.0812222077,9.27536133e-05,0.0,0.950716,26.01977227,59.059,14.6097,0.718304,20.33911004
thickness+bandgap.iv,23,29,1.4,4.165,,0.439823,24.0354355,3.33930537,27.9436031,0.084712791,3.05449161,0.128676263,0.0714247142,0.0846093668,0.000103424184,0.0,0.950716,26.01977227,59.059,14.6097,0.718304,20.33911004
thickness+bandgap.iv,23,30,1.4,4.165,,0.460615,23.8769468,3.47779363,27.9436031,0.0884375617,3.18919425,0.128682236,0.0714795784,0.088321991,0.000115570761,0.0,0.950716,26.01977227,59.059,14.6097,0.718304,20.33911004
thickness+bandgap.iv,23,31,1.4,4.165,,0.481457,23.7086704,3.62606962,27.9436031,0.0925578362,3.33328976,0.128688092,0.0715339336,0.0924283612,0.00012947494,0.0,0.950716,26.01977227,59.059,14.6097,0.718304,20.33911004
thickness+bandgap.iv,23,32,1.4,4.165,,0.502351,23.5298319,3.78490768,27.9436031,0.0971704686,3.48745568,0.128693831,0.0715877013,0.09702497,0.000145498626,0.0,0.950716,26.01977227,59.059,14.6097,0.718304,20.33911004
thickness+bandgap.iv,23,33,1.4,4.165,,0.523303,23.3394938,3.95524525,27.9436031,0.102416682,3.65248832,0.128699458,0.0716407858,0.102252564,0.000164117704,0.0,0.950716,26.01977227,59.059,14.6097,0.718304,20.33911004
thickness+bandgap.iv,23,34,1.4,4.165,,0.544318,23.1364342,4.13830432,27.9436031,0.108507864,3.8293984,0.128704977,0.0716930719,0.108321888,0.000185976024,0.0,0.950716,26.01977227,59.059,14.6097,0.718304,20.33911004
thickness+bandgap.iv,23,35,1.4,4.165,,0.565405,22.9189313,4.33580654,27.9436031,0.115766433,4.01958529,0.128710394,0.0717444221,0.115554457,0.000211976035,0.0,0.950716,26.01977227,59.059,14.6097,0.718304,20.33911004
thickness+bandgap.iv,23,36,1.4,4.165,,0.586578,22.6843871,4.55035011,27.9436031,0.124689486,4.22515023,0.128715719,0.0717946751,0.124446048,0.000243437854,0.0,0.950716,26.01977227,59.059,14.6097,0.718304,20.33911004
thickness+bandgap.iv,23,37,1.4,4.165,,0.607857,22.4286701,4.78606629,27.9436031,0.13604617,4.44945551,0.128720962,0.0718436457,0.13576378,0.000282389589,0.0,0.950716,26.01977227,59.059,14.6097,0.718304,20.33911004
thickness+bandgap.iv,23,38,1.4,4.165,,0.629275,22.1449738,5.04976176,27.9436031,0.151024463,4.69812004,0.128726135,0.0718911287,0.150692349,0.000332113813,0.0,0.950716,26.01977227,59.059,14.6097,0.718304,20.33911004
thickness+bandgap.iv,23,39,1.4,4.165,,0.650891,21.8218264,5.35290837,27.9436031,0.171450216,4.98078999,0.128731257,0.0719369072,0.171052018,0.000398198144,0.0,0.950716,26.01977227,59.059,14.6097,0.718304,20.33911004
thickness+bandgap.iv,23,40,1.4,4.165,,0.672801,21.4397052,5.71507786,27.9436031,0.200111778,5.31424896,0.12873635,0.0719807731,0.199621211,0.000490567656,0.0,0.950716,26.01977227,59.059,14.6097,0.718304,20.33911004
thickness+bandgap.iv,23,41,1.4,4.165,,0.695176,20.9647415,6.17004081,27.9436031,0.241229229,5.72804759,0.128741441,0.072022544,0.240601762,0.000627466348,0.0,0.950716,26.01977227,59.059,14.6097,0.718304,20.33911004
thickness+bandgap.iv,23,42,1.4,4.165,,0.718304,20.33911,6.77567109,27.9436031,0.301110599,6.27375179,0.128746572,0.0720621271,0.300267692,0.000842907107,0.0,0.950716,26.01977227,59.059,14.6097,0.718304,20.33911004
thickness+bandgap.iv,23,43,1.4,4.165,,0.742677,19.4646503,7.6301299,27.9436031,0.388953986,7.04032454,0.128751796,0.0720995806,0.387753757,0.00120022884,0.0,0.950716,26.01977227,59.059,14.6097,0.718304,20.33911004
thickness+bandgap.iv,23,44,1.4,4.165,,0.769098,18.1804552,8.89432422,27.9436031,0.517537022,8.17589478,0.128757197,0.0721352235,0.515722959,0.0018140627,0.0,0.950716,26.01977227,59.059,14.6097,0.718304,20.33911004
thickness+bandgap.iv,23,45,1.4,4.165,,0.798797,16.2406837,10.8140953,27.9436031,0.702944808,9.91021784,0.128762896,0.0721697806,0.700066558,0.00287824945,0.0,0.950716,26.01977227,59.059,14.6097,0.718304,20.33911004
thickness+bandgap.iv,23,46,1.4,4.165,,0.833407,13.3186973,13.7160819,27.9436031,0.961519176,12.5535892,0.128769048,0.0722045399,0.956840012,0.00467916402,0.0,0.950716,26.01977227,59.059,14.6097,0.718304,20.33911004
thickness+bandgap.iv,23,47,1.4,4.165,,0.874543,9.09135173,17.9234258,27.9436031,1.30184537,16.4205632,0.128775813,0.0722414242,1.29430538,0.007539991,0.0,0.950716,26.01977227,59.059,14.6097,0.718304,20.33911004
thickness+bandgap.iv,23,48,1.4,4.165,,0.922772,3.44563856,23.5491542,27.9436031,1.7128104,21.6352777,0.128783242,0.0722828211,1.70117478,0.0116356199,0.0,0.950716,26.01977227,59.059,14.6097,0.718304,20.33911004
thickness+bandgap.iv,23,49,1.4,4.165,,0.976396,-3.27914419,30.2539546,27.9436031,2.15656228,27.8962702,0.128791107,0.0723310493,2.13982318,0.0167391046,0.0,0.950716,26.01977227,59.059,14.6097,0.718304,20.33911004
thickness+bandgap.iv,23,50,1.4,4.165,,1.031272,-10.2543881,37.2093239,27.9436031,2.57763731,34.4304998,0.128798861,0.0723879943,2.55548198,0.022155329,0.0,0.950716,26.01977227,59.059,14.6097,0.718304,20.33911004
thickness+bandgap.iv,23,51,1.4,4.165,,1.082384,-16.476726,43.4112531,27.9436031,2.92544441,40.2845488,0.128805681,0.0724541556,2.89844626,0.0269981546,0.0,0.950716,26.01977227,59.059,14.6097,0.718304,20.33911004
thickness+bandgap.iv,23,52,1.4,4.165,,1.126113,-21.222652,48.1371593,27.9436031,3.17554144,44.7602779,0.128810942,0.0725290297,3.1448668,0.0306746338,0.0,0.950716,26.01977227,59.059,14.6097,0.718304,20.33911004
thickness+bandgap.iv,23,53,1.4,4.165,,1.161765,-24.3530062,51.2481983,27.9436031,3.33393761,47.7128361,0.128814468,0.0726101018,3.30084851,0.0330890959,0.0,0.950716,26.01977227,59.059,14.6097,0.718304,20.33911004
thickness+bandgap.iv,23,54,1.4,4.165,,1.191004,-26.2008973,53.0752806,27.9436031,3.42388084,49.4498888,0.128816539,0.072694371,3.38941087,0.0344699698,0.0,0.950716,26.01977227,59.059,14.6097,0.718304,20.33911004
thickness+bandgap.iv,23,55,1.4,4.165,,1.216115,-27.2230508,54.0784412,27.9436031,3.47336874,50.4034733,0.128817711,0.0727814649,3.43811237,0.0352563643,0.0,0.950716,26.01977227,59.059,14.6097,0.718304,20.33911004
thickness+bandgap.iv,23,56,1.4,4.165,,1.23895,-27.7900132,54.6252909,27.9436031,3.49974606,50.9238576,0.128818341,0.0728689216,3.46407691,0.0356691455,0.0,0.950716,26.01977227,59.059,14.6097,0.718304,20.33911004
thickness+bandgap.iv,23,57,1.4,4.165,,1.26061,-28.1219354,54.9373303,27.9436031,3.51483384,51.2207224,0.128818705,0.0729553932,3.4789255,0.035908333,0.0,0.950716,26.01977227,59.059,14.6097,0.718304,20.33911004
thickness+bandgap.iv,23,58,1.4,4.165,,1.281693,-28.338593,55.1329571,27.9436031,3.5236295,51.407468,0.128818914,0.0730407648,3.48759612,0.0360333793,0.0,0.950716,26.01977227,59.059,14.6097,0.718304,20.33911004
thickness+bandgap.iv,23,59,1.4,4.165,,1.302484,-28.4967483,55.2711155,27.9436031,3.53025125,51.5389206,0.128819075,0.0731245797,3.49411327,0.0361379792,0.0,0.950716,26.01977227,59.059,14.6097,0.718304,20.33911004
thickness+bandgap.iv,23,60,1.4,4.165,,1.323125,-28.6249599,55.3803707,27.9436031,3.53608492,51.6422594,0.128819219,0.0732071417,3.49984086,0.0362440585,0.0,0.950716,26.01977227,59.059,14.6097,0.718304,20.33911004
thickness+bandgap.iv,23,61,1.4,4.165,,1.343694,-28.7387406,55.4741249,27.9436031,3.5405521,51.7314652,0.128819328,0.0732882736,3.50423774,0.0363143542,0.0,0.950716,26.01977227,59.059,14.6097,0.718304,20.33911004
thickness+bandgap.iv,24,1,1.4,4.266,,-0.131855,26.3710398,1.56385209,27.9436031,0.0421525599,1.32345867,0.128353681,0.0698871755,0.0420536498,9.89101409e-05,0.0,0.880179,26.03023761,56.9747,13.0536,0.637641,20.47174297
thickness+bandgap.iv,24,2,1.4,4.266,,-0.111615,26.322986,1.59189897,27.9436031,0.0430912194,1.35049785,0.128357632,0.0699522689,0.042986198,0.000105021362,0.0,0.880179,26.03023761,56.9747,13.0536,0.637641,20.47174297
thickness+bandgap.iv,24,3,1.4,4.266,,-0.091368,26.2735546,1.62133011,27.9436031,0.0440733689,1.37887806,0.128361483,0.0700171968,0.0439618963,0.000111472607,0.0,0.880179,26.03023761,56.9747,13.0536,0.637641,20.47174297
thickness+bandgap.iv,24,4,1.4,4.266,,-0.071113,26.2226256,1.65225844,27.9436031,0.0451019003,1.40870935,0.128365241,0.0700819511,0.0449836125,0.000118287821,0.0,0.880179,26.03023761,56.9747,13.0536,0.637641,20.47174297
thickness+bandgap.iv,24,5,1.4,4.266,,-0.05085,26.1700763,1.68480728,27.9436031,0.0461800067,1.44011183,0.128368909,0.0701465299,0.0460545189,0.000125487859,0.0,0.880179,26.03023761,56.9747,13.0536,0.637641,20.47174297
thickness+bandgap.iv,24,6,1.4,4.266,,-0.030579,26.1157706,1.71911229,27.9436031,0.0473111697,1.4732177,0.128372488,0.0702109313,0.0471780745,0.000133095178,0.0,0.880179,26.03023761,56.9747,13.0536,0.637641,20.47174297
thickness+bandgap.iv,24,7,1.4,4.266,,-0.010298,26.0595599,1.75532283,27.9436031,0.0484991918,1.50817251,0.12837598,0.0702751537,0.0483580578,0.000141134009,0.0,0.880179,26.03023761,56.9747,13.0536,0.637641,20.47174297
thickness+bandgap.iv,24,8,1.4,4.266,,0.009994,26.0012786,1.79360336,27.9436031,0.049748235,1.54513654,0.128379386,0.0703391951,0.0495986044,0.000149630556,0.0,0.880179,26.03023761,56.9747,13.0536,0.637641,20.47174297
thickness+bandgap.iv,24,9,1.4,4.266,,0.030296,25.9407463,1.83413491,27.9436031,0.0510628638,1.58428628,0.128382709,0.0704030537,0.0509042506,0.000158613209,0.0,0.880179,26.03023761,56.9747,13.0536,0.637641,20.47174297
thickness+bandgap.iv,24,10,1.4,4.266,,0.050611,25.8777636,1.87711675,27.9436031,0.0524480971,1.62581597,0.12838595,0.0704667278,0.0522799843,0.000168112799,0.0,0.880179,26.03023761,56.9747,13.0536,0.637641,20.47174297
thickness+bandgap.iv,24,11,1.4,4.266,,0.070939,25.8121119,1.92276808,27.9436031,0.0539094677,1.66993928,0.128389112,0.0705302154,0.0537313048,0.000178162889,0.0,0.880179,26.03023761,56.9747,13.0536,0.637641,20.47174297
thickness+bandgap.iv,24,12,1.4,4.266,,0.091282,25.7435493,1.97132982,27.9436031,0.055453094,1.71689102,0.128392195,0.0705935147,0.0552642939,0.0001888001,0.0,0.880179,26.03023761,56.9747,13.0536,0.637641,20.47174297
thickness+bandgap.iv,24,13,1.4,4.266,,0.111641,25.671812,2.02306649,27.9436031,0.0570857654,1.7669289,0.128395203,0.0706566239,0.0568857009,0.000200064499,0.0,0.880179,26.03023761,56.9747,13.0536,0.637641,20.47174297
thickness+bandgap.iv,24,14,1.4,4.266,,0.132017,25.5966099,2.07826801,27.9436031,0.0588150464,1.82033529,0.128398138,0.0707195411,0.0586030464,0.000212000041,0.0,0.880179,26.03023761,56.9747,13.0536,0.637641,20.47174297
thickness+bandgap.iv,24,15,1.4,4.266,,0.152412,25.5176243,2.13725158,27.9436031,0.0606494048,1.87741892,0.128401,0.0707822642,0.0604247497,0.000224655099,0.0,0.880179,26.03023761,56.9747,13.0536,0.637641,20.47174297
thickness+bandgap.iv,24,16,1.4,4.266,,0.172827,25.4345117,2.20036344,27.9436031,0.0625983711,1.93851649,0.128403792,0.0708447911,0.0623602881,0.000238083076,0.0,0.880179,26.03023761,56.9747,13.0536,0.637641,20.47174297
thickness+bandgap.iv,24,17,1.4,4.266,,0.193266,25.3468936,2.26798045,27.9436031,0.0646727423,2.00399407,0.128406517,0.0709071195,0.0644203992,0.000252343143,0.0,0.880179,26.03023761,56.9747,13.0536,0.637641,20.47174297
thickness+bandgap.iv,24,18,1.4,4.266,,0.213728,25.2543619,2.34051154,27.9436031,0.066884843,2.07424828,0.128409175,0.0709692469,0.0666173419,0.000267501125,0.0,0.880179,26.03023761,56.9747,13.0536,0.637641,20.47174297
thickness+bandgap.iv,24,19,1.4,4.266,,0.234218,25.1564734,2.41839892,27.9436031,0.0692488696,2.14970711,0.12841177,0.0710311706,0.068965239,0.000283630566,0.0,0.880179,26.03023761,56.9747,13.0536,0.637641,20.47174297
thickness+bandgap.iv,24,20,1.4,4.266,,0.254736,25.052752,2.50211903,27.9436031,0.0717813498,2.23083049,0.128414303,0.0710928874,0.0714805357,0.000300814046,0.0,0.880179,26.03023761,56.9747,13.0536,0.637641,20.47174297
thickness+bandgap.iv,24,21,1.4,4.266,,0.275286,24.9427002,2.59219024,27.9436031,0.074501867,2.3181172,0.128416764,0.0711544055,0.0741827506,0.00031911645,0.0,0.880179,26.03023761,56.9747,13.0536,0.637641,20.47174297
thickness+bandgap.iv,24,22,1.4,4.266,,0.295871,24.8257422,2.68914805,27.9436031,0.0774335323,2.41207964,0.128419179,0.0712156972,0.0770948342,0.000338698157,0.0,0.880179,26.03023761,56.9747,13.0536,0.637641,20.47174297
thickness+bandgap.iv,24,23,1.4,4.266,,0.316493,24.7013055,2.7935845,27.9436031,0.0806048098,2.51328139,0.128421539,0.0712767691,0.0802451556,0.000359654235,0.0,0.880179,26.03023761,56.9747,13.0536,0.637641,20.47174297
thickness+bandgap.iv,24,24,1.4,4.266,,0.337156,24.568761,2.9061288,27.9436031,0.0840508829,2.62231646,0.128423845,0.071337615,0.0836687582,0.000382124773,0.0,0.880179,26.03023761,56.9747,13.0536,0.637641,20.47174297
thickness+bandgap.iv,24,25,1.4,4.266,,0.357863,24.4274272,3.02746233,27.9436031,0.0878163352,2.73982167,0.128426099,0.0713982274,0.0874100619,0.000406273271,0.0,0.880179,26.03023761,56.9747,13.0536,0.637641,20.47174297
thickness+bandgap.iv,24,26,1.4,4.266,,0.378617,24.276552,3.15833721,27.9436031,0.0919589781,2.86649133,0.128428305,0.0714585971,0.0915266851,0.000432292997,0.0,0.880179,26.03023761,56.9747,13.0536,0.637641,20.47174297
thickness+bandgap.iv,24,27,1.4,4.266,,0.399424,24.1152774,3.29961152,27.9436031,0.0965555955,3.00310675,0.128430464,0.0715187127,0.0960951795,0.000460416043,0.0,0.880179,26.03023761,56.9747,13.0536,0.637641,20.47174297
thickness+bandgap.iv,24,28,1.4,4.266,,0.420287,23.9425748,3.45231379,27.9436031,0.101710639,3.15059201,0.128432578,0.0715785598,0.101219712,0.000490926657,0.0,0.880179,26.03023761,56.9747,13.0536,0.637641,20.47174297
thickness+bandgap.iv,24,29,1.4,4.266,,0.441214,23.7571311,3.61775711,27.9436031,0.107569458,3.31011488,0.128434652,0.0716381205,0.107045277,0.000524181662,0.0,0.880179,26.03023761,56.9747,13.0536,0.637641,20.47174297
thickness+bandgap.iv,24,30,1.4,4.266,,0.462214,23.5571518,3.79773595,27.9436031,0.114338451,3.48326344,0.128436688,0.0716973723,0.113777808,0.000560642913,0.0,0.880179,26.03023761,56.9747,13.0536,0.637641,20.47174297
thickness+bandgap.iv,24,31,1.4,4.266,,0.4833,23.3400296,3.9948576,27.9436031,0.122315638,3.67234698,0.128438691,0.0717562867,0.121714707,0.000600930792,0.0,0.880179,26.03023761,56.9747,13.0536,0.637641,20.47174297
thickness+bandgap.iv,24,32,1.4,4.266,,0.504491,23.101798,4.21308867,27.9436031,0.131936685,3.88089649,0.128440667,0.0718148281,0.13129077,0.000645915327,0.0,0.880179,26.03023761,56.9747,13.0536,0.637641,20.47174297
thickness+bandgap.iv,24,33,1.4,4.266,,0.525819,22.8362478,4.45863833,27.9436031,0.143843279,4.11447947,0.128442625,0.0718729514,0.143146403,0.000696875589,0.0,0.880179,26.03023761,56.9747,13.0536,0.637641,20.47174297
thickness+bandgap.iv,24,34,1.4,4.266,,0.547332,22.5335289,4.74135654,27.9436031,0.158982902,4.38199846,0.128444578,0.0719306007,0.158227117,0.000755784311,0.0,0.880179,26.03023761,56.9747,13.0536,0.637641,20.47174297
thickness+bandgap.iv,24,35,1.4,4.266,,0.56911,22.1779862,5.07689849,27.9436031,0.178750985,4.69771325,0.128446547,0.0719877072,0.177925163,0.000825822465,0.0,0.880179,26.03023761,56.9747,13.0536,0.637641,20.47174297
thickness+bandgap.iv,24,36,1.4,4.266,,0.591276,21.744899,5.48998479,27.9436031,0.205186873,5.08430516,0.128448562,0.0720441885,0.20427456,0.000912312584,0.0,0.880179,26.03023761,56.9747,13.0536,0.637641,20.47174297
thickness+bandgap.iv,24,37,1.4,4.266,,0.614021,21.1957499,6.01913296,27.9436031,0.241230704,5.57735163,0.128450673,0.0720999499,0.240206307,0.00102439692,0.0,0.880179,26.03023761,56.9747,13.0536,0.637641,20.47174297
thickness+bandgap.iv,24,38,1.4,4.266,,0.637641,20.471743,6.72313894,27.9436031,0.291031375,6.23149972,0.128452953,0.0721548907,0.289853397,0.00117797838,0.0,0.880179,26.03023761,56.9747,13.0536,0.637641,20.47174297
thickness+bandgap.iv,24,39,1.4,4.266,,0.662571,19.4858022,7.68907894,27.9436031,0.360249767,7.12816474,0.128455512,0.0722089206,0.358849157,0.00140060973,0.0,0.880179,26.03023761,56.9747,13.0536,0.637641,20.47174297
thickness+bandgap.iv,24,40,1.4,4.266,,0.689426,18.1147522,9.04012868,27.9436031,0.456199382,8.3832088,0.128458507,0.072261992,0.45446055,0.00173883187,0.0,0.880179,26.03023761,56.9747,13.0536,0.637641,20.47174297
thickness+bandgap.iv,24,41,1.4,4.266,,0.719017,16.1966592,10.9382222,27.9436031,0.587484851,10.149961,0.128462157,0.0723141561,0.585217798,0.00226705275,0.0,0.880179,26.03023761,56.9747,13.0536,0.637641,20.47174297
thickness+bandgap.iv,24,42,1.4,4.266,,0.752282,13.5436823,13.5711999,27.9436031,0.762585569,12.607782,0.128466731,0.0723656437,0.75949261,0.00309295843,0.0,0.880179,26.03023761,56.9747,13.0536,0.637641,20.47174297
thickness+bandgap.iv,24,43,1.4,4.266,,0.790076,9.98487706,17.1099881,27.9436031,0.986859904,15.9222388,0.128472536,0.0724169475,0.982512379,0.00434752505,0.0,0.880179,26.03023761,56.9747,13.0536,0.637641,20.47174297
thickness+bandgap.iv,24,44,1.4,4.266,,0.83277,5.44609441,21.628643,27.9436031,1.25829339,20.169401,0.128479759,0.0724688786,1.25215039,0.00614300566,0.0,0.880179,26.03023761,56.9747,13.0536,0.637641,20.47174297
thickness+bandgap.iv,24,45,1.4,4.266,,0.879747,0.0505943983,27.0042988,27.9436031,1.56375192,25.2395359,0.128488418,0.072522598,1.55525126,0.00850065591,0.0,0.880179,26.03023761,56.9747,13.0536,0.637641,20.47174297
thickness+bandgap.iv,24,46,1.4,4.266,,0.929285,-5.85707123,32.8917013,27.9436031,1.88013995,30.8104838,0.128498223,0.0725793162,1.86885275,0.0112872059,0.0,0.880179,26.03023761,56.9747,13.0536,0.637641,20.47174297
thickness+bandgap.iv,24,47,1.4,4.266,,0.978634,-11.7268969,38.7417712,27.9436031,2.17865394,36.3619685,0.128508457,0.0726402982,2.16443882,0.0142151138,0.0,0.880179,26.03023761,56.9747,13.0536,0.637641,20.47174297
thickness+bandgap.iv,24,48,1.4,4.266,,1.024897,-16.979407,43.9742396,27.9436031,2.43351222,41.3395026,0.128518149,0.0727066277,2.41658637,0.0169258456,0.0,0.880179,26.03023761,56.9747,13.0536,0.637641,20.47174297
thickness+bandgap.iv,24,49,1.4,4.266,,1.065818,-21.1635414,48.1380486,27.9436031,2.62866532,45.3080799,0.128526306,0.0727769856,2.60954164,0.019123681,0.0,0.880179,26.03023761,56.9747,13.0536,0.637641,20.47174297
thickness+bandgap.iv,25,1,1.4,4.37,,-0.13195,26.3900541,1.54489717,27.9436031,0.0494997207,1.29719765,0.12796351,0.0702362844,0.0490788817,0.000420838969,0.0,0.775502,25.99659252,53.1818,10.7217,0.516135,20.77301253
thickness+bandgap.iv,25,2,1.4,4.37,,-0.111681,26.3362218,1.57873042,27.9436031,0.0508066325,1.32965636,0.127965507,0.0703019267,0.050370622,0.000436010495,0.0,0.775502,25.99659252,53.1818,10.7217,0.516135,20.77301253
thickness+bandgap.iv,25,3,1.4,4.37,,-0.091401,26.2802675,1.61468452,27.9436031,0.0521830301,1.36416668,0.127967481,0.07036733,0.0517311553,0.000451874859,0.0,0.775502,25.99659252,53.1818,10.7217,0.516135,20.77301253
thickness+bandgap.iv,25,4,1.4,4.37,,-0.07111,26.2219985,1.65295316,27.9436031,0.0536344369,1.4009168,0.127969427,0.0704324997,0.0531659748,0.000468462059,0.0,0.775502,25.99659252,53.1818,10.7217,0.516135,20.77301253
thickness+bandgap.iv,25,5,1.4,4.37,,-0.050806,26.161202,1.69374963,27.9436031,0.0551668799,1.44011397,0.127971346,0.070497435,0.0546810632,0.000485816794,0.0,0.775502,25.99659252,53.1818,10.7217,0.516135,20.77301253
thickness+bandgap.iv,25,6,1.4,4.37,,-0.030488,26.0976427,1.73730882,27.9436031,0.056787045,1.4819864,0.12797324,0.0705621348,0.0562830574,0.000503987639,0.0,0.775502,25.99659252,53.1818,10.7217,0.516135,20.77301253
thickness+bandgap.iv,25,7,1.4,4.37,,-0.010155,26.031062,1.78388909,27.9436031,0.0585023762,1.526785,0.127975111,0.0706265982,0.0579793487,0.000523027497,0.0,0.775502,25.99659252,53.1818,10.7217,0.516135,20.77301253
thickness+bandgap.iv,25,8,1.4,4.37,,0.010194,25.9611768,1.83377417,27.9436031,0.0603211977,1.57478519,0.127976961,0.0706908239,0.0597782036,0.000542994134,0.0,0.775502,25.99659252,53.1818,10.7217,0.516135,20.77301253
thickness+bandgap.iv,25,9,1.4,4.37,,0.030562,25.8876755,1.88727505,27.9436031,0.0622528647,1.62628858,0.12797879,0.0707548107,0.0616889139,0.0005639508,0.0,0.775502,25.99659252,53.1818,10.7217,0.516135,20.77301253
thickness+bandgap.iv,25,10,1.4,4.37,,0.050949,25.8102183,1.94473182,27.9436031,0.0643079525,1.68162471,0.127980603,0.0708185571,0.0637219856,0.00058596697,0.0,0.775502,25.99659252,53.1818,10.7217,0.516135,20.77301253
thickness+bandgap.iv,25,11,1.4,4.37,,0.071358,25.7284345,2.00651536,27.9436031,0.066498498,1.7411524,0.1279824,0.0708820614,0.0658893788,0.000609119217,0.0,0.775502,25.99659252,53.1818,10.7217,0.516135,20.77301253
thickness+bandgap.iv,25,12,1.4,4.37,,0.09179,25.6419206,2.07302888,27.9436031,0.068838312,1.80526107,0.127984184,0.0709453217,0.0682048197,0.000633492264,0.0,0.775502,25.99659252,53.1818,10.7217,0.516135,20.77301253
thickness+bandgap.iv,25,13,1.4,4.37,,0.112249,25.5502402,2.14470937,27.9436031,0.0713433919,1.87437169,0.127985957,0.0710083356,0.0706842117,0.000659180251,0.0,0.775502,25.99659252,53.1818,10.7217,0.516135,20.77301253
thickness+bandgap.iv,25,14,1.4,4.37,,0.132735,25.4529205,2.22202882,27.9436031,0.0740324752,1.94893752,0.127987723,0.0710711006,0.0733461869,0.000686288293,0.0,0.775502,25.99659252,53.1818,10.7217,0.516135,20.77301253
thickness+bandgap.iv,25,15,1.4,4.37,,0.153253,25.3494531,2.30549573,27.9436031,0.0769277954,2.02944483,0.127989483,0.0711336134,0.076212861,0.000714934416,0.0,0.775502,25.99659252,53.1818,10.7217,0.516135,20.77301253
thickness+bandgap.iv,25,16,1.4,4.37,,0.173804,25.2392907,2.39565716,27.9436031,0.0800561333,2.11641392,0.127991241,0.0711958701,0.0793108814,0.000745251979,0.0,0.775502,25.99659252,53.1818,10.7217,0.516135,20.77301253
thickness+bandgap.iv,25,17,1.4,4.37,,0.194391,25.1218452,2.4931026,27.9436031,0.0834503032,2.21040143,0.127993,0.0712578662,0.0826729105,0.000777392791,0.0,0.775502,25.99659252,53.1818,10.7217,0.516135,20.77301253
thickness+bandgap.iv,25,18,1.4,4.37,,0.215018,24.9964764,2.5984713,27.9436031,0.0871512874,2.31200565,0.127994763,0.071319596,0.0863397563,0.000811531168,0.0,0.775502,25.99659252,53.1818,10.7217,0.516135,20.77301253
thickness+bandgap.iv,25,19,1.4,4.37,,0.235688,24.8624802,2.7124668,27.9436031,0.0912113443,2.42187787,0.127996533,0.0713810526,0.090363475,0.000847869364,0.0,0.775502,25.99659252,53.1818,10.7217,0.516135,20.77301253
thickness+bandgap.iv,25,20,1.4,4.37,,0.256405,24.7190632,2.83588433,27.9436031,0.0956985877,2.5407452,0.127998316,0.0714422273,0.0948119427,0.000886645013,0.0,0.775502,25.99659252,53.1818,10.7217,0.516135,20.77301253
thickness+bandgap.iv,25,21,1.4,4.37,,0.277174,24.5652856,2.96966101,27.9436031,0.100703793,2.66945399,0.128000115,0.0715031094,0.0997756512,0.000928141683,0.0,0.775502,25.99659252,53.1818,10.7217,0.516135,20.77301253
thickness+bandgap.iv,25,22,1.4,4.37,,0.298,24.3999807,3.11496521,27.9436031,0.106350568,2.80904902,0.128001937,0.0715636849,0.105377863,0.000972704319,0.0,0.775502,25.99659252,53.1818,10.7217,0.516135,20.77301253
thickness+bandgap.iv,25,23,1.4,4.37,,0.318892,24.2216454,3.27328029,27.9436031,0.112809049,2.96084351,0.128003833,0.0716238977,0.111788089,0.00102096003,0.0,0.775502,25.99659252,53.1818,10.7217,0.516135,20.77301253
thickness+bandgap.iv,25,24,1.4,4.37,,0.33986,24.0279822,3.44694245,27.9436031,0.120324581,3.12692834,0.128005724,0.0716838022,0.119251513,0.00107306886,0.0,0.775502,25.99659252,53.1818,10.7217,0.516135,20.77301253
thickness+bandgap.iv,25,25,1.4,4.37,,0.360921,23.8157653,3.63915826,27.9436031,0.129242463,3.3101648,0.128007672,0.0717433277,0.128112505,0.00112995811,0.0,0.775502,25.99659252,53.1818,10.7217,0.516135,20.77301253
thickness+bandgap.iv,25,26,1.4,4.37,,0.3821,23.5799654,3.85495718,27.9436031,0.140062629,3.51508242,0.1280097,0.0718024322,0.138869984,0.00119264442,0.0,0.775502,25.99659252,53.1818,10.7217,0.516135,20.77301253
thickness+bandgap.iv,25,27,1.4,4.37,,0.403436,23.3127319,4.10219013,27.9436031,0.153507723,3.7488095,0.128011845,0.0718610589,0.152245123,0.00126260042,0.0,0.775502,25.99659252,53.1818,10.7217,0.516135,20.77301253
thickness+bandgap.iv,25,28,1.4,4.37,,0.424991,23.0017931,4.3931284,27.9436031,0.170618417,4.02257669,0.128014167,0.0719191308,0.169276362,0.00134205498,0.0,0.775502,25.99659252,53.1818,10.7217,0.516135,20.77301253
thickness+bandgap.iv,25,29,1.4,4.37,,0.446859,22.6281662,4.7467549,27.9436031,0.192877063,4.35388454,0.128016754,0.0719765439,0.19144255,0.00143451317,0.0,0.775502,25.99659252,53.1818,10.7217,0.516135,20.77301253
thickness+bandgap.iv,25,30,1.4,4.37,,0.469185,22.1630946,5.19182702,27.9436031,0.222353884,4.76942024,0.128019742,0.07203316,0.220808243,0.00154564125,0.0,0.775502,25.99659252,53.1818,10.7217,0.516135,20.77301253
thickness+bandgap.iv,25,31,1.4,4.37,,0.492178,21.5643967,5.770526,27.9436031,0.261850966,5.30856291,0.12802333,0.0720888005,0.260166253,0.00168471282,0.0,0.775502,25.99659252,53.1818,10.7217,0.516135,20.77301253
thickness+bandgap.iv,25,32,1.4,4.37,,0.516135,20.7730125,6.54191357,27.9436031,0.314984688,6.02675783,0.128027798,0.0721432466,0.31311789,0.00186679821,0.0,0.775502,25.99659252,53.1818,10.7217,0.516135,20.77301253
thickness+bandgap.iv,25,33,1.4,4.37,,0.541442,19.7115158,7.58341418,27.9436031,0.386098788,6.99708563,0.128033516,0.0721962517,0.383983137,0.00211565041,0.0,0.775502,25.99659252,53.1818,10.7217,0.516135,20.77301253
thickness+bandgap.iv,25,34,1.4,4.37,,0.568562,18.2876166,8.98727725,27.9436031,0.479852146,8.3071366,0.128040962,0.0722475477,0.477385318,0.00246682727,0.0,0.775502,25.99659252,53.1818,10.7217,0.516135,20.77301253
thickness+bandgap.iv,25,35,1.4,4.37,,0.597975,16.4049449,10.8499611,27.9436031,0.600454357,10.0491592,0.128050534,0.0722970239,0.597486716,0.00296764088,0.0,0.775502,25.99659252,53.1818,10.7217,0.516135,20.77301253
thickness+bandgap.iv,25,36,1.4,4.37,,0.630082,13.983603,13.2513184,27.9436031,0.750444521,12.3004666,0.128062694,0.0723446092,0.74676925,0.00367527113,0.0,0.775502,25.99659252,53.1818,10.7217,0.516135,20.77301253
thickness+bandgap.iv,25,37,1.4,4.37,,0.665085,10.9829655,16.231918,27.9436031,0.929623116,15.1018267,0.128077723,0.0723904562,0.924977568,0.00464554805,0.0,0.775502,25.99659252,53.1818,10.7217,0.516135,20.77301253
thickness+bandgap.iv,25,38,1.4,4.37,,0.702899,7.42014231,19.774773,27.9436031,1.1345604,18.4396821,0.128095565,0.0724350272,1.12864308,0.00591731688,0.0,0.775502,25.99659252,53.1818,10.7217,0.516135,20.77301253
thickness+bandgap.iv,25,39,1.4,4.37,,0.743127,3.37468909,23.8001664,27.9436031,1.35871605,22.2408555,0.128116015,0.0724788443,1.35121725,0.00749880235,0.0,0.775502,25.99659252,53.1818,10.7217,0.516135,20.77301253
thickness+bandgap.iv,25,40,1.4,4.37,,0.785108,-1.02163051,28.1766324,27.9436031,1.59365598,26.382315,0.128138532,0.0725228452,1.58429666,0.00935931144,0.0,0.775502,25.99659252,53.1818,10.7217,0.516135,20.77301253
thickness+bandgap.iv,25,41,1.4,4.37,,0.82792,-5.58392942,32.7191433,27.9436031,1.82932636,30.6890865,0.128162297,0.0725680473,1.81790377,0.0114225888,0.0,0.775502,25.99659252,53.1818,10.7217,0.516135,20.77301253
thickness+bandgap.iv,25,42,1.4,4.37,,0.870631,-10.1261349,37.2410958,27.9436031,2.05633128,34.9839627,0.128186483,0.0726153392,2.04274628,0.0135850005,0.0,0.775502,25.99659252,53.1818,10.7217,0.516135,20.77301253
thickness+bandgap.iv,25,43,1.4,4.37,,0.912178,-14.4356601,41.5309119,27.9436031,2.26510167,39.0649342,0.128210077,0.0726659465,2.24938116,0.0157205075,0.0,0.775502,25.99659252,53.1818,10.7217,0.516135,20.77301253
thickness+bandgap.iv,25,44,1.4,4.37,,0.951545,-18.309091,45.3840549,27.9436031,2.44748168,42.7356203,0.128231806,0.0727211185,2.42979117,0.0176905144,0.0,0.775502,25.99659252,53.1818,10.7217,0.516135,20.77301253
thickness+bandgap.iv,25,45,1.4,4.37,,0.987717,-21.5434223,48.5979754,27.9436031,2.59608471,45.8008598,0.1282504,0.0727805046,2.57671958,0.0193651264,0.0,0.775502,25.99659252,53.1818,10.7217,0.516135,20.77301253
thickness+bandgap.iv,26,1,1.2,,0.5,-0.170832,34.1663445,1.92626989,36.1130338,0.0709659533,1.71391442,0.128483593,0.0129059224,0.070696575,0.000269378217,0.0,0.798525,33.6882782,57.8329,15.5576,0.534453,29.10932639
thickness+bandgap.iv,26,2,1.2,,0.5,-0.150574,34.1147159,1.95789433,36.1130338,0.0727194506,1.74377648,0.128489693,0.0129087039,0.0724274525,0.00029199811,0.0,0.798525,33.6882782,57.8329,15.5576,0.534453,29.10932639
thickness+bandgap.iv,26,3,1.2,,0.5,-0.130309,34.0618864,1.99072369,36.1130338,0.0745753704,1.77474122,0.12849574,0.0129113642,0.074258582,0.000316788403,0.0,0.798525,33.6882782,57.8329,15.5576,0.534453,29.10932639
thickness+bandgap.iv,26,4,1.2,,0.5,-0.110039,34.0077768,2.02483302,36.1130338,0.0765427469,1.80687463,0.128501733,0.0129139047,0.0761987679,0.000343978999,0.0,0.798525,33.6882782,57.8329,15.5576,0.534453,29.10932639
thickness+bandgap.iv,26,5,1.2,,0.5,-0.089762,33.9523068,2.06030272,36.1130338,0.0786316815,1.84024703,0.128507673,0.012916327,0.0782578548,0.000373826701,0.0,0.798525,33.6882782,57.8329,15.5576,0.534453,29.10932639
thickness+bandgap.iv,26,6,1.2,,0.5,-0.069477,33.8953892,2.09722012,36.1130338,0.08085344,1.87493449,0.128513556,0.0129186329,0.0804468216,0.000406618388,0.0,0.798525,33.6882782,57.8329,15.5576,0.534453,29.10932639
thickness+bandgap.iv,26,7,1.2,,0.5,-0.049185,33.8369288,2.1356803,36.1130338,0.0832206149,1.91101948,0.128519382,0.0129208243,0.08277794,0.000442674916,0.0,0.798525,33.6882782,57.8329,15.5576,0.534453,29.10932639
thickness+bandgap.iv,26,8,1.2,,0.5,-0.028884,33.7768218,2.1757869,36.1130338,0.0857473147,1.94859153,0.128525149,0.0129229035,0.0852649591,0.000482355589,0.0,0.798525,33.6882782,57.8329,15.5576,0.534453,29.10932639
thickness+bandgap.iv,26,9,1.2,,0.5,-0.008575,33.7149553,2.21765319,36.1130338,0.0884493864,1.98774807,0.128530856,0.0129248729,0.0879233231,0.000526063314,0.0,0.798525,33.6882782,57.8329,15.5576,0.534453,29.10932639
thickness+bandgap.iv,26,10,1.2,,0.5,0.011744,33.6512051,2.26140322,36.1130338,0.0913446786,2.0285953,0.128536502,0.0129267351,0.090770428,0.000574250544,0.0,0.798525,33.6882782,57.8329,15.5576,0.534453,29.10932639
thickness+bandgap.iv,26,11,1.2,,0.5,0.032073,33.5854347,2.30717319,36.1130338,0.0944533542,2.07124926,0.128542087,0.0129284927,0.093825928,0.000627426175,0.0,0.798525,33.6882782,57.8329,15.5576,0.534453,29.10932639
thickness+bandgap.iv,26,12,1.2,,0.5,0.052413,33.5174944,2.35511303,36.1130338,0.0977982661,2.11583701,0.128547608,0.0129301487,0.0971121025,0.00068616356,0.0,0.798525,33.6882782,57.8329,15.5576,0.534453,29.10932639
thickness+bandgap.iv,26,13,1.2,,0.5,0.072764,33.4472189,2.40538823,36.1130338,0.101405413,2.16249805,0.128553066,0.0129317063,0.100654303,0.000751109871,0.0,0.798525,33.6882782,57.8329,15.5576,0.534453,29.10932639
thickness+bandgap.iv,26,14,1.2,,0.5,0.093128,33.3744249,2.45818208,36.1130338,0.105304502,2.21138595,0.128558459,0.0129331685,0.104481505,0.000822997095,0.0,0.798525,33.6882782,57.8329,15.5576,0.534453,29.10932639
thickness+bandgap.iv,26,15,1.2,,0.5,0.113505,33.2989075,2.51369831,36.1130338,0.109529659,2.26267032,0.128563788,0.0129345388,0.108627004,0.000902655016,0.0,0.798525,33.6882782,57.8329,15.5576,0.534453,29.10932639
thickness+bandgap.iv,26,16,1.2,,0.5,0.133898,33.2204416,2.57216427,36.1130338,0.114120354,2.31653904,0.128569051,0.0129358205,0.113129327,0.000991026635,0.0,0.798525,33.6882782,57.8329,15.5576,0.534453,29.10932639
thickness+bandgap.iv,26,17,1.2,,0.5,0.154306,33.1387699,2.63383498,36.1130338,0.119122632,2.37320108,0.128574249,0.0129370174,0.118033445,0.00108918666,0.0,0.798525,33.6882782,57.8329,15.5576,0.534453,29.10932639
thickness+bandgap.iv,26,18,1.2,,0.5,0.174732,33.0536063,2.69899819,36.1130338,0.124590839,2.43288984,0.128579381,0.012938133,0.123392475,0.00119836388,0.0,0.798525,33.6882782,57.8329,15.5576,0.534453,29.10932639
thickness+bandgap.iv,26,19,1.2,,0.5,0.195177,32.9646226,2.76798108,36.1130338,0.130590109,2.49586735,0.128584448,0.0129391711,0.12927014,0.00131996859,0.0,0.798525,33.6882782,57.8329,15.5576,0.534453,29.10932639
thickness+bandgap.iv,26,20,1.2,,0.5,0.215643,32.8714438,2.84115935,36.1130338,0.137200111,2.56242965,0.12858945,0.0129401356,0.135744484,0.00145562685,0.0,0.798525,33.6882782,57.8329,15.5576,0.534453,29.10932639
thickness+bandgap.iv,26,21,1.2,,0.5,0.236132,32.7736324,2.91897012,36.1130338,0.14452088,2.63291382,0.128594386,0.0129410302,0.142913656,0.0016072243,0.0,0.798525,33.6882782,57.8329,15.5576,0.534453,29.10932639
thickness+bandgap.iv,26,22,1.2,,0.5,0.256647,32.6706701,3.00193106,36.1130338,0.152682117,2.70770783,0.128599257,0.0129418589,0.150905153,0.00177696405,0.0,0.798525,33.6882782,57.8329,15.5576,0.534453,29.10932639
thickness+bandgap.iv,26,23,1.2,,0.5,0.27719,32.5619308,3.09066969,36.1130338,0.161858211,2.78726479,0.128604065,0.0129426257,0.159890764,0.00196744691,0.0,0.798525,33.6882782,57.8329,15.5576,0.534453,29.10932639
thickness+bandgap.iv,26,24,1.2,,0.5,0.297767,32.4466296,3.18597002,36.1130338,0.172292579,2.8721253,0.128608809,0.0129433345,0.17011079,0.00218178884,0.0,0.798525,33.6882782,57.8329,15.5576,0.534453,29.10932639
thickness+bandgap.iv,26,25,1.2,,0.5,0.318381,32.3237497,3.28884857,36.1130338,0.184336807,2.96295429,0.128613491,0.0129439896,0.181913002,0.00242380487,0.0,0.798525,33.6882782,57.8329,15.5576,0.534453,29.10932639
thickness+bandgap.iv,26,26,1.2,,0.5,0.33904,32.1919153,3.40068146,36.1130338,0.198512929,3.06060583,0.128618111,0.0129445951,0.195814611,0.00269831754,0.0,0.798525,33.6882782,57.8329,15.5576,0.534453,29.10932639
thickness+bandgap.iv,26,27,1.2,,0.5,0.359754,32.0491745,3.52342143,36.1130338,0.215611445,3.16624215,0.128622673,0.0129451555,0.212599737,0.0030117075,0.0,0.798525,33.6882782,57.8329,15.5576,0.534453,29.10932639
thickness+bandgap.iv,26,28,1.2,,0.5,0.380537,31.8926161,3.65997802,36.1130338,0.236844909,3.28156026,0.128627177,0.0129456757,0.233471961,0.00337294828,0.0,0.798525,33.6882782,57.8329,15.5576,0.534453,29.10932639
thickness+bandgap.iv,26,29,1.2,,0.5,0.401412,31.7176918,3.81490102,36.1130338,0.264089724,3.40923351,0.128631627,0.0129461613,0.260294099,0.00379562456,0.0,0.798525,33.6882782,57.8329,15.5576,0.534453,29.10932639
thickness+bandgap.iv,26,30,1.2,,0.5,0.422415,31.516952,3.99563908,36.1130338,0.300271408,3.55378502,0.128636029,0.0129466195,0.295969442,0.00430196609,0.0,0.798525,33.6882782,57.8329,15.5576,0.534453,29.10932639
thickness+bandgap.iv,26,31,1.2,,0.5,0.443612,31.2776889,4.21490032,36.1130338,0.349986651,3.72332622,0.12864039,0.0129470599,0.345055634,0.00493101677,0.0,0.798525,33.6882782,57.8329,15.5576,0.534453,29.10932639
thickness+bandgap.iv,26,32,1.2,,0.5,0.465113,30.9774682,4.49512082,36.1130338,0.420514429,3.93301416,0.128644726,0.0129474975,0.414759205,0.00575522435,0.0,0.798525,33.6882782,57.8329,15.5576,0.534453,29.10932639
thickness+bandgap.iv,26,33,1.2,,0.5,0.487122,30.57569,4.8768961,36.1130338,0.523447132,4.21185195,0.12864906,0.0129479566,0.516533298,0.00691383343,0.0,0.798525,33.6882782,57.8329,15.5576,0.534453,29.10932639
thickness+bandgap.iv,26,34,1.2,,0.5,0.51001,29.9980403,5.43454499,36.1130338,0.67723296,4.61571011,0.128653439,0.0129484803,0.668554604,0.00867835558,0.0,0.798525,33.6882782,57.8329,15.5576,0.534453,29.10932639
thickness+bandgap.iv,26,35,1.2,,0.5,0.534453,29.1093264,6.30325513,36.1130338,0.910787177,5.25086086,0.128657949,0.0129491462,0.899213557,0.0115736197,0.0,0.798525,33.6882782,57.8329,15.5576,0.534453,29.10932639
thickness+bandgap.iv,26,36,1.2,,0.5,0.56164,27.6720749,7.72050257,36.1130338,1.26743062,6.31145911,0.128662744,0.0129500945,1.25085627,0.0165743468,0.0,0.798525,33.6882782,57.8329,15.5576,0.534453,29.10932639
thickness+bandgap.iv,26,37,1.2,,0.5,0.593486,25.3028979,10.0696745,36.1130338,1.80545341,8.12260149,0.12866808,0.0129515693,1.78012052,0.025332887,0.0,0.798525,33.6882782,57.8329,15.5576,0.534453,29.10932639
thickness+bandgap.iv,26,38,1.2,,0.5,0.632579,21.4842915,13.8682785,36.1130338,2.58565217,11.140998,0.128674332,0.0129539607,2.545481,0.0401711651,0.0,0.798525,33.6882782,57.8329,15.5576,0.534453,29.10932639
thickness+bandgap.iv,26,39,1.2,,0.5,0.681251,15.7497615,19.5827997,36.1130338,3.63371769,15.8074424,0.128681874,0.0129578039,3.57048478,0.0632329051,0.0,0.798525,33.6882782,57.8329,15.5576,0.534453,29.10932639
thickness+bandgap.iv,26,40,1.2,,0.5,0.739531,8.09379768,27.2184486,36.1130338,4.88796739,22.1888267,0.128690869,0.0129636838,4.79345457,0.094512819,0.0,0.798525,33.6882782,57.8329,15.5576,0.534453,29.10932639
thickness+bandgap.iv,26,41,1.2,,0.5,0.803473,-0.694564589,35.9869136,36.1130338,6.18739368,29.6578469,0.128700899,0.0129720806,6.0570521,0.130341574,0.0,0.798525,33.6882782,57.8329,15.5576,0.534453,29.10932639
thickness+bandgap.iv,26,42,1.2,,0.5,0.866268,-9.25350346,44.5266269,36.1130338,7.34105667,37.0438761,0.128710882,0.0129832673,7.17644438,0.164612286,0.0,0.798525,33.6882782,57.8329,15.5576,0.534453,29.10932639
thickness+bandgap.iv,26,43,1.2,,0.5,0.921643,-16.3286197,51.5819541,36.1130338,8.22093404,43.2193034,0.128719465,0.0129971584,8.02886157,0.192072468,0.0,0.798525,33.6882782,57.8329,15.5576,0.534453,29.10932639
thickness+bandgap.iv,26,44,1.2,,0.5,0.966675,-21.3349018,56.5663894,36.1130338,8.80239107,47.6222592,0.128725739,0.0130134072,8.59169657,0.210694494,0.0,0.798525,33.6882782,57.8329,15.5576,0.534453,29.10932639
thickness+bandgap.iv,26,45,1.2,,0.5,1.002124,-24.4247963,59.6387663,36.1130338,9.15032853,50.3466766,0.128729847,0.0130313267,8.92810829,0.222220243,0.0,0.798525,33.6882782,57.8329,15.5576,0.534453,29.10932639
thickness+bandgap.iv,26,46,1.2,,0.5,1.030843,-26.1685847,61.3623677,36.1130338,9.33828836,51.8822972,0.128732155,0.0130500284,9.10985787,0.228430496,0.0,0.798525,33.6882782,57.8329,15.5576,0.534453,29.10932639
thickness+bandgap.iv,26,47,1.2,,0.5,1.055577,-27.1154826,62.2869908,36.1130338,9.43423849,52.7109498,0.128733347,0.0130692106,9.20273362,0.231504866,0.0,0.798525,33.6882782,57.8329,15.5576,0.534453,29.10932639
thickness+bandgap.iv,26,48,1.2,,0.5,1.078179,-27.6358101,62.7871242,36.1130338,9.48722828,53.1580735,0.128734026,0.013088393,9.25396685,0.233261435,0.0,0.798525,33.6882782,57.8329,15.5576,0.534453,29.10932639
thickness+bandgap.iv,26,49,1.2,,0.5,1.099706,-27.9411675,63.0747314,36.1130338,9.5212769,53.4116126,0.128734484,0.0131074589,9.28676314,0.234513761,0.0,0.798525,33.6882782,57.8329,15.5576,0.534453,29.10932639
thickness+bandgap.iv,26,50,1.2,,0.5,1.120722,-28.1444798,63.2580871,36.1130338,9.54075914,53.5754671,0.128734738,0.0131261301,9.30559205,0.235167091,0.0,0.798525,33.6882782,57.8329,15.5576,0.534453,29.10932639
thickness+bandgap.iv,26,51,1.2,,0.5,1.141481,-28.2961178,63.3897461,36.1130338,9.55470741,53.6931594,0.12873492,0.013144423,9.31907283,0.235634583,0.0,0.798525,33.6882782,57.8329,15.5576,0.534453,29.10932639
thickness+bandgap.iv,26,52,1.2,,0.5,1.16211,-28.422041,63.495681,36.1130338,9.56590699,53.7878764,0.128735067,0.0131625886,9.32989715,0.236009842,0.0,0.798525,33.6882782,57.8329,15.5576,0.534453,29.10932639
thickness+bandgap.iv,26,53,1.2,,0.5,1.18267,-28.5339406,63.5875889,36.1130338,9.57560892,53.8700644,0.128735194,0.0131803892,9.33927399,0.236334934,0.0,0.798525,33.6882782,57.8329,15.5576,0.534453,29.10932639
thickness+bandgap.iv,26,54,1.2,,0.5,1.203188,-28.6375922,63.6712458,36.1130338,9.5844277,53.9448849,0.12873531,0.0131978864,9.34779729,0.23663041,0.0,0.798525,33.6882782,57.8329,15.5576,0.534453,29.10932639
thickness+bandgap.iv,26,55,1.2,,0.5,1.223679,-28.7358347,63.7494925,36.1130338,9.59266714,54.0148747,0.128735419,0.0132151982,9.35576063,0.236906518,0.0,0.798525,33.6882782,57.8329,15.5576,0.534453,29.10932639
thickness+bandgap.iv,26,56,1.2,,0.5,1.244149,-28.8297484,63.82341,36.1130338,9.60044327,54.0809991,0.128735521,0.0132320643,9.36327611,0.237167156,0.0,0.798525,33.6882782,57.8329,15.5576,0.534453,29.10932639
thickness+bandgap.iv,26,57,1.2,,0.5,1.264603,-28.9206093,63.8942743,36.1130338,9.60789142,54.1443985,0.12873562,0.0132487356,9.37047457,0.237416854,0.0,0.798525,33.6882782,57.8329,15.5576,0.534453,29.10932639
thickness+bandgap.iv,26,58,1.2,,0.5,1.285043,-29.00861,63.9622782,36.1130338,9.61503304,54.2052443,0.128735714,0.0132651435,9.3773767,0.237656335,0.0,0.798525,33.6882782,57.8329,15.5576,0.534453,29.10932639
thickness+bandgap.iv,26,59,1.2,,0.5,1.305471,-29.094101,64.0277723,36.1130338,9.62190557,54.2638495,0.128735805,0.0132814211,9.38401873,0.237886846,0.0,0.798525,33.6882782,57.8329,15.5576,0.534453,29.10932639
thickness+bandgap.iv,26,60,1.2,,0.5,1.325886,-29.1772368,64.0909113,36.1130338,9.62852591,54.320352,0.128735893,0.0132974735,9.39041696,0.238108949,0.0,0.798525,33.6882782,57.8329,15.5576,0.534453,29.10932639
thickness+bandgap.iv,26,61,1.2,,0.5,1.346291,-29.2581244,64.1518018,36.1130338,9.63490579,54.3748469,0.128735978,0.0133132043,9.39658276,0.238323034,0.0,0.798525,33.6882782,57.8329,15.5576,0.534453,29.10932639
thickness+bandgap.iv,27,1,1.247,,0.5,-0.162224,32.4447733,1.91100404,34.3745301,0.065192291,1.70139279,0.128475279,0.0159436758,0.065081359,0.000110931937,0.0,0.839432,31.96488842,59.0053,15.8325,0.584583,27.08342564
thickness+bandgap.iv,27,2,1.247,,0.5,-0.141951,32.3901331,1.94564041,34.3745301,0.0665991738,1.73460978,0.128481227,0.0159502238,0.0664776612,0.000121512529,0.0,0.839432,31.96488842,59.0053,15.8325,0.584583,27.08342564
thickness+bandgap.iv,27,3,1.247,,0.5,-0.121671,32.3341079,1.98166552,34.3745301,0.0680783059,1.76914353,0.128487128,0.0159565597,0.0679450742,0.00013323173,0.0,0.839432,31.96488842,59.0053,15.8325,0.584583,27.08342564
thickness+bandgap.iv,27,4,1.247,,0.5,-0.101383,32.2766195,2.01915375,34.3745301,0.0696356805,1.80506241,0.128492983,0.0159626784,0.06948946,0.000146220553,0.0,0.839432,31.96488842,59.0053,15.8325,0.584583,27.08342564
thickness+bandgap.iv,27,5,1.247,,0.5,-0.081088,32.2175895,2.05818359,34.3745301,0.071277974,1.84243825,0.128498789,0.0159685756,0.0711173487,0.000160625299,0.0,0.839432,31.96488842,59.0053,15.8325,0.584583,27.08342564
thickness+bandgap.iv,27,6,1.247,,0.5,-0.060785,32.1569344,2.09883843,34.3745301,0.0730126064,1.88134703,0.128504548,0.0159742477,0.072835997,0.000176609482,0.0,0.839432,31.96488842,59.0053,15.8325,0.584583,27.08342564
thickness+bandgap.iv,27,7,1.247,,0.5,-0.040473,32.0945656,2.14120712,34.3745301,0.0748478399,1.92186933,0.128510258,0.0159796916,0.0746534841,0.00019435588,0.0,0.839432,31.96488842,59.0053,15.8325,0.584583,27.08342564
thickness+bandgap.iv,27,8,1.247,,0.5,-0.020152,32.030388,2.18538451,34.3745301,0.0767928908,1.9640908,0.128515917,0.0159849051,0.076578822,0.000214068861,0.0,0.839432,31.96488842,59.0053,15.8325,0.584583,27.08342564
thickness+bandgap.iv,27,9,1.247,,0.5,0.000179,31.9643,2.23147222,34.3745301,0.0788580603,2.00810274,0.128521527,0.0159898866,0.0786220833,0.00023597702,0.0,0.839432,31.96488842,59.0053,15.8325,0.584583,27.08342564
thickness+bandgap.iv,27,10,1.247,,0.5,0.020519,31.8961925,2.27957944,34.3745301,0.0810548861,2.05400283,0.128527086,0.0159946354,0.0807945499,0.000260336202,0.0,0.839432,31.96488842,59.0053,15.8325,0.584583,27.08342564
thickness+bandgap.iv,27,11,1.247,,0.5,0.04087,31.8259477,2.32982393,34.3745301,0.0833963199,2.10189587,0.128532594,0.0159991517,0.0831088869,0.000287432975,0.0,0.839432,31.96488842,59.0053,15.8325,0.584583,27.08342564
thickness+bandgap.iv,27,12,1.247,,0.5,0.061233,31.7534382,2.38233322,34.3745301,0.0858969361,2.15189479,0.12853805,0.0160034366,0.0855793475,0.00031758863,0.0,0.839432,31.96488842,59.0053,15.8325,0.584583,27.08342564
thickness+bandgap.iv,27,13,1.247,,0.5,0.081607,31.6785253,2.43724589,34.3745301,0.0885731799,2.20412177,0.128543454,0.0160074921,0.0882220161,0.000351163833,0.0,0.839432,31.96488842,59.0053,15.8325,0.584583,27.08342564
thickness+bandgap.iv,27,14,1.247,,0.5,0.101995,31.6010575,2.49471327,34.3745301,0.0914436652,2.25870948,0.128548805,0.0160113212,0.0910551011,0.000388564042,0.0,0.839432,31.96488842,59.0053,15.8325,0.584583,27.08342564
thickness+bandgap.iv,27,15,1.247,,0.5,0.122396,31.5208692,2.55490124,34.3745301,0.0945295378,2.31580267,0.128554104,0.0160149277,0.094099292,0.000430245863,0.0,0.839432,31.96488842,59.0053,15.8325,0.584583,27.08342564
thickness+bandgap.iv,27,16,1.247,,0.5,0.142811,31.4377776,2.61799248,34.3745301,0.0978549266,2.37555989,0.128559349,0.0160183161,0.097378202,0.000476724537,0.0,0.839432,31.96488842,59.0053,15.8325,0.584583,27.08342564
thickness+bandgap.iv,27,17,1.247,,0.5,0.163242,31.3515806,2.68418911,34.3745301,0.101447514,2.43815556,0.12856454,0.0160214918,0.100918931,0.000528582814,0.0,0.839432,31.96488842,59.0053,15.8325,0.584583,27.08342564
thickness+bandgap.iv,27,18,1.247,,0.5,0.18369,31.2620534,2.75371587,34.3745301,0.105339278,2.50378245,0.128569678,0.0160244611,0.104752797,0.000586481541,0.0,0.839432,31.96488842,59.0053,15.8325,0.584583,27.08342564
thickness+bandgap.iv,27,19,1.247,,0.5,0.204155,31.1689448,2.82682401,34.3745301,0.109567485,2.57265453,0.128574762,0.0160272307,0.108916313,0.000651172398,0.0,0.839432,31.96488842,59.0053,15.8325,0.584583,27.08342564
thickness+bandgap.iv,27,20,1.247,,0.5,0.22464,31.0719725,2.90379614,34.3745301,0.11417607,2.64501047,0.128579791,0.0160298079,0.113452557,0.000723513343,0.0,0.839432,31.96488842,59.0053,15.8325,0.584583,27.08342564
thickness+bandgap.iv,27,21,1.247,,0.5,0.245146,30.9708151,2.98495253,34.3745301,0.11921763,2.72111794,0.128584766,0.0160322006,0.118413143,0.000804487611,0.0,0.839432,31.96488842,59.0053,15.8325,0.584583,27.08342564
thickness+bandgap.iv,27,22,1.247,,0.5,0.265674,30.8651077,3.07065947,34.3745301,0.124756433,2.80127893,0.128589686,0.0160344171,0.123861205,0.000895227448,0.0,0.839432,31.96488842,59.0053,15.8325,0.584583,27.08342564
thickness+bandgap.iv,27,23,1.247,,0.5,0.286228,30.7544257,3.16134094,34.3745301,0.130873101,2.88583682,0.128594551,0.0160364659,0.129876057,0.000997044485,0.0,0.839432,31.96488842,59.0053,15.8325,0.584583,27.08342564
thickness+bandgap.iv,27,24,1.247,,0.5,0.306809,30.63827,3.25749565,34.3745301,0.137672104,2.97518583,0.128599362,0.0160383557,0.136560634,0.00111146986,0.0,0.839432,31.96488842,59.0053,15.8325,0.584583,27.08342564
thickness+bandgap.iv,27,25,1.247,,0.5,0.32742,30.5160421,3.3597228,34.3745301,0.1452939,3.06978468,0.128604119,0.0160400957,0.14405359,0.00124030962,0.0,0.839432,31.96488842,59.0053,15.8325,0.584583,27.08342564
thickness+bandgap.iv,27,26,1.247,,0.5,0.348065,30.3870011,3.46876277,34.3745301,0.153934689,3.17017757,0.128608821,0.0160416949,0.152548964,0.00138572554,0.0,0.839432,31.96488842,59.0053,15.8325,0.584583,27.08342564
thickness+bandgap.iv,27,27,1.247,,0.5,0.368749,30.2502,3.58556315,34.3745301,0.163878313,3.27702821,0.12861347,0.0160431626,0.162327952,0.001550361,0.0,0.839432,31.96488842,59.0053,15.8325,0.584583,27.08342564
thickness+bandgap.iv,27,28,1.247,,0.5,0.389478,30.1043734,3.71138876,34.3745301,0.175547164,3.39117902,0.128618066,0.016044508,0.173809613,0.00173755062,0.0,0.839432,31.96488842,59.0053,15.8325,0.584583,27.08342564
thickness+bandgap.iv,27,29,1.247,,0.5,0.410261,29.9477516,3.84800942,34.3745301,0.18958239,3.51375868,0.12862261,0.0160457406,0.187630698,0.00195169215,0.0,0.839432,31.96488842,59.0053,15.8325,0.584583,27.08342564
thickness+bandgap.iv,27,30,1.247,,0.5,0.431111,29.7777315,3.99802828,34.3745301,0.206969184,3.64638512,0.128627104,0.0160468702,0.204770243,0.00219894076,0.0,0.839432,31.96488842,59.0053,15.8325,0.584583,27.08342564
thickness+bandgap.iv,27,31,1.247,,0.5,0.452049,29.5902876,4.16547093,34.3745301,0.229232655,3.79155881,0.12863155,0.0160479074,0.226744099,0.00248855567,0.0,0.839432,31.96488842,59.0053,15.8325,0.584583,27.08342564
thickness+bandgap.iv,27,32,1.247,,0.5,0.473106,29.3788895,4.35686778,34.3745301,0.258746819,3.95343615,0.128635952,0.0160488637,0.25591124,0.00283557824,0.0,0.839432,31.96488842,59.0053,15.8325,0.584583,27.08342564
thickness+bandgap.iv,27,33,1.247,,0.5,0.494338,29.1324755,4.58328067,34.3745301,0.299227878,4.13936272,0.128640318,0.0160497534,0.295961645,0.00326623289,0.0,0.839432,31.96488842,59.0053,15.8325,0.584583,27.08342564
thickness+bandgap.iv,27,34,1.247,,0.5,0.515842,28.8316193,4.86413533,34.3745301,0.356527184,4.36291289,0.128644658,0.0160505959,0.352698322,0.00382886182,0.0,0.839432,31.96488842,59.0053,15.8325,0.584583,27.08342564
thickness+bandgap.iv,27,35,1.247,,0.5,0.537794,28.4412961,5.23445823,34.3745301,0.439897876,4.64985993,0.128648995,0.0160514198,0.435281971,0.00461590549,0.0,0.839432,31.96488842,59.0053,15.8325,0.584583,27.08342564
thickness+bandgap.iv,27,36,1.247,,0.5,0.560513,27.8974647,5.7582877,34.3745301,0.563955648,5.04962641,0.128653369,0.0160522725,0.558148568,0.00580707991,0.0,0.839432,31.96488842,59.0053,15.8325,0.584583,27.08342564
thickness+bandgap.iv,27,37,1.247,,0.5,0.584583,27.0834256,6.55232469,34.3745301,0.751468241,5.65614536,0.128657853,0.0160532363,0.743718325,0.00774991559,0.0,0.839432,31.96488842,59.0053,15.8325,0.584583,27.08342564
thickness+bandgap.iv,27,38,1.247,,0.5,0.611037,25.7926616,7.82308526,34.3745301,1.03649843,6.64186979,0.12866258,0.0160544571,1.02540449,0.0110939429,0.0,0.839432,31.96488842,59.0053,15.8325,0.584583,27.08342564
thickness+bandgap.iv,27,39,1.247,,0.5,0.641571,23.6857393,9.91000332,34.3745301,1.46537274,8.29990661,0.128667779,0.0160561886,1.44841302,0.016959722,0.0,0.839432,31.96488842,59.0053,15.8325,0.584583,27.08342564
thickness+bandgap.iv,27,40,1.247,,0.5,0.678571,20.285826,13.289916,34.3745301,2.08857294,11.0566105,0.128673788,0.0160588407,2.06158559,0.0269873516,0.0,0.839432,31.96488842,59.0053,15.8325,0.584583,27.08342564
thickness+bandgap.iv,27,41,1.247,,0.5,0.724408,15.1183162,18.4374893,34.3745301,2.93366833,15.3590769,0.128680999,0.0160629931,2.89080348,0.0428648491,0.0,0.839432,31.96488842,59.0053,15.8325,0.584583,27.08342564
thickness+bandgap.iv,27,42,1.247,,0.5,0.779675,8.06493869,25.4706601,34.3745301,3.9631579,21.3627434,0.128689567,0.0160692993,3.89815595,0.0650019573,0.0,0.839432,31.96488842,59.0053,15.8325,0.584583,27.08342564
thickness+bandgap.iv,27,43,1.247,,0.5,0.841291,-0.258237348,33.7743132,34.3745301,5.05639204,28.5731435,0.128699265,0.0160783341,4.96514383,0.0912482086,0.0,0.839432,31.96488842,59.0053,15.8325,0.584583,27.08342564
thickness+bandgap.iv,27,44,1.247,,0.5,0.903106,-8.62128265,42.1167133,34.3745301,6.05411686,35.917797,0.128709039,0.0160904237,5.93691833,0.117198526,0.0,0.839432,31.96488842,59.0053,15.8325,0.584583,27.08342564
thickness+bandgap.iv,27,45,1.247,,0.5,0.958681,-15.7362692,49.2125818,34.3745301,6.83826431,42.2294942,0.128717719,0.0161055769,6.69943738,0.138826932,0.0,0.839432,31.96488842,59.0053,15.8325,0.584583,27.08342564
thickness+bandgap.iv,27,46,1.247,,0.5,1.004566,-20.9132089,54.3680657,34.3745301,7.37110246,46.8521156,0.128724222,0.0161234384,7.21712992,0.153972531,0.0,0.839432,31.96488842,59.0053,15.8325,0.584583,27.08342564
thickness+bandgap.iv,27,47,1.247,,0.5,1.040923,-24.1845531,57.6193774,34.3745301,7.69339999,49.7811057,0.128728496,0.0161432737,7.53003929,0.163360697,0.0,0.839432,31.96488842,59.0053,15.8325,0.584583,27.08342564
thickness+bandgap.iv,27,48,1.247,,0.5,1.070257,-26.0513797,59.4681951,34.3745301,7.87413183,51.4491681,0.128731042,0.0161641399,7.70536049,0.16877134,0.0,0.839432,31.96488842,59.0053,15.8325,0.584583,27.08342564
thickness+bandgap.iv,27,49,1.247,,0.5,1.095357,-27.0714493,60.4663501,34.3745301,7.96652764,52.3549045,0.128732344,0.0161856054,7.79509897,0.171428671,0.0,0.839432,31.96488842,59.0053,15.8325,0.584583,27.08342564
thickness+bandgap.iv,27,50,1.247,,0.5,1.118151,-27.6302211,61.0049871,34.3745301,8.01704146,52.8430054,0.128733079,0.016207114,7.84411658,0.172924886,0.0,0.839432,31.96488842,59.0053,15.8325,0.584583,27.08342564
thickness+bandgap.iv,27,51,1.247,,0.5,1.139786,-27.957111,61.3118076,34.3745301,8.04568229,53.1211633,0.128733499,0.0162284973,7.87190735,0.173774936,0.0,0.839432,31.96488842,59.0053,15.8325,0.584583,27.08342564
thickness+bandgap.iv,27,52,1.247,,0.5,1.16085,-28.1699177,61.5045819,34.3745301,8.06363829,53.2959604,0.128733764,0.0162494557,7.88932942,0.174308869,0.0,0.839432,31.96488842,59.0053,15.8325,0.584583,27.08342564
thickness+bandgap.iv,27,53,1.247,,0.5,1.181631,-28.3263,61.6409506,34.3745301,8.07632709,53.4196195,0.128733952,0.0162699935,7.90164028,0.174686816,0.0,0.839432,31.96488842,59.0053,15.8325,0.584583,27.08342564
thickness+bandgap.iv,27,54,1.247,,0.5,1.202273,-28.4546861,61.7493319,34.3745301,8.08640487,53.5179025,0.128734102,0.0162903816,7.91141747,0.174987399,0.0,0.839432,31.96488842,59.0053,15.8325,0.584583,27.08342564
thickness+bandgap.iv,27,55,1.247,,0.5,1.22284,-28.5679618,61.8426069,34.3745301,8.095072,53.6024903,0.128734231,0.0163103553,7.91982584,0.175246152,0.0,0.839432,31.96488842,59.0053,15.8325,0.584583,27.08342564
thickness+bandgap.iv,27,56,1.247,,0.5,1.243362,-28.6724656,61.9271118,34.3745301,8.10291825,53.6791292,0.128734349,0.0163299834,7.9274377,0.175480552,0.0,0.839432,31.96488842,59.0053,15.8325,0.584583,27.08342564
thickness+bandgap.iv,27,57,1.247,,0.5,1.263857,-28.7713032,62.0059512,34.3745301,8.11023261,53.7506347,0.128734458,0.0163493984,7.93453344,0.175699167,0.0,0.839432,31.96488842,59.0053,15.8325,0.584583,27.08342564
thickness+bandgap.iv,27,58,1.247,,0.5,1.284328,-28.8656835,62.0803335,34.3745301,8.11712778,53.8181029,0.128734561,0.0163683114,7.94122245,0.175905329,0.0,0.839432,31.96488842,59.0053,15.8325,0.584583,27.08342564
thickness+bandgap.iv,27,59,1.247,,0.5,1.304785,-28.956933,62.1515852,34.3745301,8.12372743,53.8827361,0.128734661,0.0163869986,7.94762471,0.176102716,0.0,0.839432,31.96488842,59.0053,15.8325,0.584583,27.08342564
thickness+bandgap.iv,27,60,1.247,,0.5,1.325226,-29.0452779,62.2199322,34.3745301,8.13005293,53.9447391,0.128734756,0.0164053859,7.95376098,0.176291955,0.0,0.839432,31.96488842,59.0053,15.8325,0.584583,27.08342564
thickness+bandgap.iv,27,61,1.247,,0.5,1.345655,-29.1310839,62.2857401,34.3745301,8.13613872,54.004443,0.128734847,0.0164236219,7.95966465,0.176474069,0.0,0.839432,31.96488842,59.0053,15.8325,0.584583,27.08342564
thickness+bandgap.iv,28,1,1.296,,0.5,-0.154251,30.8502772,1.86612799,32.7334795,0.0614539328,1.65674037,0.128471686,0.0194620016,0.0614074284,4.65043908e-05,0.0,0.881818,30.37345732,59.628,15.9707,0.63406,25.1879732
thickness+bandgap.iv,28,2,1.296,,0.5,-0.133968,30.7935257,1.90287577,32.7334795,0.0626409006,1.69228388,0.128477447,0.019473539,0.0625902557,5.06449362e-05,0.0,0.881818,30.37345732,59.628,15.9707,0.63406,25.1879732
thickness+bandgap.iv,28,3,1.296,,0.5,-0.113676,30.735119,1.94128231,32.7334795,0.0638772864,1.72943695,0.128483151,0.0194849252,0.0638220582,5.52282003e-05,0.0,0.881818,30.37345732,59.628,15.9707,0.63406,25.1879732
thickness+bandgap.iv,28,4,1.296,,0.5,-0.093375,30.6749628,1.98143839,32.7334795,0.0651664809,1.76828697,0.1284888,0.0194961483,0.0651061699,6.03110069e-05,0.0,0.881818,30.37345732,59.628,15.9707,0.63406,25.1879732
thickness+bandgap.iv,28,5,1.296,,0.5,-0.073065,30.6129634,2.02343766,32.7334795,0.0665122641,1.80892381,0.128494393,0.0195071964,0.0664463059,6.5958213e-05,0.0,0.881818,30.37345732,59.628,15.9707,0.63406,25.1879732
thickness+bandgap.iv,28,6,1.296,,0.5,-0.052745,30.5490246,2.06737634,32.7334795,0.0679188478,1.85143951,0.12849993,0.019518056,0.0678466036,7.22442365e-05,0.0,0.881818,30.37345732,59.628,15.9707,0.63406,25.1879732
thickness+bandgap.iv,28,7,1.296,,0.5,-0.032415,30.4830478,2.11335289,32.7334795,0.0693909447,1.89592782,0.128505411,0.019528713,0.0693116902,7.92544886e-05,0.0,0.881818,30.37345732,59.628,15.9707,0.63406,25.1879732
thickness+bandgap.iv,28,8,1.296,,0.5,-0.012075,30.414933,2.16146763,32.7334795,0.0709338485,1.94248379,0.128510835,0.0195391523,0.0708467615,8.70869891e-05,0.0,0.881818,30.37345732,59.628,15.9707,0.63406,25.1879732
thickness+bandgap.iv,28,9,1.296,,0.5,0.008277,30.344578,2.21182243,32.7334795,0.0725535275,1.99120334,0.128516204,0.0195493578,0.0724576733,9.58541764e-05,0.0,0.881818,30.37345732,59.628,15.9707,0.63406,25.1879732
thickness+bandgap.iv,28,10,1.296,,0.5,0.028641,30.2718798,2.26452046,32.7334795,0.0742567329,2.0421829,0.128521518,0.0195593128,0.074151048,0.000105684923,0.0,0.881818,30.37345732,59.628,15.9707,0.63406,25.1879732
thickness+bandgap.iv,28,11,1.296,,0.5,0.049016,30.1967339,2.31966609,32.7334795,0.0760511247,2.09551919,0.128526777,0.019569,0.0759343979,0.00011672677,0.0,0.881818,30.37345732,59.628,15.9707,0.63406,25.1879732
thickness+bandgap.iv,28,12,1.296,,0.5,0.069405,30.1190348,2.377365,32.7334795,0.0779454155,2.1513092,0.128531984,0.0195784018,0.0778162671,0.00012914839,0.0,0.881818,30.37345732,59.628,15.9707,0.63406,25.1879732
thickness+bandgap.iv,28,13,1.296,,0.5,0.089807,30.0386749,2.4377246,32.7334795,0.0799495374,2.20965043,0.128537139,0.0195875006,0.0798063951,0.000143142301,0.0,0.881818,30.37345732,59.628,15.9707,0.63406,25.1879732
thickness+bandgap.iv,28,14,1.296,,0.5,0.110222,29.9555444,2.50085482,32.7334795,0.0820748323,2.27064146,0.128542244,0.0195962795,0.0819159044,0.000158927855,0.0,0.881818,30.37345732,59.628,15.9707,0.63406,25.1879732
thickness+bandgap.iv,28,15,1.296,,0.5,0.130652,29.8695296,2.56686933,32.7334795,0.0843342724,2.33438304,0.1285473,0.019604722,0.0841575179,0.000176754544,0.0,0.881818,30.37345732,59.628,15.9707,0.63406,25.1879732
thickness+bandgap.iv,28,16,1.296,,0.5,0.151097,29.7805113,2.63588738,32.7334795,0.0867427166,2.40097954,0.12855231,0.0196128131,0.0865458109,0.000196905698,0.0,0.881818,30.37345732,59.628,15.9707,0.63406,25.1879732
thickness+bandgap.iv,28,17,1.296,,0.5,0.171558,29.6883624,2.70803608,32.7334795,0.0893172115,2.47054106,0.128557275,0.0196205395,0.0890975089,0.000219702652,0.0,0.881818,30.37345732,59.628,15.9707,0.63406,25.1879732
thickness+bandgap.iv,28,18,1.296,,0.5,0.192035,29.5929447,2.78345346,32.7334795,0.092077356,2.54318602,0.128562197,0.0196278902,0.0918318464,0.000245509546,0.0,0.881818,30.37345732,59.628,15.9707,0.63406,25.1879732
thickness+bandgap.iv,28,19,1.296,,0.5,0.212529,29.4941057,2.86229203,32.7334795,0.0950457518,2.61904435,0.128567077,0.0196348566,0.0947710128,0.000274738938,0.0,0.881818,30.37345732,59.628,15.9707,0.63406,25.1879732
thickness+bandgap.iv,28,20,1.296,,0.5,0.233042,29.3916745,2.94472318,32.7334795,0.0982485833,2.69826125,0.128571917,0.0196414331,0.0979407248,0.000307858491,0.0,0.881818,30.37345732,59.628,15.9707,0.63406,25.1879732
thickness+bandgap.iv,28,21,1.296,,0.5,0.253573,29.2854548,3.03094218,32.7334795,0.10171639,2.78100146,0.128576718,0.0196476173,0.101370991,0.000345399075,0.0,0.881818,30.37345732,59.628,15.9707,0.63406,25.1879732
thickness+bandgap.iv,28,22,1.296,,0.5,0.274124,29.1752223,3.12117416,32.7334795,0.105485141,2.86745413,0.128581482,0.0196534099,0.105097176,0.000387964747,0.0,0.881818,30.37345732,59.628,15.9707,0.63406,25.1879732
thickness+bandgap.iv,28,23,1.296,,0.5,0.294696,29.0607151,3.21568115,32.7334795,0.109597785,2.95783834,0.128586209,0.0196588148,0.10916154,0.000436245212,0.0,0.881818,30.37345732,59.628,15.9707,0.63406,25.1879732
thickness+bandgap.iv,28,24,1.296,,0.5,0.315292,28.941625,3.31477079,32.7334795,0.114106598,3.05240945,0.1285909,0.0196638393,0.113615567,0.000491031642,0.0,0.881818,30.37345732,59.628,15.9707,0.63406,25.1879732
thickness+bandgap.iv,28,25,1.296,,0.5,0.335912,28.8175877,3.41880761,32.7334795,0.119076841,3.15146672,0.128595555,0.0196684931,0.118523603,0.000553237154,0.0,0.881818,30.37345732,59.628,15.9707,0.63406,25.1879732
thickness+bandgap.iv,28,26,1.296,,0.5,0.356559,28.688166,3.52822856,32.7334795,0.124592617,3.25536298,0.128600175,0.0196727888,0.123968693,0.000623924059,0.0,0.881818,30.37345732,59.628,15.9707,0.63406,25.1879732
thickness+bandgap.iv,28,27,1.296,,0.5,0.377236,28.5528284,3.64356572,32.7334795,0.130766415,3.36451781,0.12860476,0.0196767409,0.130062073,0.000704341493,0.0,0.881818,30.37345732,59.628,15.9707,0.63406,25.1879732
thickness+bandgap.iv,28,28,1.296,,0.5,0.397945,28.4109122,3.76548132,32.7334795,0.137754673,3.47943697,0.128609309,0.019680366,0.136958693,0.000795980058,0.0,0.881818,30.37345732,59.628,15.9707,0.63406,25.1879732
thickness+bandgap.iv,28,29,1.296,,0.5,0.418692,28.2615679,3.89482409,32.7334795,0.145783069,3.60074352,0.128613822,0.0196836817,0.144882413,0.000900656074,0.0,0.881818,30.37345732,59.628,15.9707,0.63406,25.1879732
thickness+bandgap.iv,28,30,1.296,,0.5,0.439482,28.1036686,4.03272285,32.7334795,0.155187058,3.72923079,0.1286183,0.0196867071,0.154166408,0.00102065023,0.0,0.881818,30.37345732,59.628,15.9707,0.63406,25.1879732
thickness+bandgap.iv,28,31,1.296,,0.5,0.460322,27.9356447,4.18074597,32.7334795,0.166475912,3.86595785,0.128622742,0.0196894617,0.165316962,0.00115895048,0.0,0.881818,30.37345732,59.628,15.9707,0.63406,25.1879732
thickness+bandgap.iv,28,32,1.296,,0.5,0.481224,27.7552103,4.34117953,32.7334795,0.180432636,4.01242778,0.128627149,0.0196919661,0.179112935,0.00131970047,0.0,0.881818,30.37345732,59.628,15.9707,0.63406,25.1879732
thickness+bandgap.iv,28,33,1.296,,0.5,0.502206,27.5588642,4.51752457,32.7334795,0.198269244,4.17092956,0.128631522,0.0196942414,0.196760182,0.00150906144,0.0,0.881818,30.37345732,59.628,15.9707,0.63406,25.1879732
thickness+bandgap.iv,28,34,1.296,,0.5,0.523295,27.3409815,4.71540587,32.7334795,0.221869246,4.34520445,0.128635864,0.0196963101,0.220132332,0.00173691403,0.0,0.881818,30.37345732,59.628,15.9707,0.63406,25.1879732
thickness+bandgap.iv,28,35,1.296,,0.5,0.544539,27.0921229,4.94426398,32.7334795,0.254170198,4.5417554,0.128640179,0.0196981971,0.252149926,0.00202027255,0.0,0.881818,30.37345732,59.628,15.9707,0.63406,25.1879732
thickness+bandgap.iv,28,36,1.296,,0.5,0.566021,26.795847,5.22053919,32.7334795,0.299771618,4.77242316,0.128644476,0.019699932,0.297381444,0.00239017413,0.0,0.881818,30.37345732,59.628,15.9707,0.63406,25.1879732
thickness+bandgap.iv,28,37,1.296,,0.5,0.587886,26.4227215,5.57366375,32.7334795,0.365896819,5.05941661,0.128648773,0.019701554,0.362991305,0.0029055141,0.0,0.881818,30.37345732,59.628,15.9707,0.63406,25.1879732
thickness+bandgap.iv,28,38,1.296,,0.5,0.610404,25.9192164,6.05716703,32.7334795,0.463874003,5.44493681,0.128653102,0.0197031203,0.460193697,0.0036803061,0.0,0.881818,30.37345732,59.628,15.9707,0.63406,25.1879732
thickness+bandgap.iv,28,39,1.296,,0.5,0.63406,25.1879732,6.76840894,32.7334795,0.611255364,6.00879133,0.128657524,0.0197047235,0.606320269,0.00493509412,0.0,0.881818,30.37345732,59.628,15.9707,0.63406,25.1879732
thickness+bandgap.iv,28,40,1.296,,0.5,0.65972,24.0559789,7.88040075,32.7334795,0.834310961,6.89772111,0.12866215,0.0197065204,0.827225766,0.00708519547,0.0,0.881818,30.37345732,59.628,15.9707,0.63406,25.1879732
thickness+bandgap.iv,28,41,1.296,,0.5,0.688829,22.2342413,9.68213706,32.7334795,1.16930108,8.36446003,0.128667171,0.0197087788,1.15843894,0.0108621363,0.0,0.881818,30.37345732,59.628,15.9707,0.63406,25.1879732
thickness+bandgap.iv,28,42,1.296,,0.5,0.723501,19.2998058,12.5965685,32.7334795,1.65788511,10.7902985,0.128672884,0.0197119325,1.64049647,0.0173886461,0.0,0.881818,30.37345732,59.628,15.9707,0.63406,25.1879732
thickness+bandgap.iv,28,43,1.296,,0.5,0.766076,14.784799,17.0915952,32.7334795,2.32899319,14.6142057,0.128679655,0.0197166097,2.30103089,0.0279622982,0.0,0.881818,30.37345732,59.628,15.9707,0.63406,25.1879732
thickness+bandgap.iv,28,44,1.296,,0.5,0.817691,8.46183024,23.3945002,32.7334795,3.16632967,20.0797593,0.128687709,0.0197235578,3.12308151,0.0432481657,0.0,0.881818,30.37345732,59.628,15.9707,0.63406,25.1879732
thickness+bandgap.iv,28,45,1.296,,0.5,0.876393,0.721327513,31.1151917,32.7334795,4.08605827,26.880703,0.128696935,0.0197334578,4.02384042,0.0622178534,0.0,0.881818,30.37345732,59.628,15.9707,0.63406,25.1879732
thickness+bandgap.iv,28,46,1.296,,0.5,0.936939,-7.38775556,39.2044198,32.7334795,4.96011427,34.0958522,0.128706529,0.0197467769,4.87811219,0.0820020812,0.0,0.881818,30.37345732,59.628,15.9707,0.63406,25.1879732
thickness+bandgap.iv,28,47,1.296,,0.5,0.993051,-14.6101001,46.4061046,32.7334795,5.67590193,40.5817238,0.128715284,0.0197635654,5.57662354,0.0992783929,0.0,0.881818,30.37345732,59.628,15.9707,0.63406,25.1879732
thickness+bandgap.iv,28,48,1.296,,0.5,1.040449,-20.0898283,51.8654009,32.7334795,6.18423152,45.5326636,0.128722194,0.0197835943,6.07214843,0.112083096,0.0,0.881818,30.37345732,59.628,15.9707,0.63406,25.1879732
thickness+bandgap.iv,28,49,1.296,,0.5,1.078422,-23.6843301,55.4399293,32.7334795,6.5021607,48.7892357,0.128726887,0.0198060781,6.38185133,0.120309372,0.0,0.881818,30.37345732,59.628,15.9707,0.63406,25.1879732
thickness+bandgap.iv,28,50,1.296,,0.5,1.10894,-25.7880466,57.5253162,32.7334795,6.68388063,50.6928758,0.128729743,0.0198299731,6.55874338,0.125137257,0.0,0.881818,30.37345732,59.628,15.9707,0.63406,25.1879732
thickness+bandgap.iv,28,51,1.296,,0.5,1.134742,-26.9484989,58.6641984,32.7334795,6.77893073,51.7366817,0.128731248,0.0198547126,6.65133496,0.127595773,0.0,0.881818,30.37345732,59.628,15.9707,0.63406,25.1879732
thickness+bandgap.iv,28,52,1.296,,0.5,1.157909,-27.5818264,59.2774152,32.7334795,6.83035399,52.2984495,0.128732088,0.0198795936,6.70139692,0.128957069,0.0,0.881818,30.37345732,59.628,15.9707,0.63406,25.1879732
thickness+bandgap.iv,28,53,1.296,,0.5,1.179731,-27.9461017,59.6216376,32.7334795,6.85907591,52.6139247,0.128732561,0.0199043751,6.72935659,0.129719323,0.0,0.881818,30.37345732,59.628,15.9707,0.63406,25.1879732
thickness+bandgap.iv,28,54,1.296,,0.5,1.200887,-28.1773091,59.8328249,32.7334795,6.87665532,52.807508,0.128732853,0.0199286814,6.74646845,0.130186868,0.0,0.881818,30.37345732,59.628,15.9707,0.63406,25.1879732
thickness+bandgap.iv,28,55,1.296,,0.5,1.221714,-28.3428388,59.9783507,32.7334795,6.88875498,52.9409101,0.128733055,0.0199525168,6.7582457,0.130509274,0.0,0.881818,30.37345732,59.628,15.9707,0.63406,25.1879732
thickness+bandgap.iv,28,56,1.296,,0.5,1.24238,-28.4759268,60.0914423,32.7334795,6.89815111,53.0445818,0.128733212,0.0199761688,6.7673911,0.130760015,0.0,0.881818,30.37345732,59.628,15.9707,0.63406,25.1879732
thickness+bandgap.iv,28,57,1.296,,0.5,1.262959,-28.5917864,60.1873084,32.7334795,6.90611062,53.1324651,0.128733345,0.0199993365,6.77513797,0.130972644,0.0,0.881818,30.37345732,59.628,15.9707,0.63406,25.1879732
thickness+bandgap.iv,28,58,1.296,,0.5,1.283489,-28.6978573,60.2733871,32.7334795,6.91325222,53.2113793,0.128733465,0.0200220996,6.78208866,0.131163563,0.0,0.881818,30.37345732,59.628,15.9707,0.63406,25.1879732
thickness+bandgap.iv,28,59,1.296,,0.5,1.303989,-28.7977655,60.3533033,32.7334795,6.91987736,53.2846478,0.128733577,0.0200446104,6.7885366,0.131340767,0.0,0.881818,30.37345732,59.628,15.9707,0.63406,25.1879732
thickness+bandgap.iv,28,60,1.296,,0.5,1.324465,-28.8929688,60.4285144,32.7334795,6.92610748,53.3536067,0.128733682,0.020066544,6.79460001,0.131507472,0.0,0.881818,30.37345732,59.628,15.9707,0.63406,25.1879732
thickness+bandgap.iv,28,61,1.296,,0.5,1.344924,-28.9848953,60.5004486,32.7334795,6.93206144,53.4195652,0.128733782,0.0200882036,6.8003946,0.131666841,0.0,0.881818,30.37345732,59.628,15.9707,0.63406,25.1879732
thickness+bandgap.iv,29,1,1.347,,0.5,-0.146599,29.3198526,1.8101748,31.1454236,0.0592387216,1.5988074,0.128471014,0.023657664,0.0592081821,3.05394944e-05,0.0,0.924709,28.86330755,59.7486,15.947,0.683311,23.33786338
thickness+bandgap.iv,29,2,1.347,,0.5,-0.126314,29.2627597,1.84726434,31.1454236,0.0603314295,1.63478308,0.128476719,0.0236731117,0.060298585,3.28445199e-05,0.0,0.924709,28.86330755,59.7486,15.947,0.683311,23.33786338
thickness+bandgap.iv,29,3,1.347,,0.5,-0.106019,29.20388,1.88614395,31.1454236,0.0614634719,1.67250963,0.128482361,0.0236884902,0.0614281294,3.53425534e-05,0.0,0.924709,28.86330755,59.7486,15.947,0.683311,23.33786338
thickness+bandgap.iv,29,4,1.347,,0.5,-0.085716,29.1431011,1.92692265,31.1454236,0.0626367897,1.71209412,0.12848794,0.0237037949,0.0625987369,3.80528072e-05,0.0,0.924709,28.86330755,59.7486,15.947,0.683311,23.33786338
thickness+bandgap.iv,29,5,1.347,,0.5,-0.065402,29.0803092,1.96971444,31.1454236,0.0638534753,1.75364849,0.128493454,0.0237190218,0.0638124785,4.09967274e-05,0.0,0.924709,28.86330755,59.7486,15.947,0.683311,23.33786338
thickness+bandgap.iv,29,6,1.347,,0.5,-0.045077,29.0153857,2.01463789,31.1454236,0.0651157818,1.79728904,0.128498902,0.0237341658,0.0650715831,4.41987006e-05,0.0,0.924709,28.86330755,59.7486,15.947,0.683311,23.33786338
thickness+bandgap.iv,29,7,1.347,,0.5,-0.024741,28.9482077,2.0618157,31.1454236,0.0664261495,1.84313605,0.128504283,0.0237492211,0.0663784629,4.76865996e-05,0.0,0.924709,28.86330755,59.7486,15.947,0.683311,23.33786338
thickness+bandgap.iv,29,8,1.347,,0.5,-0.004393,28.8786492,2.11137407,31.1454236,0.0677872389,1.89131305,0.128509596,0.0237641809,0.0677357464,5.14924462e-05,0.0,0.924709,28.86330755,59.7486,15.947,0.683311,23.33786338
thickness+bandgap.iv,29,9,1.347,,0.5,0.015967,28.8065812,2.16344197,31.1454236,0.0692019721,1.94194612,0.128514841,0.0237790375,0.0691463189,5.56532162e-05,0.0,0.924709,28.86330755,59.7486,15.947,0.683311,23.33786338
thickness+bandgap.iv,29,10,1.347,,0.5,0.036341,28.7318728,2.21815024,31.1454236,0.070673586,1.99516286,0.128520016,0.0237937816,0.0706133741,6.02118204e-05,0.0,0.924709,28.86330755,59.7486,15.947,0.683311,23.33786338
thickness+bandgap.iv,29,11,1.347,,0.5,0.056728,28.6543922,2.27563052,31.1454236,0.0722056974,2.0510913,0.128525122,0.0238084027,0.0721404791,6.52182942e-05,0.0,0.924709,28.86330755,59.7486,15.947,0.683311,23.33786338
thickness+bandgap.iv,29,12,1.347,,0.5,0.07713,28.5740084,2.33601411,31.1454236,0.0738023869,2.10985868,0.128530159,0.0238228885,0.0737316557,7.07312415e-05,0.0,0.924709,28.86330755,59.7486,15.947,0.683311,23.33786338
thickness+bandgap.iv,29,13,1.347,,0.5,0.097547,28.4905917,2.39943065,31.1454236,0.0754683015,2.17159,0.128535127,0.0238372247,0.0753914819,7.68195815e-05,0.0,0.924709,28.86330755,59.7486,15.947,0.683311,23.33786338
thickness+bandgap.iv,29,14,1.347,,0.5,0.11798,28.4040154,2.46600685,31.1454236,0.0772087832,2.23640664,0.128540027,0.023851395,0.0771252185,8.35646516e-05,0.0,0.924709,28.86330755,59.7486,15.947,0.683311,23.33786338
thickness+bandgap.iv,29,15,1.347,,0.5,0.138429,28.3141567,2.53586518,31.1454236,0.0790300273,2.30442492,0.12854486,0.0238653807,0.0789389646,9.10627285e-05,0.0,0.924709,28.86330755,59.7486,15.947,0.683311,23.33786338
thickness+bandgap.iv,29,16,1.347,,0.5,0.158896,28.2208988,2.60912281,31.1454236,0.0809392765,2.37575475,0.128549627,0.0238791604,0.0808398485,9.94280275e-05,0.0,0.924709,28.86330755,59.7486,15.947,0.683311,23.33786338
thickness+bandgap.iv,29,17,1.347,,0.5,0.179379,28.1241308,2.68589071,31.1454236,0.0829450565,2.45049861,0.128554331,0.0238927101,0.0828362602,0.000108796241,0.0,0.924709,28.86330755,59.7486,15.947,0.683311,23.33786338
thickness+bandgap.iv,29,18,1.347,,0.5,0.199881,28.0237478,2.76627338,31.1454236,0.0850574607,2.52875095,0.128558974,0.0239060027,0.084938132,0.000119328672,0.0,0.924709,28.86330755,59.7486,15.947,0.683311,23.33786338
thickness+bandgap.iv,29,19,1.347,,0.5,0.220402,27.9196517,2.85036918,31.1454236,0.0872884924,2.61059812,0.128563558,0.0239190082,0.0871572754,0.000131216996,0.0,0.924709,28.86330755,59.7486,15.947,0.683311,23.33786338
thickness+bandgap.iv,29,20,1.347,,0.5,0.240941,27.8117489,2.93827163,31.1454236,0.0896524729,2.69611938,0.128568087,0.0239316939,0.0895077842,0.000144688691,0.0,0.924709,28.86330755,59.7486,15.947,0.683311,23.33786338
thickness+bandgap.iv,29,21,1.347,,0.5,0.2615,27.6999482,3.03007202,31.1454236,0.0921665325,2.7853889,0.128572566,0.0239440248,0.0920065193,0.000160013122,0.0,0.924709,28.86330755,59.7486,15.947,0.683311,23.33786338
thickness+bandgap.iv,29,22,1.347,,0.5,0.282079,27.5841564,3.12586341,31.1454236,0.0948512049,2.87847924,0.128576997,0.0239559639,0.0946736966,0.000177508298,0.0,0.924709,28.86330755,59.7486,15.947,0.683311,23.33786338
thickness+bandgap.iv,29,23,1.347,,0.5,0.302679,27.4642731,3.22574649,31.1454236,0.0977311676,2.97546646,0.128581386,0.0239674736,0.0975336193,0.000197548289,0.0,0.924709,28.86330755,59.7486,15.947,0.683311,23.33786338
thickness+bandgap.iv,29,24,1.347,,0.5,0.323299,27.3401818,3.32983739,31.1454236,0.100836199,3.07643694,0.128585737,0.0239785166,0.100615627,0.000220571392,0.0,0.924709,28.86330755,59.7486,15.947,0.683311,23.33786338
thickness+bandgap.iv,29,25,1.347,,0.5,0.343941,27.211741,3.43827774,31.1454236,0.104202483,3.18149615,0.128590055,0.0239890572,0.103955393,0.000247089245,0.0,0.924709,28.86330755,59.7486,15.947,0.683311,23.33786338
thickness+bandgap.iv,29,26,1.347,,0.5,0.364606,27.0787715,3.55124707,31.1454236,0.107874496,3.29077916,0.128594346,0.0239990634,0.107596799,0.000277697348,0.0,0.924709,28.86330755,59.7486,15.947,0.683311,23.33786338
thickness+bandgap.iv,29,27,1.347,,0.5,0.385295,26.9410398,3.66897811,31.1454236,0.111907886,3.40446311,0.128598613,0.0240085081,0.111594798,0.00031308787,0.0,0.924709,28.86330755,59.7486,15.947,0.683311,23.33786338
thickness+bandgap.iv,29,28,1.347,,0.5,0.406009,26.7982416,3.79177592,31.1454236,0.116374042,3.52278165,0.12860286,0.0240173709,0.116019976,0.000354066329,0.0,0.924709,28.86330755,59.7486,15.947,0.683311,23.33786338
thickness+bandgap.iv,29,29,1.347,,0.5,0.42675,26.6499739,3.9200427,31.1454236,0.121367559,3.64604241,0.128607092,0.0240256389,0.120965984,0.000401574844,0.0,0.924709,28.86330755,59.7486,15.947,0.683311,23.33786338
thickness+bandgap.iv,29,30,1.347,,0.5,0.447521,26.4957039,4.05431249,31.1454236,0.127018488,3.77464938,0.12861131,0.0240333077,0.126561762,0.000456726757,0.0,0.924709,28.86330755,59.7486,15.947,0.683311,23.33786338
thickness+bandgap.iv,29,31,1.347,,0.5,0.468326,26.3347124,4.19530324,31.1454236,0.133512418,3.90913493,0.128615517,0.0240403816,0.132991557,0.00052086128,0.0,0.924709,28.86330755,59.7486,15.947,0.683311,23.33786338
thickness+bandgap.iv,29,32,1.347,,0.5,0.48917,26.166015,4.3440001,31.1454236,0.141122899,4.05021061,0.128619715,0.0240468727,0.140527265,0.000595634659,0.0,0.924709,28.86330755,59.7486,15.947,0.683311,23.33786338
thickness+bandgap.iv,29,33,1.347,,0.5,0.510059,25.9882194,4.50179496,31.1454236,0.150262947,4.1988553,0.128623903,0.024052801,0.149579767,0.000683180195,0.0,0.924709,28.86330755,59.7486,15.947,0.683311,23.33786338
thickness+bandgap.iv,29,34,1.347,,0.5,0.531004,25.7992853,4.67072814,31.1454236,0.161565502,4.35647636,0.128628082,0.024058193,0.160779099,0.000786402249,0.0,0.924709,28.86330755,59.7486,15.947,0.683311,23.33786338
thickness+bandgap.iv,29,35,1.347,,0.5,0.55202,25.5960951,4.85391764,31.1454236,0.176007949,4.52521436,0.128632253,0.0240630806,0.175098413,0.000909536794,0.0,0.924709,28.86330755,59.7486,15.947,0.683311,23.33786338
thickness+bandgap.iv,29,36,1.347,,0.5,0.573132,25.3736743,5.05633771,31.1454236,0.19510482,4.70852897,0.128636417,0.024067501,0.19404557,0.00105924961,0.0,0.924709,28.86330755,59.7486,15.947,0.683311,23.33786338
thickness+bandgap.iv,29,37,1.347,,0.5,0.594381,25.1237561,5.28625508,31.1454236,0.221208125,4.91233489,0.128640577,0.0240714966,0.2199613,0.00124682496,0.0,0.924709,28.86330755,59.7486,15.947,0.683311,23.33786338
thickness+bandgap.iv,29,38,1.347,,0.5,0.615839,24.832105,5.55790541,31.1454236,0.257978666,5.14720689,0.128644738,0.0240751166,0.256486106,0.00149256006,0.0,0.924709,28.86330755,59.7486,15.947,0.683311,23.33786338
thickness+bandgap.iv,29,39,1.347,,0.5,0.637632,24.4735266,5.89648315,31.1454236,0.311123223,5.43263259,0.128648915,0.0240784215,0.309288658,0.00183456431,0.0,0.924709,28.86330755,59.7486,15.947,0.683311,23.33786338
thickness+bandgap.iv,29,40,1.347,,0.5,0.659987,24.002689,6.34731979,31.1454236,0.389519632,5.80506553,0.128653131,0.0240814917,0.387173537,0.00234609456,0.0,0.924709,28.86330755,59.7486,15.947,0.683311,23.33786338
thickness+bandgap.iv,29,41,1.347,,0.5,0.683311,23.3378634,6.99214304,31.1454236,0.506822266,6.33257889,0.128657436,0.0240844455,0.503653845,0.0031684211,0.0,0.924709,28.86330755,59.7486,15.947,0.683311,23.33786338
thickness+bandgap.iv,29,42,1.347,,0.5,0.708328,22.3344909,7.97551292,31.1454236,0.683387873,7.13937565,0.12866192,0.0240874695,0.678819635,0.00456823815,0.0,0.924709,28.86330755,59.7486,15.947,0.683311,23.33786338
thickness+bandgap.iv,29,43,1.347,,0.5,0.736249,20.750158,9.53984364,31.1454236,0.947477897,8.43960814,0.128666741,0.0240908686,0.940456841,0.00702105549,0.0,0.924709,28.86330755,59.7486,15.947,0.683311,23.33786338
thickness+bandgap.iv,29,44,1.347,,0.5,0.768889,18.2221495,12.0478483,31.1454236,1.33262328,10.5624577,0.128672147,0.0240951263,1.321343,0.0112802836,0.0,0.924709,28.86330755,59.7486,15.947,0.683311,23.33786338
thickness+bandgap.iv,29,45,1.347,,0.5,0.808395,14.3210513,15.9289438,31.1454236,1.86562036,13.9105441,0.128678459,0.0241009397,1.84733126,0.0182890944,0.0,0.924709,28.86330755,59.7486,15.947,0.683311,23.33786338
thickness+bandgap.iv,29,46,1.347,,0.5,0.856173,8.76530951,21.4647289,31.1454236,2.54293077,18.769003,0.128685947,0.0241091563,2.5142107,0.0287200698,0.0,0.924709,28.86330755,59.7486,15.947,0.683311,23.33786338
thickness+bandgap.iv,29,47,1.347,,0.5,0.911279,1.74428719,28.4656112,31.1454236,3.30973812,25.003058,0.12869453,0.0241205528,3.26752786,0.0422102542,0.0,0.924709,28.86330755,59.7486,15.947,0.683311,23.33786338
thickness+bandgap.iv,29,48,1.347,,0.5,0.969663,-5.93256242,36.1222415,31.1454236,4.06908476,31.9003173,0.128703712,0.0241357039,4.01204526,0.0570394955,0.0,0.924709,28.86330755,59.7486,15.947,0.683311,23.33786338
thickness+bandgap.iv,29,49,1.347,,0.5,1.025627,-13.1254518,43.2959694,31.1454236,4.72325114,38.4198509,0.128712506,0.024154797,4.65240018,0.0708509568,0.0,0.924709,28.86330755,59.7486,15.947,0.683311,23.33786338
thickness+bandgap.iv,29,50,1.347,,0.5,1.07455,-18.9100706,49.0594813,31.1454236,5.21273078,43.6938533,0.128719746,0.024177525,5.13104746,0.0816833161,0.0,0.924709,28.86330755,59.7486,15.947,0.683311,23.33786338
thickness+bandgap.iv,29,51,1.347,,0.5,1.114563,-22.9125657,53.0418475,31.1454236,5.53475883,47.3541604,0.128724951,0.0242033138,5.44570249,0.0890563427,0.0,0.924709,28.86330755,59.7486,15.947,0.683311,23.33786338
thickness+bandgap.iv,29,52,1.347,,0.5,1.146768,-25.3535908,55.4645357,31.1454236,5.72569299,49.5858834,0.128728253,0.0242310342,5.63213443,0.093558566,0.0,0.924709,28.86330755,59.7486,15.947,0.683311,23.33786338
thickness+bandgap.iv,29,53,1.347,,0.5,1.173649,-26.729823,56.8190709,31.1454236,5.82815521,50.8379257,0.12873005,0.0242598822,5.73223042,0.0959247875,0.0,0.924709,28.86330755,59.7486,15.947,0.683311,23.33786338
thickness+bandgap.iv,29,54,1.347,,0.5,1.197409,-27.4817896,57.5509003,31.1454236,5.88353976,51.5143402,0.128731054,0.0242892207,5.78630699,0.0972327654,0.0,0.924709,28.86330755,59.7486,15.947,0.683311,23.33786338
thickness+bandgap.iv,29,55,1.347,,0.5,1.219533,-27.9066081,57.9556637,31.1454236,5.91400056,51.8886132,0.128731613,0.0243183577,5.81604584,0.0979547148,0.0,0.924709,28.86330755,59.7486,15.947,0.683311,23.33786338
thickness+bandgap.iv,29,56,1.347,,0.5,1.240838,-28.167512,58.1965561,31.1454236,5.93208322,52.111394,0.128731947,0.0243469004,5.83369865,0.0983845719,0.0,0.924709,28.86330755,59.7486,15.947,0.683311,23.33786338
thickness+bandgap.iv,29,57,1.347,,0.5,1.261741,-28.3482101,58.3572629,31.1454236,5.94413408,52.2600213,0.12873217,0.0243753079,5.84546229,0.0986717899,0.0,0.924709,28.86330755,59.7486,15.947,0.683311,23.33786338
thickness+bandgap.iv,29,58,1.347,,0.5,1.282444,-28.4888208,58.4778905,31.1454236,5.95317454,52.3715804,0.128732339,0.0244031411,5.85428684,0.0988877042,0.0,0.924709,28.86330755,59.7486,15.947,0.683311,23.33786338
thickness+bandgap.iv,29,59,1.347,,0.5,1.303044,-28.6087294,58.5778187,31.1454236,5.96065969,52.463996,0.128732478,0.0244304831,5.86159295,0.0990667327,0.0,0.924709,28.86330755,59.7486,15.947,0.683311,23.33786338
thickness+bandgap.iv,29,60,1.347,,0.5,1.323586,-28.7172455,58.6663549,31.1454236,5.96728717,52.5458776,0.128732603,0.024457503,5.86806177,0.0992253974,0.0,0.924709,28.86330755,59.7486,15.947,0.683311,23.33786338
thickness+bandgap.iv,29,61,1.347,,0.5,1.344092,-28.8184934,58.7476223,31.1454236,5.97336597,52.6210398,0.128732717,0.0244838829,5.87399495,0.0993710162,0.0,0.924709,28.86330755,59.7486,15.947,0.683311,23.33786338
thickness+bandgap.iv,30,1,1.4,,0.5,-0.137709,27.5418088,1.73160913,29.2872201,0.0564530567,1.51793518,0.128471111,0.0287497825,0.0564274163,2.56404132e-05,0.0,0.963042,27.12467174,59.529,15.5503,0.734084,21.1832326
thickness+bandgap.iv,30,2,1.4,,0.5,-0.11743,27.4859196,1.7674841,29.2872201,0.05747927,1.55275916,0.128476828,0.0287688429,0.0574517873,2.74827365e-05,0.0,0.963042,27.12467174,59.529,15.5503,0.734084,21.1832326
thickness+bandgap.iv,30,3,1.4,,0.5,-0.097141,27.4282892,1.80512573,29.2872201,0.0585406952,1.58931471,0.12848247,0.0287878524,0.0585112346,2.94605585e-05,0.0,0.963042,27.12467174,59.529,15.5503,0.734084,21.1832326
thickness+bandgap.iv,30,4,1.4,,0.5,-0.076844,27.3687707,1.84464408,29.2872201,0.0596386348,1.62771059,0.128488053,0.0288068031,0.0596070474,3.15873232e-05,0.0,0.963042,27.12467174,59.529,15.5503,0.734084,21.1832326
thickness+bandgap.iv,30,5,1.4,,0.5,-0.056536,27.3072598,1.88615497,29.2872201,0.0607747002,1.66806101,0.12849357,0.0288256961,0.0607408267,3.38735545e-05,0.0,0.963042,27.12467174,59.529,15.5503,0.734084,21.1832326
thickness+bandgap.iv,30,6,1.4,,0.5,-0.036218,27.2436352,1.92977943,29.2872201,0.0619505193,1.71048536,0.128499018,0.0288445305,0.0619141875,3.6331761e-05,0.0,0.963042,27.12467174,59.529,15.5503,0.734084,21.1832326
thickness+bandgap.iv,30,7,1.4,,0.5,-0.015889,27.1777711,1.97564337,29.2872201,0.0631678027,1.75510786,0.128504397,0.0288633045,0.063128827,3.89756785e-05,0.0,0.963042,27.12467174,59.529,15.5503,0.734084,21.1832326
thickness+bandgap.iv,30,8,1.4,,0.5,0.004452,27.1095372,2.0238772,29.2872201,0.0644283558,1.80205713,0.128509706,0.0288820166,0.0643865353,4.18204599e-05,0.0,0.963042,27.12467174,59.529,15.5503,0.734084,21.1832326
thickness+bandgap.iv,30,9,1.4,,0.5,0.024806,27.0387991,2.07461523,29.2872201,0.065734094,1.85146553,0.128514942,0.0289006645,0.0656892111,4.48829072e-05,0.0,0.963042,27.12467174,59.529,15.5503,0.734084,21.1832326
thickness+bandgap.iv,30,10,1.4,,0.5,0.045173,26.9654192,2.12799493,29.2872201,0.0670870627,1.90346851,0.128520105,0.0289192455,0.067038881,4.81817548e-05,0.0,0.963042,27.12467174,59.529,15.5503,0.734084,21.1832326
thickness+bandgap.iv,30,11,1.4,,0.5,0.065554,26.8892578,2.18415608,29.2872201,0.0684894637,1.95820366,0.128525194,0.0289377566,0.0684377257,5.17380197e-05,0.0,0.963042,27.12467174,59.529,15.5503,0.734084,21.1832326
thickness+bandgap.iv,30,12,1.4,,0.5,0.085949,26.810174,2.24323978,29.2872201,0.0699436885,2.01580969,0.128530208,0.0289561939,0.0698881131,5.55754332e-05,0.0,0.963042,27.12467174,59.529,15.5503,0.734084,21.1832326
thickness+bandgap.iv,30,13,1.4,,0.5,0.10636,26.7280263,2.30538728,29.2872201,0.0714523623,2.07642522,0.128535146,0.0289745528,0.0713926413,5.97209776e-05,0.0,0.963042,27.12467174,59.529,15.5503,0.734084,21.1832326
thickness+bandgap.iv,30,14,1.4,,0.5,0.126787,26.6426747,2.37073877,29.2872201,0.0730183994,2.14018753,0.128540009,0.0289928278,0.0729541938,6.42055545e-05,0.0,0.963042,27.12467174,59.529,15.5503,0.734084,21.1832326
thickness+bandgap.iv,30,15,1.4,,0.5,0.14723,26.5539812,2.439432,29.2872201,0.0746450746,2.20723112,0.128544796,0.0290110123,0.0745760098,6.90648203e-05,0.0,0.963042,27.12467174,59.529,15.5503,0.734084,21.1832326
thickness+bandgap.iv,30,16,1.4,,0.5,0.167691,26.461812,2.51160098,29.2872201,0.0763361129,2.27768626,0.128549507,0.0290290984,0.0762617726,7.43402332e-05,0.0,0.963042,27.12467174,59.529,15.5503,0.734084,21.1832326
thickness+bandgap.iv,30,17,1.4,,0.5,0.18817,26.3660381,2.58737459,29.2872201,0.0780958031,2.35167757,0.128554143,0.0290470768,0.0780157228,8.00803692e-05,0.0,0.963042,27.12467174,59.529,15.5503,0.734084,21.1832326
thickness+bandgap.iv,30,18,1.4,,0.5,0.208667,26.2665371,2.66687541,29.2872201,0.0799291414,2.42932263,0.128558704,0.029064936,0.0798427988,8.63425769e-05,0.0,0.963042,27.12467174,59.529,15.5503,0.734084,21.1832326
thickness+bandgap.iv,30,19,1.4,,0.5,0.229184,26.1631937,2.75021859,29.2872201,0.0818420109,2.51073072,0.12856319,0.0290826626,0.0817488159,9.31950616e-05,0.0,0.963042,27.12467174,59.529,15.5503,0.734084,21.1832326
thickness+bandgap.iv,30,20,1.4,,0.5,0.24972,26.0559008,2.83751116,29.2872201,0.0838414083,2.59600191,0.128567604,0.0291002405,0.0837406888,0.000100719508,0.0,0.963042,27.12467174,59.529,15.5503,0.734084,21.1832326
thickness+bandgap.iv,30,21,1.4,,0.5,0.270277,25.94456,2.92885169,29.2872201,0.0859357286,2.68522637,0.128571947,0.0291176504,0.0858267142,0.000109014372,0.0,0.963042,27.12467174,59.529,15.5503,0.734084,21.1832326
thickness+bandgap.iv,30,22,1.4,,0.5,0.290855,25.8290808,3.02433052,29.2872201,0.0881351254,2.7784843,0.128576221,0.0291348696,0.0880169264,0.00011819901,0.0,0.963042,27.12467174,59.529,15.5503,0.734084,21.1832326
thickness+bandgap.iv,30,23,1.4,,0.5,0.311453,25.7093805,3.12403078,29.2872201,0.0904519697,2.87584651,0.128580428,0.0291518712,0.0903235509,0.000128418809,0.0,0.963042,27.12467174,59.529,15.5503,0.734084,21.1832326
thickness+bandgap.iv,30,24,1.4,,0.5,0.332073,25.5853802,3.22803048,29.2872201,0.0929014403,2.97737585,0.128584573,0.0291686234,0.0927615888,0.000139851543,0.0,0.963042,27.12467174,59.529,15.5503,0.734084,21.1832326
thickness+bandgap.iv,30,25,1.4,,0.5,0.352715,25.4570045,3.33640583,29.2872201,0.0955022971,3.08312979,0.128588657,0.0291850894,0.0953495819,0.000152715159,0.0,0.963042,27.12467174,59.529,15.5503,0.734084,21.1832326
thickness+bandgap.iv,30,26,1.4,,0.5,0.373379,25.3241736,3.44923638,29.2872201,0.0982779177,3.19316455,0.128592687,0.0292012269,0.0981106405,0.00016727721,0.0,0.963042,27.12467174,59.529,15.5503,0.734084,21.1832326
thickness+bandgap.iv,30,27,1.4,,0.5,0.394066,25.1867972,3.56661248,29.2872201,0.101257728,3.3075411,0.128596667,0.0292169877,0.101073862,0.000183866158,0.0,0.963042,27.12467174,59.529,15.5503,0.734084,21.1832326
thickness+bandgap.iv,30,28,1.4,,0.5,0.414776,25.0447634,3.68864581,29.2872201,0.104479247,3.42633364,0.128600604,0.0292323181,0.104276362,0.000202884768,0.0,0.963042,27.12467174,59.529,15.5503,0.734084,21.1832326
thickness+bandgap.iv,30,29,1.4,,0.5,0.43551,24.8979245,3.81548415,29.2872201,0.107991117,3.54964137,0.128604502,0.0292471602,0.107766291,0.000224825907,0.0,0.963042,27.12467174,59.529,15.5503,0.734084,21.1832326
thickness+bandgap.iv,30,30,1.4,,0.5,0.45627,24.7460762,3.94733207,29.2872201,0.111857756,3.67760449,0.128608371,0.0292614526,0.111607465,0.00025029134,0.0,0.963042,27.12467174,59.529,15.5503,0.734084,21.1832326
thickness+bandgap.iv,30,31,1.4,,0.5,0.477055,24.5889278,4.08448004,29.2872201,0.116166698,3.81042599,0.128612217,0.0292751332,0.115886683,0.000280014853,0.0,0.963042,27.12467174,59.529,15.5503,0.734084,21.1832326
thickness+bandgap.iv,30,32,1.4,,0.5,0.49787,24.4260608,4.22734646,29.2872201,0.121040345,3.94840193,0.128616047,0.0292881423,0.120725452,0.0003148927,0.0,0.963042,27.12467174,59.529,15.5503,0.734084,21.1832326
thickness+bandgap.iv,30,33,1.4,,0.5,0.518716,24.2568667,4.37654017,29.2872201,0.126654908,4.09196496,0.12861987,0.0293004259,0.126298881,0.000356027772,0.0,0.963042,27.12467174,59.529,15.5503,0.734084,21.1832326
thickness+bandgap.iv,30,34,1.4,,0.5,0.539598,24.0804492,4.53295711,29.2872201,0.133270686,4.2417508,0.128623692,0.0293119395,0.132865886,0.000404800827,0.0,0.963042,27.12467174,59.529,15.5503,0.734084,21.1832326
thickness+bandgap.iv,30,35,1.4,,0.5,0.560523,23.8954692,4.69793663,29.2872201,0.141279853,4.3987066,0.12862752,0.0293226519,0.140816858,0.000462995672,0.0,0.963042,27.12467174,59.529,15.5503,0.734084,21.1832326
thickness+bandgap.iv,30,36,1.4,,0.5,0.581501,23.6998818,4.87352384,29.2872201,0.151280764,4.56427917,0.128631358,0.0293325474,0.150747732,0.000533032386,0.0,0.963042,27.12467174,59.529,15.5503,0.734084,21.1832326
thickness+bandgap.iv,30,37,1.4,,0.5,0.602548,23.4904794,5.06292574,29.2872201,0.164192313,4.74075659,0.128635211,0.0293416279,0.163573896,0.000618417251,0.0,0.963042,27.12467174,59.529,15.5503,0.734084,21.1832326
thickness+bandgap.iv,30,38,1.4,,0.5,0.62369,23.26208,5.27132487,29.2872201,0.181429555,4.93190632,0.128639083,0.0293499135,0.180704926,0.000724628516,0.0,0.963042,27.12467174,59.529,15.5503,0.734084,21.1832326
thickness+bandgap.iv,30,39,1.4,,0.5,0.64497,23.006046,5.50735772,29.2872201,0.205174542,5.14418276,0.128642978,0.0293574433,0.204313663,0.000860878963,0.0,0.963042,27.12467174,59.529,15.5503,0.734084,21.1832326
thickness+bandgap.iv,30,40,1.4,,0.5,0.666462,22.7075786,5.7858246,29.2872201,0.23879515,5.38901827,0.128646903,0.0293642772,0.237751517,0.00104363279,0.0,0.963042,27.12467174,59.529,15.5503,0.734084,21.1832326
thickness+bandgap.iv,30,41,1.4,,0.5,0.688296,22.3407595,6.1326428,29.2872201,0.287486653,5.68713477,0.128650871,0.0293705003,0.286183078,0.00130357491,0.0,0.963042,27.12467174,59.529,15.5503,0.734084,21.1832326
thickness+bandgap.iv,30,42,1.4,,0.5,0.710702,21.8596732,6.59372694,29.2872201,0.359219817,6.07647599,0.128654906,0.0293762341,0.357520687,0.00169912969,0.0,0.963042,27.12467174,59.529,15.5503,0.734084,21.1832326
thickness+bandgap.iv,30,43,1.4,,0.5,0.734084,21.1832326,7.25016425,29.2872201,0.466019469,6.62610407,0.128659053,0.0293816594,0.463677993,0.00234147605,0.0,0.963042,27.12467174,59.529,15.5503,0.734084,21.1832326
thickness+bandgap.iv,30,44,1.4,,0.5,0.759141,20.1718854,8.24150544,29.2872201,0.625312728,7.45814226,0.128663396,0.0293870557,0.621876267,0.00343646111,0.0,0.963042,27.12467174,59.529,15.5503,0.734084,21.1832326
thickness+bandgap.iv,30,45,1.4,,0.5,0.786999,18.6002118,9.79317433,29.2872201,0.860257081,8.77485631,0.128668075,0.029392861,0.854916558,0.00534052342,0.0,0.963042,27.12467174,59.529,15.5503,0.734084,21.1832326
thickness+bandgap.iv,30,46,1.4,,0.5,0.819259,16.1482335,12.2251621,29.2872201,1.19636796,10.8707212,0.128673304,0.0293997316,1.18777408,0.00859387725,0.0,0.963042,27.12467174,59.529,15.5503,0.734084,21.1832326
thickness+bandgap.iv,30,47,1.4,,0.5,0.857673,12.4653092,15.8881066,29.2872201,1.6508049,14.0792138,0.128679334,0.0294085408,1.63697692,0.0138279759,0.0,0.963042,27.12467174,59.529,15.5503,0.734084,21.1832326
thickness+bandgap.iv,30,48,1.4,,0.5,0.903223,7.35539815,20.9779742,29.2872201,2.21521244,18.6046552,0.12868635,0.0294202335,2.19377917,0.0214332645,0.0,0.963042,27.12467174,59.529,15.5503,0.734084,21.1832326
thickness+bandgap.iv,30,49,1.4,,0.5,0.95493,1.01401614,27.2993995,29.2872201,2.84443922,24.2968304,0.128694281,0.0294355885,2.81332804,0.0311111844,0.0,0.963042,27.12467174,59.529,15.5503,0.734084,21.1832326
thickness+bandgap.iv,30,50,1.4,,0.5,1.00961,-5.92204539,34.2154612,29.2872201,3.46808293,30.5892206,0.128702705,0.029455019,3.42633411,0.0417488156,0.0,0.963042,27.12467174,59.529,15.5503,0.734084,21.1832326
thickness+bandgap.iv,30,51,1.4,,0.5,1.062896,-12.5791421,40.8521444,29.2872201,4.01651008,36.6774449,0.128710839,0.0294784911,3.96467359,0.0518364921,0.0,0.963042,27.12467174,59.529,15.5503,0.734084,21.1832326
thickness+bandgap.iv,30,52,1.4,,0.5,1.110849,-18.1697253,46.4229902,29.2872201,4.44537629,41.8193902,0.128717899,0.0295058276,4.38521569,0.0601606043,0.0,0.963042,27.12467174,59.529,15.5503,0.734084,21.1832326
thickness+bandgap.iv,30,53,1.4,,0.5,1.151396,-22.2791753,50.5129876,29.2872201,4.74354312,45.6111849,0.128723257,0.0295363475,4.67738961,0.0661535127,0.0,0.963042,27.12467174,59.529,15.5503,0.734084,21.1832326
thickness+bandgap.iv,30,54,1.4,,0.5,1.184716,-24.9431394,53.1560615,29.2872201,4.92791956,48.0698463,0.12872677,0.0295688612,4.85801455,0.0699050125,0.0,0.963042,27.12467174,59.529,15.5503,0.734084,21.1832326
thickness+bandgap.iv,30,55,1.4,,0.5,1.212508,-26.5016059,54.6954459,29.2872201,5.03381403,49.5033005,0.128728893,0.0296024858,4.96169684,0.0721171967,0.0,0.963042,27.12467174,59.529,15.5503,0.734084,21.1832326
thickness+bandgap.iv,30,56,1.4,,0.5,1.236859,-27.3717144,55.5455601,29.2872201,5.0910968,50.296096,0.128730064,0.0296372466,5.01778746,0.0733093413,0.0,0.963042,27.12467174,59.529,15.5503,0.734084,21.1832326
thickness+bandgap.iv,30,57,1.4,,0.5,1.25931,-27.8620441,56.0149754,29.2872201,5.12178567,50.7347872,0.128730692,0.0296719246,5.04785762,0.0739280507,0.0,0.963042,27.12467174,59.529,15.5503,0.734084,21.1832326
thickness+bandgap.iv,30,58,1.4,,0.5,1.280781,-28.1562086,56.2890332,29.2872201,5.13994379,50.9906522,0.128731071,0.0297061937,5.06563866,0.0743051294,0.0,0.963042,27.12467174,59.529,15.5503,0.734084,21.1832326
thickness+bandgap.iv,30,59,1.4,,0.5,1.301767,-28.3534202,56.4662108,29.2872201,5.15167672,51.1560627,0.128731317,0.0297399939,5.07712686,0.0745498666,0.0,0.963042,27.12467174,59.529,15.5503,0.734084,21.1832326
thickness+bandgap.iv,30,60,1.4,,0.5,1.322512,-28.5023556,56.5951492,29.2872201,5.16022022,51.2764243,0.128731496,0.0297731729,5.08549135,0.0747288703,0.0,0.963042,27.12467174,59.529,15.5503,0.734084,21.1832326
thickness+bandgap.iv,30,61,1.4,,0.5,1.343134,-28.6267053,56.6995181,29.2872201,5.16713849,51.3738421,0.128731643,0.0298058448,5.09226419,0.0748742973,0.0,0.963042,27.12467174,59.529,15.5503,0.734084,21.1832326
thickness+bandgap.iv,31,1,1.2,,0.658,-0.175857,35.1714692,2.07519231,37.2783777,0.113657381,1.83055525,0.128491957,0.00248772579,0.1126213,0.00103608109,0.0,0.800489,34.65129163,57.4024,15.9223,0.557096,28.58080377
thickness+bandgap.iv,31,2,1.2,,0.658,-0.155585,35.1169923,2.10966075,37.2783777,0.117006086,1.86166941,0.128497456,0.00248779566,0.115896723,0.00110936256,0.0,0.800489,34.65129163,57.4024,15.9223,0.557096,28.58080377
thickness+bandgap.iv,31,3,1.2,,0.658,-0.135306,35.061247,2.14540581,37.2783777,0.120553744,1.89386128,0.128502928,0.00248786116,0.119365617,0.0011881266,0.0,0.800489,34.65129163,57.4024,15.9223,0.557096,28.58080377
thickness+bandgap.iv,31,4,1.2,,0.658,-0.115021,35.0041535,2.18249903,37.2783777,0.124315732,1.92718701,0.128508373,0.00248792252,0.123042929,0.00127280331,0.0,0.800489,34.65129163,57.4024,15.9223,0.557096,28.58080377
thickness+bandgap.iv,31,5,1.2,,0.658,-0.094728,34.9456348,2.22101748,37.2783777,0.128309133,1.96170658,0.128513791,0.00248797999,0.12694526,0.0013638726,0.0,0.800489,34.65129163,57.4024,15.9223,0.557096,28.58080377
thickness+bandgap.iv,31,6,1.2,,0.658,-0.074428,34.8856074,2.26104468,37.2783777,0.132552722,1.99748475,0.128519179,0.00248803379,0.131090862,0.00146185976,0.0,0.800489,34.65129163,57.4024,15.9223,0.557096,28.58080377
thickness+bandgap.iv,31,7,1.2,,0.658,-0.05412,34.8239804,2.30267143,37.2783777,0.137067185,2.03459162,0.128524536,0.00248808414,0.135499844,0.00156734079,0.0,0.800489,34.65129163,57.4024,15.9223,0.557096,28.58080377
thickness+bandgap.iv,31,8,1.2,,0.658,-0.033803,34.760655,2.34599661,37.2783777,0.141875365,2.07310325,0.12852986,0.00248813127,0.140194416,0.00168094852,0.0,0.800489,34.65129163,57.4024,15.9223,0.557096,28.58080377
thickness+bandgap.iv,31,9,1.2,,0.658,-0.013478,34.6955231,2.39112824,37.2783777,0.147002549,2.11310237,0.128535149,0.00248817537,0.145199169,0.00180337955,0.0,0.800489,34.65129163,57.4024,15.9223,0.557096,28.58080377
thickness+bandgap.iv,31,10,1.2,,0.658,0.006858,34.6284664,2.4381846,37.2783777,0.152476807,2.15467917,0.128540402,0.00248821666,0.150541405,0.0019354023,0.0,0.800489,34.65129163,57.4024,15.9223,0.557096,28.58080377
thickness+bandgap.iv,31,11,1.2,,0.658,0.027203,34.5593552,2.48729555,37.2783777,0.15832939,2.19793229,0.128545617,0.00248825534,0.156251524,0.00207786631,0.0,0.800489,34.65129163,57.4024,15.9223,0.557096,28.58080377
thickness+bandgap.iv,31,12,1.2,,0.658,0.04756,34.4880461,2.53860412,37.2783777,0.164595201,2.24296983,0.128550792,0.00248829158,0.162363488,0.00223171291,0.0,0.800489,34.65129163,57.4024,15.9223,0.557096,28.58080377
thickness+bandgap.iv,31,13,1.2,,0.658,0.067928,34.4143816,2.59226829,37.2783777,0.171313367,2.28991067,0.128555927,0.00248832557,0.168915379,0.00239798787,0.0,0.800489,34.65129163,57.4024,15.9223,0.557096,28.58080377
thickness+bandgap.iv,31,14,1.2,,0.658,0.088309,34.3381864,2.64846323,37.2783777,0.178527932,2.33888593,0.128561019,0.0024883575,0.175950076,0.00257785605,0.0,0.800489,34.65129163,57.4024,15.9223,0.557096,28.58080377
thickness+bandgap.iv,31,15,1.2,,0.658,0.108704,34.2592651,2.70738388,37.2783777,0.186288733,2.39004069,0.128566067,0.00248838752,0.183516114,0.00277261879,0.0,0.800489,34.65129163,57.4024,15.9223,0.557096,28.58080377
thickness+bandgap.iv,31,16,1.2,,0.658,0.129113,34.1774005,2.76924813,37.2783777,0.194652503,2.44353614,0.12857107,0.00248841581,0.191668768,0.00298373453,0.0,0.800489,34.65129163,57.4024,15.9223,0.557096,28.58080377
thickness+bandgap.iv,31,17,1.2,,0.658,0.149538,34.0923473,2.83430086,37.2783777,0.203684333,2.49955206,0.128576027,0.00248844253,0.20047149,0.00321284347,0.0,0.800489,34.65129163,57.4024,15.9223,0.557096,28.58080377
thickness+bandgap.iv,31,18,1.2,,0.658,0.169981,34.0038288,2.90281897,37.2783777,0.21345967,2.5582899,0.128580937,0.00248846784,0.209997873,0.00346179737,0.0,0.800489,34.65129163,57.4024,15.9223,0.557096,28.58080377
thickness+bandgap.iv,31,19,1.2,,0.658,0.190442,33.9115291,2.97511808,37.2783777,0.224067153,2.61997664,0.128585799,0.00248849189,0.220334456,0.00373269601,0.0,0.800489,34.65129163,57.4024,15.9223,0.557096,28.58080377
thickness+bandgap.iv,31,20,1.2,,0.658,0.210925,33.815085,3.05156167,37.2783777,0.235612811,2.68486974,0.128590612,0.00248851484,0.231584878,0.00402793259,0.0,0.800489,34.65129163,57.4024,15.9223,0.557096,28.58080377
thickness+bandgap.iv,31,21,1.2,,0.658,0.23143,33.7140716,3.13257408,37.2783777,0.248226516,2.75326365,0.128595376,0.00248853683,0.243876265,0.00435025145,0.0,0.800489,34.65129163,57.4024,15.9223,0.557096,28.58080377
thickness+bandgap.iv,31,22,1.2,,0.658,0.25196,33.607985,3.21865972,37.2783777,0.262072148,2.82549893,0.12860009,0.00248855803,0.257369324,0.00470282426,0.0,0.800489,34.65129163,57.4024,15.9223,0.557096,28.58080377
thickness+bandgap.iv,31,23,1.2,,0.658,0.272519,33.4962115,3.31043281,37.2783777,0.277363892,2.90197558,0.128604753,0.00248857858,0.272274537,0.00508935468,0.0,0.800489,34.65129163,57.4024,15.9223,0.557096,28.58080377
thickness+bandgap.iv,31,24,1.2,,0.658,0.29311,33.3779785,3.40866444,37.2783777,0.294392498,2.98317398,0.128609366,0.00248859867,0.288878266,0.00551423109,0.0,0.800489,34.65129163,57.4024,15.9223,0.557096,28.58080377
thickness+bandgap.iv,31,25,1.2,,0.658,0.313739,33.2522829,3.51435955,37.2783777,0.313567457,3.06968955,0.128613929,0.00248861848,0.307584693,0.00598276408,0.0,0.800489,34.65129163,57.4024,15.9223,0.557096,28.58080377
thickness+bandgap.iv,31,26,1.2,,0.658,0.334411,33.1177562,3.62888524,37.2783777,0.335484171,3.16229399,0.128618441,0.00248863822,0.328982588,0.00650158287,0.0,0.800489,34.65129163,57.4024,15.9223,0.557096,28.58080377
thickness+bandgap.iv,31,27,1.2,,0.658,0.355138,32.9724504,3.75418958,37.2783777,0.361030138,3.26204788,0.128622905,0.00248865817,0.353950798,0.00707933978,0.0,0.800489,34.65129163,57.4024,15.9223,0.557096,28.58080377
thickness+bandgap.iv,31,28,1.2,,0.658,0.375933,32.8134558,3.89318395,37.2783777,0.391552676,3.37051527,0.128627321,0.00248867869,0.383824646,0.00772802998,0.0,0.800489,34.65129163,57.4024,15.9223,0.557096,28.58080377
thickness+bandgap.iv,31,29,1.2,,0.658,0.396819,32.6362091,4.05042852,37.2783777,0.42912597,3.49018216,0.128631691,0.0024887003,0.42066041,0.00846555983,0.0,0.800489,34.65129163,57.4024,15.9223,0.557096,28.58080377
thickness+bandgap.iv,31,30,1.2,,0.658,0.417834,32.4332458,4.2333916,37.2783777,0.476982953,3.6252839,0.128636021,0.0024887238,0.467662081,0.00932087246,0.0,0.800489,34.65129163,57.4024,15.9223,0.557096,28.58080377
thickness+bandgap.iv,31,31,1.2,,0.658,0.439041,32.1918287,4.45480658,37.2783777,0.540225383,3.78345213,0.128640318,0.00248875052,0.529881066,0.0103443171,0.0,0.800489,34.65129163,57.4024,15.9223,0.557096,28.58080377
thickness+bandgap.iv,31,32,1.2,,0.658,0.460552,31.8895088,4.73712503,37.2783777,0.627003293,3.97898836,0.128644595,0.00248878279,0.615374599,0.0116286937,0.0,0.800489,34.65129163,57.4024,15.9223,0.557096,28.58080377
thickness+bandgap.iv,31,33,1.2,,0.658,0.482571,31.4857262,5.12090566,37.2783777,0.750467558,4.2393004,0.128648876,0.00248882474,0.737115964,0.013351594,0.0,0.800489,34.65129163,57.4024,15.9223,0.557096,28.58080377
thickness+bandgap.iv,31,34,1.2,,0.658,0.505468,30.9063542,5.68027616,37.2783777,0.931912552,4.61722152,0.128653208,0.00248888405,0.916054159,0.0158583932,0.0,0.800489,34.65129163,57.4024,15.9223,0.557096,28.58080377
thickness+bandgap.iv,31,35,1.2,,0.658,0.529916,30.0167649,6.54986169,37.2783777,1.20544355,5.21327149,0.128657673,0.0024889749,1.18562787,0.019815686,0.0,0.800489,34.65129163,57.4024,15.9223,0.557096,28.58080377
thickness+bandgap.iv,31,36,1.2,,0.658,0.557096,28.5808038,7.96581944,37.2783777,1.623529,6.21113889,0.128662422,0.00248912328,1.5970684,0.026460599,0.0,0.800489,34.65129163,57.4024,15.9223,0.557096,28.58080377
thickness+bandgap.iv,31,37,1.2,,0.658,0.588912,26.2175359,10.3090812,37.2783777,2.25922513,7.91869895,0.12866771,0.00248937457,2.22133433,0.037890805,0.0,0.800489,34.65129163,57.4024,15.9223,0.557096,28.58080377
thickness+bandgap.iv,31,38,1.2,,0.658,0.627939,22.4122139,14.0944015,37.2783777,3.1930731,10.7701647,0.128673904,0.00248980143,3.13601156,0.057061534,0.0,0.800489,34.65129163,57.4024,15.9223,0.557096,28.58080377
thickness+bandgap.iv,31,39,1.2,,0.658,0.676519,16.6962578,19.7903511,37.2783777,4.46788834,15.1912908,0.128681382,0.00249050356,4.38115333,0.0867350087,0.0,0.800489,34.65129163,57.4024,15.9223,0.557096,28.58080377
thickness+bandgap.iv,31,40,1.2,,0.658,0.73477,9.04597062,27.4203372,37.2783777,6.02069906,21.2684562,0.128690312,0.0024915902,5.89368436,0.127014703,0.0,0.800489,34.65129163,57.4024,15.9223,0.557096,28.58080377
thickness+bandgap.iv,31,41,1.2,,0.658,0.79893,0.213968449,36.2324145,37.2783777,7.65880155,28.4424195,0.128700318,0.00249315216,7.48540674,0.173394811,0.0,0.800489,34.65129163,57.4024,15.9223,0.557096,28.58080377
thickness+bandgap.iv,31,42,1.2,,0.658,0.862331,-8.46616773,44.8934458,37.2783777,9.13935856,35.6228817,0.128710368,0.00249524428,8.92118519,0.21817337,0.0,0.800489,34.65129163,57.4024,15.9223,0.557096,28.58080377
thickness+bandgap.iv,31,43,1.2,,0.658,0.918666,-15.7331579,52.1390126,37.2783777,10.2862235,41.7215722,0.128719066,0.00249785369,10.0319231,0.254300349,0.0,0.800489,34.65129163,57.4024,15.9223,0.557096,28.58080377
thickness+bandgap.iv,31,44,1.2,,0.658,0.96468,-20.936045,57.3213963,37.2783777,11.0586592,46.1315106,0.128725597,0.00250092853,10.7793013,0.279357883,0.0,0.800489,34.65129163,57.4024,15.9223,0.557096,28.58080377
thickness+bandgap.iv,31,45,1.2,,0.658,1.000933,-24.1865658,60.5544422,37.2783777,11.5246317,48.8985763,0.128729896,0.00250433626,11.2297103,0.294921427,0.0,0.800489,34.65129163,57.4024,15.9223,0.557096,28.58080377
thickness+bandgap.iv,31,46,1.2,,0.658,1.030182,-26.0364789,62.3820732,37.2783777,11.7747686,50.4760645,0.128732277,0.00250790697,11.4716696,0.303099011,0.0,0.800489,34.65129163,57.4024,15.9223,0.557096,28.58080377
thickness+bandgap.iv,31,47,1.2,,0.658,1.05518,-27.0360498,63.3638183,37.2783777,11.9130783,51.3194947,0.128733668,0.00251158528,11.6051969,0.307881433,0.0,0.800489,34.65129163,57.4024,15.9223,0.557096,28.58080377
thickness+bandgap.iv,31,48,1.2,,0.658,1.077928,-27.5856752,63.8937093,37.2783777,11.9855175,51.7769422,0.128734399,0.00251526478,11.6751859,0.310331622,0.0,0.800489,34.65129163,57.4024,15.9223,0.557096,28.58080377
thickness+bandgap.iv,31,49,1.2,,0.658,1.099552,-27.9104245,64.1960195,37.2783777,12.0217332,52.0430326,0.128734746,0.00251891962,11.7103549,0.311378336,0.0,0.800489,34.65129163,57.4024,15.9223,0.557096,28.58080377
thickness+bandgap.iv,31,50,1.2,,0.658,1.120605,-28.1209896,64.3865411,37.2783777,12.0472869,52.2079967,0.128735007,0.00252251761,11.7350522,0.312234741,0.0,0.800489,34.65129163,57.4024,15.9223,0.557096,28.58080377
thickness+bandgap.iv,31,51,1.2,,0.658,1.141381,-28.2762024,64.5217263,37.2783777,12.0653884,52.3250767,0.128735192,0.00252601719,11.7525465,0.312841921,0.0,0.800489,34.65129163,57.4024,15.9223,0.557096,28.58080377
thickness+bandgap.iv,31,52,1.2,,0.658,1.16202,-28.4039912,64.6294999,37.2783777,12.0798108,52.4184242,0.12873534,0.00252950499,11.7664845,0.313326358,0.0,0.800489,34.65129163,57.4024,15.9223,0.557096,28.58080377
thickness+bandgap.iv,31,53,1.2,,0.658,1.182585,-28.5169315,64.7224308,37.2783777,12.0922387,52.4989237,0.128735468,0.00253292253,11.7784945,0.313744187,0.0,0.800489,34.65129163,57.4024,15.9223,0.557096,28.58080377
thickness+bandgap.iv,31,54,1.2,,0.658,1.203106,-28.6212262,64.8067189,37.2783777,12.1035024,52.5719447,0.128735584,0.00253628157,11.7893792,0.314123116,0.0,0.800489,34.65129163,57.4024,15.9223,0.557096,28.58080377
thickness+bandgap.iv,31,55,1.2,,0.658,1.2236,-28.7199166,64.885404,37.2783777,12.1140088,52.6401199,0.128735693,0.00253960474,11.7995321,0.314476727,0.0,0.800489,34.65129163,57.4024,15.9223,0.557096,28.58080377
thickness+bandgap.iv,31,56,1.2,,0.658,1.244071,-28.8141804,64.9596633,37.2783777,12.1239158,52.7044688,0.128735795,0.00254284294,11.8091056,0.314810266,0.0,0.800489,34.65129163,57.4024,15.9223,0.557096,28.58080377
thickness+bandgap.iv,31,57,1.2,,0.658,1.264527,-28.9053317,65.0308106,37.2783777,12.1334001,52.7661285,0.128735894,0.00254604276,11.8182704,0.315129665,0.0,0.800489,34.65129163,57.4024,15.9223,0.557096,28.58080377
thickness+bandgap.iv,31,58,1.2,,0.658,1.284968,-28.9935889,65.0990638,37.2783777,12.1424909,52.8252878,0.128735988,0.00254919181,11.827055,0.315435876,0.0,0.800489,34.65129163,57.4024,15.9223,0.557096,28.58080377
thickness+bandgap.iv,31,59,1.2,,0.658,1.305397,-29.0793136,65.1647848,37.2783777,12.1512374,52.882259,0.128736079,0.00255231552,11.8355068,0.315730553,0.0,0.800489,34.65129163,57.4024,15.9223,0.557096,28.58080377
thickness+bandgap.iv,31,60,1.2,,0.658,1.325813,-29.1626656,65.2281331,37.2783777,12.1596616,52.93718,0.128736167,0.00255539579,11.8436471,0.316014423,0.0,0.800489,34.65129163,57.4024,15.9223,0.557096,28.58080377
thickness+bandgap.iv,31,61,1.2,,0.658,1.346219,-29.2437991,65.2892631,37.2783777,12.1677846,52.9901838,0.128736252,0.00255843429,11.8514964,0.316288193,0.0,0.800489,34.65129163,57.4024,15.9223,0.557096,28.58080377
thickness+bandgap.iv,32,1,1.247,,0.658,-0.167052,33.4103049,2.13156959,35.5709824,0.0995900414,1.90022281,0.128480089,0.00327664701,0.0990190298,0.000571011644,0.0,0.843602,32.90313389,58.8973,16.3482,0.578767,28.24659471
thickness+bandgap.iv,32,2,1.247,,0.658,-0.146768,33.3535136,2.16835235,35.5709824,0.10212274,1.93446717,0.128485592,0.00327683904,0.101507806,0.00061493384,0.0,0.843602,32.90313389,58.8973,16.3482,0.578767,28.24659471
thickness+bandgap.iv,32,3,1.247,,0.658,-0.126478,33.2955197,2.20634606,35.5709824,0.104795523,1.96978244,0.128491077,0.00327701866,0.104133291,0.000662231976,0.0,0.843602,32.90313389,58.8973,16.3482,0.578767,28.24659471
thickness+bandgap.iv,32,4,1.247,,0.658,-0.106181,33.236256,2.24560962,35.5709824,0.107618729,2.00621716,0.128496544,0.0032771865,0.106905562,0.000713167571,0.0,0.843602,32.90313389,58.8973,16.3482,0.578767,28.24659471
thickness+bandgap.iv,32,5,1.247,,0.658,-0.085878,33.1756579,2.2862076,35.5709824,0.110603772,2.04382449,0.128501991,0.00327734319,0.109835739,0.000768032291,0.0,0.843602,32.90313389,58.8973,16.3482,0.578767,28.24659471
thickness+bandgap.iv,32,6,1.247,,0.658,-0.065568,33.1136555,2.32820979,35.5709824,0.113763145,2.08266174,0.128507417,0.00327748937,0.112936,0.000827144765,0.0,0.843602,32.90313389,58.8973,16.3482,0.578767,28.24659471
thickness+bandgap.iv,32,7,1.247,,0.658,-0.045251,33.0501734,2.37169178,35.5709824,0.117110559,2.12279077,0.128512819,0.00327762566,0.116219706,0.00089085368,0.0,0.843602,32.90313389,58.8973,16.3482,0.578767,28.24659471
thickness+bandgap.iv,32,8,1.247,,0.658,-0.024926,32.9851293,2.41673557,35.5709824,0.120661087,2.16427853,0.128518197,0.00327775264,0.119701545,0.000959541299,0.0,0.843602,32.90313389,58.8973,16.3482,0.578767,28.24659471
thickness+bandgap.iv,32,9,1.247,,0.658,-0.004592,32.9184343,2.46343035,35.5709824,0.124431336,2.2071976,0.128523547,0.00327787088,0.123397708,0.00103362746,0.0,0.843602,32.90313389,58.8973,16.3482,0.578767,28.24659471
thickness+bandgap.iv,32,10,1.247,,0.658,0.01575,32.8499913,2.51187331,35.5709824,0.128439651,2.25162682,0.128528868,0.00327798093,0.127326077,0.00111357416,0.0,0.843602,32.90313389,58.8973,16.3482,0.578767,28.24659471
thickness+bandgap.iv,32,11,1.247,,0.658,0.036102,32.7796939,2.56217059,35.5709824,0.132706343,2.297652,0.128534158,0.00327808332,0.131506452,0.00119989075,0.0,0.843602,32.90313389,58.8973,16.3482,0.578767,28.24659471
thickness+bandgap.iv,32,12,1.247,,0.658,0.056463,32.7074259,2.61443834,35.5709824,0.137253961,2.34536678,0.128539415,0.00327817855,0.135960821,0.00129313998,0.0,0.843602,32.90313389,58.8973,16.3482,0.578767,28.24659471
thickness+bandgap.iv,32,13,1.247,,0.658,0.076835,32.6330598,2.66880401,35.5709824,0.142107613,2.39487349,0.128544638,0.00327826711,0.140713668,0.00139394488,0.0,0.843602,32.90313389,58.8973,16.3482,0.578767,28.24659471
thickness+bandgap.iv,32,14,1.247,,0.658,0.097218,32.5564559,2.72540778,35.5709824,0.14729535,2.44628425,0.128549825,0.00327834947,0.145792353,0.00150299683,0.0,0.843602,32.90313389,58.8973,16.3482,0.578767,28.24659471
thickness+bandgap.iv,32,15,1.247,,0.658,0.117613,32.4774588,2.78440428,35.5709824,0.152848624,2.49972225,0.128554974,0.00327842606,0.151227559,0.0016210649,0.0,0.843602,32.90313389,58.8973,16.3482,0.578767,28.24659471
thickness+bandgap.iv,32,16,1.247,,0.658,0.138021,32.3958982,2.84596459,35.5709824,0.158802852,2.55532316,0.128560083,0.0032784973,0.157053845,0.0017490068,0.0,0.843602,32.90313389,58.8973,16.3482,0.578767,28.24659471
thickness+bandgap.iv,32,17,1.247,,0.658,0.158442,32.3115837,2.91027868,35.5709824,0.16519812,2.61323684,0.128565151,0.00327856362,0.163310338,0.00188778185,0.0,0.843602,32.90313389,58.8973,16.3482,0.578767,28.24659471
thickness+bandgap.iv,32,18,1.247,,0.658,0.178878,32.2243037,2.97755831,35.5709824,0.172080076,2.67362944,0.128570177,0.00327862539,0.170041609,0.00203846624,0.0,0.843602,32.90313389,58.8973,16.3482,0.578767,28.24659471
thickness+bandgap.iv,32,19,1.247,,0.658,0.199331,32.133821,3.04804072,35.5709824,0.179501109,2.73668577,0.128575159,0.00327868299,0.177298837,0.00220227145,0.0,0.843602,32.90313389,58.8973,16.3482,0.578767,28.24659471
thickness+bandgap.iv,32,20,1.247,,0.658,0.219801,32.0398681,3.12199313,35.5709824,0.187521955,2.80261234,0.128580096,0.00327873677,0.185141388,0.00238056628,0.0,0.843602,32.90313389,58.8973,16.3482,0.578767,28.24659471
thickness+bandgap.iv,32,21,1.247,,0.658,0.240289,31.9421419,3.19971879,35.5709824,0.196213978,2.87164104,0.128584987,0.00327878708,0.193639074,0.00257490391,0.0,0.843602,32.90313389,58.8973,16.3482,0.578767,28.24659471
thickness+bandgap.iv,32,22,1.247,,0.658,0.260799,31.8402952,3.28156499,35.5709824,0.205662545,2.94403378,0.12858983,0.00327883425,0.20287549,0.0027870553,0.0,0.843602,32.90313389,58.8973,16.3482,0.578767,28.24659471
thickness+bandgap.iv,32,23,1.247,,0.658,0.28133,31.7339254,3.36793434,35.5709824,0.215972199,3.02008864,0.128594626,0.00327887861,0.212953147,0.00301905173,0.0,0.843602,32.90313389,58.8973,16.3482,0.578767,28.24659471
thickness+bandgap.iv,32,24,1.247,,0.658,0.301887,31.6225574,3.4593013,35.5709824,0.227274831,3.10014817,0.128599374,0.00327892045,0.22400159,0.00327324018,0.0,0.843602,32.90313389,58.8973,16.3482,0.578767,28.24659471
thickness+bandgap.iv,32,25,1.247,,0.658,0.322472,31.5056213,3.55623729,35.5709824,0.239742805,3.18461145,0.128604072,0.00327896011,0.236190446,0.00355235902,0.0,0.843602,32.90313389,58.8973,16.3482,0.578767,28.24659471
thickness+bandgap.iv,32,26,1.247,,0.658,0.343088,31.3824075,3.65945029,35.5709824,0.253610167,3.2739524,0.128608721,0.00327899789,0.249750521,0.00385964688,0.0,0.843602,32.90313389,58.8973,16.3482,0.578767,28.24659471
thickness+bandgap.iv,32,27,1.247,,0.658,0.36374,31.252008,3.7698489,35.5709824,0.26920681,3.36874974,0.128613321,0.00327903411,0.265007801,0.00419900984,0.0,0.843602,32.90313389,58.8973,16.3482,0.578767,28.24659471
thickness+bandgap.iv,32,28,1.247,,0.658,0.384434,31.1132074,3.88864876,35.5709824,0.287012995,3.46973883,0.128617871,0.00327906913,0.282437699,0.00457529655,0.0,0.843602,32.90313389,58.8973,16.3482,0.578767,28.24659471
thickness+bandgap.iv,32,29,1.247,,0.658,0.405178,30.964302,4.01755294,35.5709824,0.307745514,3.57790595,0.128622372,0.00327910334,0.302750732,0.00499478139,0.0,0.843602,32.90313389,58.8973,16.3482,0.578767,28.24659471
thickness+bandgap.iv,32,30,1.247,,0.658,0.425986,30.8027891,4.15906542,35.5709824,0.332493181,3.69466627,0.128626826,0.00327913724,0.327027121,0.00546606051,0.0,0.843602,32.90313389,58.8973,16.3482,0.578767,28.24659471
thickness+bandgap.iv,32,31,1.247,,0.658,0.446876,30.6248025,4.31705025,35.5709824,0.362930827,3.82220902,0.128631234,0.00327917146,0.356929044,0.00600178271,0.0,0.843602,32.90313389,58.8973,16.3482,0.578767,28.24659471
thickness+bandgap.iv,32,32,1.247,,0.658,0.46788,30.4240979,4.49775409,35.5709824,0.401661562,3.96417772,0.128635601,0.00327920695,0.395039476,0.00662208568,0.0,0.843602,32.90313389,58.8973,16.3482,0.578767,28.24659471
thickness+bandgap.iv,32,33,1.247,,0.658,0.489049,30.1901359,4.71171455,35.5709824,0.45277289,4.12702249,0.128639931,0.00327924516,0.445411364,0.00736152574,0.0,0.843602,32.90313389,58.8973,16.3482,0.578767,28.24659471
thickness+bandgap.iv,32,34,1.247,,0.658,0.510478,29.9044857,4.97736461,35.5709824,0.522750423,4.32269066,0.128644236,0.00327928857,0.514467295,0.00828312801,0.0,0.843602,32.90313389,58.8973,16.3482,0.578767,28.24659471
thickness+bandgap.iv,32,35,1.247,,0.658,0.53233,29.5340049,5.32784383,35.5709824,0.621978313,4.57393763,0.128648537,0.00327934151,0.612471599,0.00950671366,0.0,0.843602,32.90313389,58.8973,16.3482,0.578767,28.24659471
thickness+bandgap.iv,32,36,1.247,,0.658,0.554909,29.0181804,5.82366644,35.5709824,0.767149408,4.92458475,0.128652869,0.00327941189,0.755884574,0.0112648345,0.0,0.843602,32.90313389,58.8973,16.3482,0.578767,28.24659471
thickness+bandgap.iv,32,37,1.247,,0.658,0.578767,28.2465947,6.57524994,35.5709824,0.984891227,5.4584219,0.128657303,0.00327951433,0.970883152,0.0140080749,0.0,0.843602,32.90313389,58.8973,16.3482,0.578767,28.24659471
thickness+bandgap.iv,32,38,1.247,,0.658,0.604886,27.0228663,7.77897497,35.5709824,1.3163412,6.33069212,0.128661963,0.0032796757,1.29775749,0.0185837177,0.0,0.843602,32.90313389,58.8973,16.3482,0.578767,28.24659471
thickness+bandgap.iv,32,39,1.247,,0.658,0.634897,25.0205425,9.76129402,35.5709824,1.82009508,7.80925193,0.128667065,0.0032799436,1.79362357,0.0264715075,0.0,0.843602,32.90313389,58.8973,16.3482,0.578767,28.24659471
thickness+bandgap.iv,32,40,1.247,,0.658,0.671149,21.7701064,12.9917255,35.5709824,2.56529175,10.2944804,0.128672939,0.00328039638,2.52540245,0.0398892996,0.0,0.843602,32.90313389,58.8973,16.3482,0.578767,28.24659471
thickness+bandgap.iv,32,41,1.247,,0.658,0.716114,16.7771291,17.9647479,35.5709824,3.60069411,14.2320926,0.12867998,0.00328114682,3.53944808,0.0612460303,0.0,0.843602,32.90313389,58.8973,16.3482,0.578767,28.24659471
thickness+bandgap.iv,32,42,1.247,,0.658,0.770721,9.85584056,24.8658694,35.5709824,4.89861141,19.8352873,0.128688393,0.00328232542,4.80719458,0.091416837,0.0,0.843602,32.90313389,58.8973,16.3482,0.578767,28.24659471
thickness+bandgap.iv,32,43,1.247,,0.658,0.832375,1.52501953,33.1771757,35.5709824,6.31891795,26.7262756,0.12869803,0.00328405018,6.19106554,0.12785241,0.0,0.843602,32.90313389,58.8973,16.3482,0.578767,28.24659471
thickness+bandgap.iv,32,44,1.247,,0.658,0.895207,-7.04137643,41.7226078,35.5709824,7.65374697,33.9368665,0.128707914,0.00328639259,7.48910744,0.164639529,0.0,0.843602,32.90313389,58.8973,16.3482,0.578767,28.24659471
thickness+bandgap.iv,32,45,1.247,,0.658,0.952559,-14.5118555,49.1743421,35.5709824,8.73193382,40.3104019,0.128716931,0.00328937176,8.53589288,0.19604094,0.0,0.843602,32.90313389,58.8973,16.3482,0.578767,28.24659471
thickness+bandgap.iv,32,46,1.247,,0.658,1.000437,-20.087324,54.728378,35.5709824,9.48306582,45.1132954,0.128723868,0.00329291173,9.26454463,0.218521189,0.0,0.843602,32.90313389,58.8973,16.3482,0.578767,28.24659471
thickness+bandgap.iv,32,47,1.247,,0.658,1.038445,-23.6890081,58.3096835,35.5709824,9.94562457,48.2320335,0.128728526,0.00329690272,9.71295489,0.232669678,0.0,0.843602,32.90313389,58.8973,16.3482,0.578767,28.24659471
thickness+bandgap.iv,32,48,1.247,,0.658,1.068882,-25.7764174,60.3771891,35.5709824,10.2051318,50.0400248,0.128731293,0.00330115252,9.96441883,0.240713001,0.0,0.843602,32.90313389,58.8973,16.3482,0.578767,28.24659471
thickness+bandgap.iv,32,49,1.247,,0.658,1.094574,-26.9148134,61.4977444,35.5709824,10.3466652,51.0190409,0.128732877,0.00330548508,10.101411,0.245254172,0.0,0.843602,32.90313389,58.8973,16.3482,0.578767,28.24659471
thickness+bandgap.iv,32,50,1.247,,0.658,1.117687,-27.5373045,62.1004701,35.5709824,10.4206857,51.5477408,0.128733708,0.00330986242,10.173104,0.247581779,0.0,0.843602,32.90313389,58.8973,16.3482,0.578767,28.24659471
thickness+bandgap.iv,32,51,1.247,,0.658,1.139491,-27.8981487,62.4390714,35.5709824,10.4581614,51.8488618,0.128734108,0.00331422559,10.2095442,0.248617126,0.0,0.843602,32.90313389,58.8973,16.3482,0.578767,28.24659471
thickness+bandgap.iv,32,52,1.247,,0.658,1.160633,-28.1265154,62.6473984,35.5709824,10.483306,52.0320394,0.128734393,0.00331852345,10.2339037,0.249402308,0.0,0.843602,32.90313389,58.8973,16.3482,0.578767,28.24659471
thickness+bandgap.iv,32,53,1.247,,0.658,1.181453,-28.2905676,62.7914282,35.5709824,10.5006618,52.158709,0.128734591,0.00332270584,10.2507169,0.249944903,0.0,0.843602,32.90313389,58.8973,16.3482,0.578767,28.24659471
thickness+bandgap.iv,32,54,1.247,,0.658,1.202115,-28.4229074,62.9037564,35.5709824,10.5141862,52.2575086,0.128734746,0.00332687223,10.263818,0.250368262,0.0,0.843602,32.90313389,58.8973,16.3482,0.578767,28.24659471
thickness+bandgap.iv,32,55,1.247,,0.658,1.222692,-28.5383563,62.9991989,35.5709824,10.5256687,52.3414643,0.128734878,0.00333095364,10.2749407,0.250728029,0.0,0.843602,32.90313389,58.8973,16.3482,0.578767,28.24659471
thickness+bandgap.iv,32,56,1.247,,0.658,1.243221,-28.6441725,63.085011,35.5709824,10.5359843,52.4169567,0.128734997,0.00333496407,10.2849329,0.251051443,0.0,0.843602,32.90313389,58.8973,16.3482,0.578767,28.24659471
thickness+bandgap.iv,32,57,1.247,,0.658,1.26372,-28.7439188,63.1647545,35.5709824,10.5455625,52.487118,0.128735107,0.0033389304,10.2942106,0.251351872,0.0,0.843602,32.90313389,58.8973,16.3482,0.578767,28.24659471
thickness+bandgap.iv,32,58,1.247,,0.658,1.284195,-28.8389923,63.2398257,35.5709824,10.5545718,52.5531758,0.128735211,0.00334279551,10.3029373,0.251634549,0.0,0.843602,32.90313389,58.8973,16.3482,0.578767,28.24659471
thickness+bandgap.iv,32,59,1.247,,0.658,1.304654,-28.9308115,63.3116428,35.5709824,10.5631836,52.6163773,0.12873531,0.00334661253,10.3112787,0.251904833,0.0,0.843602,32.90313389,58.8973,16.3482,0.578767,28.24659471
thickness+bandgap.iv,32,60,1.247,,0.658,1.325099,-29.0197067,63.3805361,35.5709824,10.5714379,52.6770124,0.128735406,0.00335039197,10.3192739,0.252163958,0.0,0.843602,32.90313389,58.8973,16.3482,0.578767,28.24659471
thickness+bandgap.iv,32,61,1.247,,0.658,1.34553,-29.1059155,63.4467431,35.5709824,10.5793641,52.7352894,0.128735498,0.00335409184,10.3269512,0.252412835,0.0,0.843602,32.90313389,58.8973,16.3482,0.578767,28.24659471
thickness+bandgap.iv,33,1,1.296,,0.658,-0.15865,31.7300521,2.17116998,33.92828,0.0877765878,1.95065212,0.128469067,0.00427220791,0.0875178459,0.000258741896,0.0,0.888617,31.2393339,60.1688,16.7027,0.65189,25.6220183
thickness+bandgap.iv,33,2,1.296,,0.658,-0.138356,31.6711742,2.21003527,33.92828,0.0896454374,1.98764262,0.128474467,0.00427274518,0.0893631737,0.000282263783,0.0,0.888617,31.2393339,60.1688,16.7027,0.65189,25.6220183
thickness+bandgap.iv,33,3,1.296,,0.658,-0.118056,31.6112473,2.24996158,33.92828,0.0916130841,2.02559539,0.128479856,0.00427324747,0.0913052783,0.00030780581,0.0,0.888617,31.2393339,60.1688,16.7027,0.65189,25.6220183
thickness+bandgap.iv,33,4,1.296,,0.658,-0.097751,31.5502235,2.29099679,33.92828,0.0936867604,2.06455108,0.128485234,0.00427371644,0.0933512292,0.000335531231,0.0,0.888617,31.2393339,60.1688,16.7027,0.65189,25.6220183
thickness+bandgap.iv,33,5,1.296,,0.658,-0.07744,31.4880262,2.33319401,33.92828,0.0958738863,2.10455536,0.128490613,0.00427415362,0.0955082728,0.000365613546,0.0,0.888617,31.2393339,60.1688,16.7027,0.65189,25.6220183
thickness+bandgap.iv,33,6,1.296,,0.658,-0.057123,31.4246097,2.37661029,33.92828,0.0981831226,2.14565662,0.128495982,0.00427456077,0.0977848745,0.000398248074,0.0,0.888617,31.2393339,60.1688,16.7027,0.65189,25.6220183
thickness+bandgap.iv,33,7,1.296,,0.658,-0.0368,31.3599119,2.42130807,33.92828,0.100623719,2.18790807,0.128501342,0.00427493953,0.100190073,0.00043364623,0.0,0.888617,31.2393339,60.1688,16.7027,0.65189,25.6220183
thickness+bandgap.iv,33,8,1.296,,0.658,-0.016469,31.2938644,2.46735536,33.92828,0.103205787,2.23136759,0.128506688,0.00427529152,0.102733747,0.000472039458,0.0,0.888617,31.2393339,60.1688,16.7027,0.65189,25.6220183
thickness+bandgap.iv,33,9,1.296,,0.658,0.003868,31.2263935,2.51482619,33.92828,0.105940403,2.27609815,0.12851202,0.00427561833,0.105426721,0.000513681581,0.0,0.888617,31.2393339,60.1688,16.7027,0.65189,25.6220183
thickness+bandgap.iv,33,10,1.296,,0.658,0.024213,31.1574183,2.56380119,33.92828,0.108839736,2.32216819,0.128517335,0.00427592147,0.108280885,0.000558851473,0.0,0.888617,31.2393339,60.1688,16.7027,0.65189,25.6220183
thickness+bandgap.iv,33,11,1.296,,0.658,0.044566,31.0868513,2.61436812,33.92828,0.111917185,2.36965211,0.128522631,0.00427620245,0.111309329,0.000607856087,0.0,0.888617,31.2393339,60.1688,16.7027,0.65189,25.6220183
thickness+bandgap.iv,33,12,1.296,,0.658,0.064927,31.0145965,2.66662268,33.92828,0.11518754,2.41863077,0.128527905,0.00427646269,0.114526506,0.000661033917,0.0,0.888617,31.2393339,60.1688,16.7027,0.65189,25.6220183
thickness+bandgap.iv,33,13,1.296,,0.658,0.085297,30.9405497,2.72066925,33.92828,0.118667177,2.46919221,0.128533155,0.00427670355,0.117948418,0.000718758952,0.0,0.888617,31.2393339,60.1688,16.7027,0.65189,25.6220183
thickness+bandgap.iv,33,14,1.296,,0.658,0.105677,30.864597,2.77662188,33.92828,0.122374274,2.5214323,0.12853838,0.00427692634,0.121592829,0.00078144523,0.0,0.888617,31.2393339,60.1688,16.7027,0.65189,25.6220183
thickness+bandgap.iv,33,15,1.296,,0.658,0.126067,30.7866132,2.83460539,33.92828,0.126329076,2.5754556,0.128543577,0.00427713231,0.125479524,0.000849552095,0.0,0.888617,31.2393339,60.1688,16.7027,0.65189,25.6220183
thickness+bandgap.iv,33,16,1.296,,0.658,0.146468,30.7064618,2.89475668,33.92828,0.130554209,2.63137641,0.128548743,0.00427732265,0.129630619,0.000923590291,0.0,0.888617,31.2393339,60.1688,16.7027,0.65189,25.6220183
thickness+bandgap.iv,33,17,1.296,,0.658,0.16688,30.6239918,2.95722629,33.92828,0.13507505,2.68931986,0.128553878,0.00427749849,0.134070921,0.00100412906,0.0,0.888617,31.2393339,60.1688,16.7027,0.65189,25.6220183
thickness+bandgap.iv,33,18,1.296,,0.658,0.187305,30.5390377,3.02218015,33.92828,0.139920189,2.74942332,0.128558978,0.00427766089,0.138828385,0.00109180445,0.0,0.888617,31.2393339,60.1688,16.7027,0.65189,25.6220183
thickness+bandgap.iv,33,19,1.296,,0.658,0.207743,30.4514157,3.08980185,33.92828,0.145121996,2.811838,0.128564042,0.00427781088,0.143934667,0.0011873291,0.0,0.888617,31.2393339,60.1688,16.7027,0.65189,25.6220183
thickness+bandgap.iv,33,20,1.296,,0.658,0.228195,30.3609222,3.16029521,33.92828,0.150717338,2.87673085,0.128569069,0.00427794941,0.149425834,0.0012915038,0.0,0.888617,31.2393339,60.1688,16.7027,0.65189,25.6220183
thickness+bandgap.iv,33,21,1.296,,0.658,0.248663,30.2673296,3.23388752,33.92828,0.156748518,2.94428687,0.128574056,0.00427807739,0.155343286,0.0014052313,0.0,0.888617,31.2393339,60.1688,16.7027,0.65189,25.6220183
thickness+bandgap.iv,33,22,1.296,,0.658,0.269148,30.170383,3.31083357,33.92828,0.163264545,3.01471183,0.128579003,0.00427819567,0.161735013,0.00152953288,0.0,0.888617,31.2393339,60.1688,16.7027,0.65189,25.6220183
thickness+bandgap.iv,33,23,1.296,,0.658,0.289651,30.0697954,3.39142089,33.92828,0.170322938,3.08823574,0.128583907,0.00427830509,0.16865737,0.00166556852,0.0,0.888617,31.2393339,60.1688,16.7027,0.65189,25.6220183
thickness+bandgap.iv,33,24,1.296,,0.658,0.310174,29.9652393,3.47597659,33.92828,0.177992367,3.16511705,0.128588767,0.00427840641,0.176177705,0.00181466176,0.0,0.888617,31.2393339,60.1688,16.7027,0.65189,25.6220183
thickness+bandgap.iv,33,25,1.296,,0.658,0.330718,29.8563384,3.56487695,33.92828,0.186356714,3.24564816,0.128593583,0.00427850035,0.184378383,0.00197833105,0.0,0.888617,31.2393339,60.1688,16.7027,0.65189,25.6220183
thickness+bandgap.iv,33,26,1.296,,0.658,0.351287,29.7426539,3.6585612,33.92828,0.195521461,3.3301628,0.128598353,0.00427858764,0.193363131,0.00215833023,0.0,0.888617,31.2393339,60.1688,16.7027,0.65189,25.6220183
thickness+bandgap.iv,33,27,1.296,,0.658,0.371882,29.6236621,3.75755212,33.92828,0.205623958,3.41904642,0.128603076,0.00427866894,0.203267254,0.00235670316,0.0,0.888617,31.2393339,60.1688,16.7027,0.65189,25.6220183
thickness+bandgap.iv,33,28,1.296,,0.658,0.392506,29.4987254,3.86248827,33.92828,0.216850053,3.51275172,0.128607752,0.00427874491,0.214274192,0.00257586092,0.0,0.888617,31.2393339,60.1688,16.7027,0.65189,25.6220183
thickness+bandgap.iv,33,29,1.296,,0.658,0.413165,29.3670373,3.97417562,33.92828,0.229460979,3.61182345,0.128612381,0.00427881619,0.226642281,0.0028186982,0.0,0.888617,31.2393339,60.1688,16.7027,0.65189,25.6220183
thickness+bandgap.iv,33,30,1.296,,0.658,0.433862,29.2275398,4.09367266,33.92828,0.243836394,3.71694043,0.128616961,0.00427888344,0.240747613,0.00308878107,0.0,0.888617,31.2393339,60.1688,16.7027,0.65189,25.6220183
thickness+bandgap.iv,33,31,1.296,,0.658,0.454606,29.0787781,4.22243376,33.92828,0.260542484,3.82899084,0.128621494,0.00427894735,0.257151813,0.00339067078,0.0,0.888617,31.2393339,60.1688,16.7027,0.65189,25.6220183
thickness+bandgap.iv,33,32,1.296,,0.658,0.475407,28.9186542,4.36255645,33.92828,0.28043882,3.94921264,0.128625981,0.00427900867,0.276708304,0.00373051544,0.0,0.888617,31.2393339,60.1688,16.7027,0.65189,25.6220183
thickness+bandgap.iv,33,33,1.296,,0.658,0.49628,28.743991,4.51721908,33.92828,0.304845959,4.07946364,0.128630422,0.00427906833,0.300728779,0.0041171805,0.0,0.888617,31.2393339,60.1688,16.7027,0.65189,25.6220183
thickness+bandgap.iv,33,34,1.296,,0.658,0.517251,28.5497337,4.69147553,33.92828,0.335810752,4.22275083,0.12863482,0.00427912753,0.331246275,0.00456447627,0.0,0.888617,31.2393339,60.1688,16.7027,0.65189,25.6220183
thickness+bandgap.iv,33,35,1.296,,0.658,0.538363,28.3274776,4.89373054,33.92828,0.376532355,4.38427981,0.12863918,0.00427918802,0.371436725,0.00509563035,0.0,0.888617,31.2393339,60.1688,16.7027,0.65189,25.6220183
thickness+bandgap.iv,33,36,1.296,,0.658,0.559687,28.0626887,5.13851891,33.92828,0.432054766,4.57354138,0.12864351,0.00427925254,0.426302424,0.00575234234,0.0,0.888617,31.2393339,60.1688,16.7027,0.65189,25.6220183
thickness+bandgap.iv,33,37,1.296,,0.658,0.581353,27.7294438,5.45176378,33.92828,0.510395649,4.80844098,0.128647827,0.00427932578,0.503782571,0.00661307809,0.0,0.888617,31.2393339,60.1688,16.7027,0.65189,25.6220183
thickness+bandgap.iv,33,38,1.296,,0.658,0.603597,27.2805792,5.8806273,33.92828,0.624358438,5.12333729,0.128652158,0.00427941605,0.616528964,0.00782947389,0.0,0.888617,31.2393339,60.1688,16.7027,0.65189,25.6220183
thickness+bandgap.iv,33,39,1.296,,0.658,0.626851,26.6298432,6.51136084,33.92828,0.794299462,5.58412528,0.128656558,0.00427953857,0.784603308,0.00969615398,0.0,0.888617,31.2393339,60.1688,16.7027,0.65189,25.6220183
thickness+bandgap.iv,33,40,1.296,,0.658,0.65189,25.6220183,7.49918275,33.92828,1.05183226,6.31440965,0.128661124,0.0042797212,1.03905791,0.0127743469,0.0,0.888617,31.2393339,60.1688,16.7027,0.65189,25.6220183
thickness+bandgap.iv,33,41,1.296,,0.658,0.680042,23.9916108,9.10958685,33.92828,1.44308924,7.53355156,0.12866603,0.00428001391,1.42501496,0.0180742835,0.0,0.888617,31.2393339,60.1688,16.7027,0.65189,25.6220183
thickness+bandgap.iv,33,42,1.296,,0.658,0.713336,21.3328644,11.7483294,33.92828,2.02637089,9.58900647,0.128671555,0.00428050093,1.99916206,0.0272088329,0.0,0.888617,31.2393339,60.1688,16.7027,0.65189,25.6220183
thickness+bandgap.iv,33,43,1.296,,0.658,0.754221,17.1558074,15.9053919,33.92828,2.85334147,12.9190911,0.128678067,0.00428130883,2.81114757,0.0421938934,0.0,0.888617,31.2393339,60.1688,16.7027,0.65189,25.6220183
thickness+bandgap.iv,33,44,1.296,,0.658,0.804334,11.1331986,21.9079898,33.92828,3.92643811,17.8485832,0.128685857,0.00428259527,3.86204576,0.064392353,0.0,0.888617,31.2393339,60.1688,16.7027,0.65189,25.6220183
thickness+bandgap.iv,33,45,1.296,,0.658,0.862527,3.49462865,29.5267335,33.92828,5.15662866,24.2371254,0.128694934,0.00428451032,5.06379709,0.0928315711,0.0,0.888617,31.2393339,60.1688,16.7027,0.65189,25.6220183
thickness+bandgap.iv,33,46,1.296,,0.658,0.924136,-4.82721752,37.8281942,33.92828,6.37620933,31.3189931,0.128704623,0.00428716228,6.25268283,0.123526497,0.0,0.888617,31.2393339,60.1688,16.7027,0.65189,25.6220183
thickness+bandgap.iv,33,47,1.296,,0.658,0.982707,-12.5414936,45.5220719,33.92828,7.41596885,37.9730986,0.128713829,0.00429058655,7.2646138,0.151355054,0.0,0.888617,31.2393339,60.1688,16.7027,0.65189,25.6220183
thickness+bandgap.iv,33,48,1.296,,0.658,1.033185,-18.6370785,51.5976318,33.92828,8.18222777,43.2823879,0.128721409,0.00429473152,8.00949333,0.172734438,0.0,0.888617,31.2393339,60.1688,16.7027,0.65189,25.6220183
thickness+bandgap.iv,33,49,1.296,,0.658,1.073928,-22.7855468,55.7259211,33.92828,8.67610945,46.9167855,0.128726752,0.00429948334,8.48925457,0.186854882,0.0,0.888617,31.2393339,60.1688,16.7027,0.65189,25.6220183
thickness+bandgap.iv,33,50,1.296,,0.658,1.106402,-25.2804689,58.2009015,33.92828,8.96219557,49.1056713,0.128730052,0.0043046189,8.76703517,0.195160403,0.0,0.888617,31.2393339,60.1688,16.7027,0.65189,25.6220183
thickness+bandgap.iv,33,51,1.296,,0.658,1.13333,-26.6659016,59.5679609,33.92828,9.11924531,50.3156737,0.128731957,0.00430991381,8.91939983,0.199845483,0.0,0.888617,31.2393339,60.1688,16.7027,0.65189,25.6220183
thickness+bandgap.iv,33,52,1.296,,0.658,1.157103,-27.4205057,60.3027757,33.92828,9.2017929,50.9679345,0.128732969,0.00431529319,8.99951146,0.202281445,0.0,0.888617,31.2393339,60.1688,16.7027,0.65189,25.6220183
thickness+bandgap.iv,33,53,1.296,,0.658,1.179228,-27.8455166,60.7079025,33.92828,9.24702206,51.3278263,0.12873353,0.00432067581,9.04340307,0.203618986,0.0,0.888617,31.2393339,60.1688,16.7027,0.65189,25.6220183
thickness+bandgap.iv,33,54,1.296,,0.658,1.200542,-28.1084941,60.9489774,33.92828,9.27082503,51.5450926,0.128733802,0.00432597774,9.06661362,0.204211413,0.0,0.888617,31.2393339,60.1688,16.7027,0.65189,25.6220183
thickness+bandgap.iv,33,55,1.296,,0.658,1.221444,-28.2887142,61.1091811,33.92828,9.28849138,51.6876245,0.128734023,0.00433114666,9.08376017,0.204731202,0.0,0.888617,31.2393339,60.1688,16.7027,0.65189,25.6220183
thickness+bandgap.iv,33,56,1.296,,0.658,1.242146,-28.429274,61.2297327,33.92828,9.30176907,51.7948931,0.128734189,0.00433629314,9.09664678,0.205122296,0.0,0.888617,31.2393339,60.1688,16.7027,0.65189,25.6220183
thickness+bandgap.iv,33,57,1.296,,0.658,1.262746,-28.549157,61.3296121,33.92828,9.31276049,51.8837759,0.128734328,0.00434133395,9.10731413,0.205446362,0.0,0.888617,31.2393339,60.1688,16.7027,0.65189,25.6220183
thickness+bandgap.iv,33,58,1.296,,0.658,1.283288,-28.6576362,61.4180898,33.92828,9.32248913,51.9625199,0.12873445,0.00434631099,9.11675573,0.205733394,0.0,0.888617,31.2393339,60.1688,16.7027,0.65189,25.6220183
thickness+bandgap.iv,33,59,1.296,,0.658,1.303795,-28.7590845,61.4995377,33.92828,9.33143722,52.0350147,0.128734563,0.00435118253,9.1254397,0.205997525,0.0,0.888617,31.2393339,60.1688,16.7027,0.65189,25.6220183
thickness+bandgap.iv,33,60,1.296,,0.658,1.324277,-28.8554649,61.5759181,33.92828,9.33982148,52.103006,0.128734669,0.00435595581,9.13357638,0.206245104,0.0,0.888617,31.2393339,60.1688,16.7027,0.65189,25.6220183
thickness+bandgap.iv,33,61,1.296,,0.658,1.344742,-28.9483415,61.6487949,33.92828,9.34781455,52.1678849,0.128734771,0.004360666,9.14133334,0.206481205,0.0,0.888617,31.2393339,60.1688,16.7027,0.65189,25.6220183
thickness+bandgap.iv,34,1,1.347,,0.658,-0.15077,30.1539304,2.21970418,32.3982474,0.0809934905,2.00470597,0.128460962,0.00554375668,0.0808894121,0.000104078391,0.0,0.93469,29.66870523,61.0719,16.9359,0.698826,24.23472508
thickness+bandgap.iv,34,2,1.347,,0.658,-0.130458,30.0915408,2.26208268,32.3982474,0.0823691343,2.04570233,0.128466061,0.0055451543,0.0822538486,0.00011528577,0.0,0.93469,29.66870523,61.0719,16.9359,0.698826,24.23472508
thickness+bandgap.iv,34,3,1.347,,0.658,-0.110141,30.0282693,2.30535389,32.3982474,0.0838148707,2.08752138,0.128471164,0.00554647591,0.0836871489,0.000127721835,0.0,0.93469,29.66870523,61.0719,16.9359,0.698826,24.23472508
thickness+bandgap.iv,34,4,1.347,,0.658,-0.08982,29.9640824,2.34954003,32.3982474,0.0853364595,2.13017957,0.128476277,0.00554772172,0.0851949592,0.000141500367,0.0,0.93469,29.66870523,61.0719,16.9359,0.698826,24.23472508
thickness+bandgap.iv,34,5,1.347,,0.658,-0.069495,29.8989514,2.39467112,32.3982474,0.0869400914,2.17370074,0.128481401,0.00554889273,0.0867833476,0.000156743775,0.0,0.93469,29.66870523,61.0719,16.9359,0.698826,24.23472508
thickness+bandgap.iv,34,6,1.347,,0.658,-0.049164,29.8328384,2.44078385,32.3982474,0.0886323593,2.21811496,0.128486534,0.00554999047,0.0884587759,0.000173583358,0.0,0.93469,29.66870523,61.0719,16.9359,0.698826,24.23472508
thickness+bandgap.iv,34,7,1.347,,0.658,-0.028829,29.7657,2.4879218,32.3982474,0.0904202993,2.26345881,0.128491674,0.00555101691,0.0902281389,0.000192160332,0.0,0.93469,29.66870523,61.0719,16.9359,0.698826,24.23472508
thickness+bandgap.iv,34,8,1.347,,0.658,-0.008487,29.6974963,2.5361357,32.3982474,0.0923116386,2.30977527,0.128496814,0.00555197447,0.0920990113,0.000212627225,0.0,0.93469,29.66870523,61.0719,16.9359,0.698826,24.23472508
thickness+bandgap.iv,34,9,1.347,,0.658,0.011859,29.6281488,2.58548315,32.3982474,0.0943141018,2.35711422,0.128501965,0.00555286571,0.0940789532,0.000235148597,0.0,0.93469,29.66870523,61.0719,16.9359,0.698826,24.23472508
thickness+bandgap.iv,34,10,1.347,,0.658,0.032212,29.5576023,2.63602949,32.3982474,0.0964365868,2.40553209,0.128507119,0.00555369362,0.0961766829,0.0002599039,0.0,0.93469,29.66870523,61.0719,16.9359,0.698826,24.23472508
thickness+bandgap.iv,34,11,1.347,,0.658,0.052571,29.4857843,2.68784737,32.3982474,0.0986885478,2.45509209,0.128512274,0.00555446131,0.0984014592,0.000287088581,0.0,0.93469,29.66870523,61.0719,16.9359,0.698826,24.23472508
thickness+bandgap.iv,34,12,1.347,,0.658,0.072937,29.4126145,2.74101714,32.3982474,0.101080273,2.50586427,0.128517426,0.00555517197,0.100763357,0.000316916496,0.0,0.93469,29.66870523,61.0719,16.9359,0.698826,24.23472508
thickness+bandgap.iv,34,13,1.347,,0.658,0.09331,29.3380044,2.79562708,32.3982474,0.10362301,2.55792567,0.128522574,0.00555582887,0.103273388,0.000349622402,0.0,0.93469,29.66870523,61.0719,16.9359,0.698826,24.23472508
thickness+bandgap.iv,34,14,1.347,,0.658,0.113691,29.2618575,2.85177388,32.3982474,0.106329105,2.61136062,0.128527715,0.00555643526,0.10594364,0.000385464787,0.0,0.93469,29.66870523,61.0719,16.9359,0.698826,24.23472508
thickness+bandgap.iv,34,15,1.347,,0.658,0.13408,29.1840682,2.90956305,32.3982474,0.109212169,2.66626105,0.128532845,0.00555699437,0.10878744,0.000424729083,0.0,0.93469,29.66870523,61.0719,16.9359,0.698826,24.23472508
thickness+bandgap.iv,34,16,1.347,,0.658,0.154477,29.1045214,2.96910967,32.3982474,0.112287267,2.72272693,0.128537963,0.00555750934,0.111819535,0.000467731341,0.0,0.93469,29.66870523,61.0719,16.9359,0.698826,24.23472508
thickness+bandgap.iv,34,17,1.347,,0.658,0.174885,29.0230918,3.03053913,32.3982474,0.115571143,2.78086694,0.128543066,0.00555798321,0.11505632,0.000514822427,0.0,0.93469,29.66870523,61.0719,16.9359,0.698826,24.23472508
thickness+bandgap.iv,34,18,1.347,,0.658,0.195302,28.9396424,3.09398827,32.3982474,0.119082481,2.84079922,0.12854815,0.00555841892,0.118516088,0.000566392871,0.0,0.93469,29.66870523,61.0719,16.9359,0.698826,24.23472508
thickness+bandgap.iv,34,19,1.347,,0.658,0.21573,28.854024,3.15960657,32.3982474,0.12284222,2.90265232,0.128553213,0.00555881927,0.122219341,0.000622878468,0.0,0.93469,29.66870523,61.0719,16.9359,0.698826,24.23472508
thickness+bandgap.iv,34,20,1.347,,0.658,0.23617,28.7660727,3.22755772,32.3982474,0.126873924,2.96656636,0.128558252,0.00555918693,0.126189157,0.000684766811,0.0,0.93469,29.66870523,61.0719,16.9359,0.698826,24.23472508
thickness+bandgap.iv,34,21,1.347,,0.658,0.256622,28.6756086,3.29802153,32.3982474,0.131204257,3.03269448,0.128563265,0.0055595244,0.130451652,0.000752604934,0.0,0.93469,29.66870523,61.0719,16.9359,0.698826,24.23472508
thickness+bandgap.iv,34,22,1.347,,0.658,0.277088,28.5824337,3.37119618,32.3982474,0.135863559,3.10120454,0.128568249,0.00555983408,0.135036551,0.000827008333,0.0,0.93469,29.66870523,61.0719,16.9359,0.698826,24.23472508
thickness+bandgap.iv,34,23,1.347,,0.658,0.297568,28.4863286,3.4473011,32.3982474,0.140886621,3.17228116,0.128573203,0.00556011821,0.139977949,0.000908671666,0.0,0.93469,29.66870523,61.0719,16.9359,0.698826,24.23472508
thickness+bandgap.iv,34,24,1.347,,0.658,0.318065,28.387049,3.52658047,32.3982474,0.146313708,3.24612826,0.128578123,0.0055603789,0.145315326,0.000998381574,0.0,0.93469,29.66870523,61.0719,16.9359,0.698826,24.23472508
thickness+bandgap.iv,34,25,1.347,,0.658,0.338578,28.2843213,3.60930775,32.3982474,0.152192012,3.32297211,0.128583008,0.00556061811,0.15109498,0.00109703219,0.0,0.93469,29.66870523,61.0719,16.9359,0.698826,24.23472508
thickness+bandgap.iv,34,26,1.347,,0.658,0.359111,28.1778371,3.6957916,32.3982474,0.158577758,3.40306515,0.128587856,0.00556083771,0.157372113,0.00120564417,0.0,0.93469,29.66870523,61.0719,16.9359,0.698826,24.23472508
thickness+bandgap.iv,34,27,1.347,,0.658,0.379664,28.0672446,3.78638398,32.3982474,0.165539403,3.48669087,0.128592665,0.00556103944,0.164214014,0.00132538846,0.0,0.93469,29.66870523,61.0719,16.9359,0.698826,24.23472508
thickness+bandgap.iv,34,28,1.347,,0.658,0.400239,27.9521366,3.88149162,32.3982474,0.173162664,3.5741703,0.128597433,0.00556122493,0.171705048,0.00145761677,0.0,0.93469,29.66870523,61.0719,16.9359,0.698826,24.23472508
thickness+bandgap.iv,34,29,1.347,,0.658,0.42084,27.8320348,3.98159303,32.3982474,0.181558581,3.6658709,0.12860216,0.00556139573,0.179954679,0.00160390206,0.0,0.93469,29.66870523,61.0719,16.9359,0.698826,24.23472508
thickness+bandgap.iv,34,30,1.347,,0.658,0.441468,27.7063625,4.08726469,32.3982474,0.190876593,3.7622197,0.128606844,0.0055615533,0.189110498,0.00176609483,0.0,0.93469,29.66870523,61.0719,16.9359,0.698826,24.23472508
thickness+bandgap.iv,34,31,1.347,,0.658,0.462128,27.5744039,4.19922266,32.3982474,0.201325758,3.86372372,0.128611484,0.00556169904,0.199379352,0.00194640632,0.0,0.93469,29.66870523,61.0719,16.9359,0.698826,24.23472508
thickness+bandgap.iv,34,32,1.347,,0.658,0.482824,27.4352353,4.31839078,32.3982474,0.213208846,3.97100402,0.128616079,0.00556183431,0.211061306,0.00214753991,0.0,0.93469,29.66870523,61.0719,16.9359,0.698826,24.23472508
thickness+bandgap.iv,34,33,1.347,,0.658,0.503562,27.2876112,4.4460146,32.3982474,0.226976439,4.08485557,0.12862063,0.00556196046,0.224603526,0.00237291325,0.0,0.93469,29.66870523,61.0719,16.9359,0.698826,24.23472508
thickness+bandgap.iv,34,34,1.347,,0.658,0.524351,27.1297681,4.58385657,32.3982474,0.243311778,4.20635758,0.128625136,0.0055620789,0.240684721,0.00262705749,0.0,0.93469,29.66870523,61.0719,16.9359,0.698826,24.23472508
thickness+bandgap.iv,34,35,1.347,,0.658,0.545205,26.9590858,4.73453861,32.3982474,0.263263194,4.33708362,0.128629598,0.00556219118,0.260346824,0.00291637047,0.0,0.93469,29.66870523,61.0719,16.9359,0.698826,24.23472508
thickness+bandgap.iv,34,36,1.347,,0.658,0.566143,26.7714645,4.902159,32.3982474,0.288451882,4.4795108,0.128634018,0.00556229914,0.285201294,0.00325058777,0.0,0.93469,29.66870523,61.0719,16.9359,0.698826,24.23472508
thickness+bandgap.iv,34,37,1.347,,0.658,0.587199,26.5601935,5.09342966,32.3982474,0.32140188,4.63782698,0.128638399,0.0055624052,0.31775616,0.00364571993,0.0,0.93469,29.66870523,61.0719,16.9359,0.698826,24.23472508
thickness+bandgap.iv,34,38,1.347,,0.658,0.608431,26.3138146,5.319808,32.3982474,0.366070786,4.81953195,0.128642748,0.00556251293,0.361940804,0.00412998207,0.0,0.93469,29.66870523,61.0719,16.9359,0.698826,24.23472508
thickness+bandgap.iv,34,39,1.347,,0.658,0.62994,26.0120993,5.60152258,32.3982474,0.428707488,5.03860539,0.128647076,0.00556262802,0.423951713,0.00475577564,0.0,0.93469,29.66870523,61.0719,16.9359,0.698826,24.23472508
thickness+bandgap.iv,34,40,1.347,,0.658,0.651908,25.6184881,5.97513245,32.3982474,0.519223595,5.32169469,0.128651405,0.0055627602,0.513599963,0.00562363112,0.0,0.93469,29.66870523,61.0719,16.9359,0.698826,24.23472508
thickness+bandgap.iv,34,41,1.347,,0.658,0.674669,25.0662557,6.50736345,32.3982474,0.653300121,5.71984462,0.128655775,0.00556292686,0.646371464,0.0069286569,0.0,0.93469,29.66870523,61.0719,16.9359,0.698826,24.23472508
thickness+bandgap.iv,34,42,1.347,,0.658,0.698826,24.2347251,7.31889079,32.3982474,0.855301735,6.32936564,0.128660262,0.00556315952,0.846256699,0.00904503607,0.0,0.93469,29.66870523,61.0719,16.9359,0.698826,24.23472508
thickness+bandgap.iv,34,43,1.347,,0.658,0.72543,22.9139689,8.61964221,32.3982474,1.16125548,7.32415822,0.128664999,0.00556351445,1.14859603,0.0126594561,0.0,0.93469,29.66870523,61.0719,16.9359,0.698826,24.23472508
thickness+bandgap.iv,34,44,1.347,,0.658,0.756149,20.7701711,10.743434,32.3982474,1.61868985,8.99050984,0.12867021,0.00556408712,1.59977378,0.0189160768,0.0,0.93469,29.66870523,61.0719,16.9359,0.698826,24.23472508
thickness+bandgap.iv,34,45,1.347,,0.658,0.793189,17.3621992,14.131423,32.3982474,2.27573694,11.7214448,0.128676209,0.00556502353,2.24635095,0.029385983,0.0,0.93469,29.66870523,61.0719,16.9359,0.698826,24.23472508
thickness+bandgap.iv,34,46,1.347,,0.658,0.838485,12.3030176,19.1706387,32.3982474,3.15146976,15.8849191,0.128683322,0.00556651154,3.10598308,0.0454866847,0.0,0.93469,29.66870523,61.0719,16.9359,0.698826,24.23472508
thickness+bandgap.iv,34,47,1.347,,0.658,0.892093,5.58145308,25.872079,32.3982474,4.19782492,21.5399937,0.128691624,0.00556873759,4.13058854,0.0672363776,0.0,0.93469,29.66870523,61.0719,16.9359,0.698826,24.23472508
thickness+bandgap.iv,34,48,1.347,,0.658,0.950899,-2.17984031,33.6137542,32.3982474,5.29314432,28.1863372,0.128700838,0.00557183136,5.2007746,0.0923697202,0.0,0.93469,29.66870523,61.0719,16.9359,0.698826,24.23472508
thickness+bandgap.iv,34,49,1.347,,0.658,1.009495,-9.89895983,41.3122158,32.3982474,6.28883361,34.8890964,0.128710005,0.00557584551,6.17193306,0.116900554,0.0,0.93469,29.66870523,61.0719,16.9359,0.698826,24.23472508
thickness+bandgap.iv,34,50,1.347,,0.658,1.062407,-16.4813827,47.8745617,32.3982474,7.07608451,40.6641783,0.128718108,0.00558074906,6.93876615,0.137318358,0.0,0.93469,29.66870523,61.0719,16.9359,0.698826,24.23472508
thickness+bandgap.iv,34,51,1.347,,0.658,1.106566,-21.3131934,52.6876895,32.3982474,7.62141784,44.9319609,0.128724324,0.00558644331,7.46942246,0.151995379,0.0,0.93469,29.66870523,61.0719,16.9359,0.698826,24.23472508
thickness+bandgap.iv,34,52,1.347,,0.658,1.142062,-24.4124615,55.767045,32.3982474,7.95519882,47.6775251,0.128728398,0.00559269719,7.79408187,0.16111695,0.0,0.93469,29.66870523,61.0719,16.9359,0.698826,24.23472508
thickness+bandgap.iv,34,53,1.347,,0.658,1.171035,-26.2070189,57.5396663,32.3982474,8.13971441,49.265622,0.128730726,0.00559923474,7.97360433,0.166110076,0.0,0.93469,29.66870523,61.0719,16.9359,0.698826,24.23472508
thickness+bandgap.iv,34,54,1.347,,0.658,1.195945,-27.189073,58.503554,32.3982474,8.24223317,50.1269828,0.128732105,0.0056059488,8.0731824,0.169050771,0.0,0.93469,29.66870523,61.0719,16.9359,0.698826,24.23472508
thickness+bandgap.iv,34,55,1.347,,0.658,1.218665,-27.7330316,59.0276398,32.3982474,8.29639891,50.5968954,0.128732831,0.00561269796,8.12583345,0.17056546,0.0,0.93469,29.66870523,61.0719,16.9359,0.698826,24.23472508
thickness+bandgap.iv,34,56,1.347,,0.658,1.240266,-28.053239,59.3279102,32.3982474,8.32727773,50.8662799,0.128733248,0.00561938516,8.15584788,0.171429842,0.0,0.93469,29.66870523,61.0719,16.9359,0.698826,24.23472508
thickness+bandgap.iv,34,57,1.347,,0.658,1.261315,-28.2629285,59.5176282,32.3982474,8.34671934,51.0365495,0.128733512,0.00562593687,8.17474535,0.171973987,0.0,0.93469,29.66870523,61.0719,16.9359,0.698826,24.23472508
thickness+bandgap.iv,34,58,1.347,,0.658,1.282089,-28.4177904,59.6525014,32.3982474,8.36050349,51.1576318,0.1287337,0.00563235415,8.18814394,0.172359554,0.0,0.93469,29.66870523,61.0719,16.9359,0.698826,24.23472508
thickness+bandgap.iv,34,59,1.347,,0.658,1.302727,-28.5453873,59.7601013,32.3982474,8.37147719,51.2542515,0.12873385,0.00563872383,8.19881086,0.172666335,0.0,0.93469,29.66870523,61.0719,16.9359,0.698826,24.23472508
thickness+bandgap.iv,34,60,1.347,,0.658,1.323291,-28.6582141,59.8529275,32.3982474,8.38092896,51.3376196,0.128733979,0.00564496253,8.20799846,0.1729305,0.0,0.93469,29.66870523,61.0719,16.9359,0.698826,24.23472508
thickness+bandgap.iv,34,61,1.347,,0.658,1.343812,-28.7624308,59.9371421,32.3982474,8.38949287,51.4132641,0.128734096,0.00565109184,8.21632303,0.173169842,0.0,0.93469,29.66870523,61.0719,16.9359,0.698826,24.23472508
thickness+bandgap.iv,35,1,1.4,,0.658,-0.141709,28.3418371,2.1848265,30.5489242,0.0760540334,1.97313684,0.128457655,0.0071779757,0.0760056672,4.83662242e-05,0.0,0.977794,27.87463694,61.5396,16.773,0.724195,23.1609182
thickness+bandgap.iv,35,2,1.4,,0.658,-0.121387,28.2774823,2.22917061,30.5489242,0.0771071343,2.0164204,0.128462448,0.00718063352,0.0770539609,5.31733322e-05,0.0,0.977794,27.87463694,61.5396,16.773,0.724195,23.1609182
thickness+bandgap.iv,35,3,1.4,,0.658,-0.101061,28.2122225,2.27443013,30.5489242,0.078202284,2.0605774,0.128467235,0.00718321462,0.0781436837,5.86002369e-05,0.0,0.977794,27.87463694,61.5396,16.773,0.724195,23.1609182
thickness+bandgap.iv,35,4,1.4,,0.658,-0.08073,28.1460604,2.32059225,30.5489242,0.0793443063,2.10559021,0.128472021,0.00718571236,0.0792795751,6.47311779e-05,0.0,0.977794,27.87463694,61.5396,16.773,0.724195,23.1609182
thickness+bandgap.iv,35,5,1.4,,0.658,-0.060395,28.0790019,2.36765063,30.5489242,0.0805385007,2.15144719,0.128476811,0.00718812091,0.0804668412,7.16594476e-05,0.0,0.977794,27.87463694,61.5396,16.773,0.724195,23.1609182
thickness+bandgap.iv,35,6,1.4,,0.658,-0.040055,28.0110491,2.41560335,30.5489242,0.0817906711,2.19814064,0.128481606,0.00719043481,0.0817111835,7.94876535e-05,0.0,0.977794,27.87463694,61.5396,16.773,0.724195,23.1609182
thickness+bandgap.iv,35,7,1.4,,0.658,-0.019711,27.9421983,2.46445429,30.5489242,0.0831071216,2.24566811,0.12848641,0.00719264917,0.0830187937,8.83278539e-05,0.0,0.977794,27.87463694,61.5396,16.773,0.724195,23.1609182
thickness+bandgap.iv,35,8,1.4,,0.658,0.000638,27.8724367,2.51421431,30.5489242,0.0844946464,2.29403368,0.128491223,0.00719475983,0.0843963447,9.83016436e-05,0.0,0.977794,27.87463694,61.5396,16.773,0.724195,23.1609182
thickness+bandgap.iv,35,9,1.4,,0.658,0.020991,27.8017506,2.56490243,30.5489242,0.0859605207,2.34324909,0.128496048,0.00719676355,0.0858509805,0.00010954025,0.0,0.977794,27.87463694,61.5396,16.773,0.724195,23.1609182
thickness+bandgap.iv,35,10,1.4,,0.658,0.041349,27.7301054,2.61654683,30.5489242,0.0875124952,2.39333479,0.128500887,0.00719865811,0.0873903105,0.00012218472,0.0,0.977794,27.87463694,61.5396,16.773,0.724195,23.1609182
thickness+bandgap.iv,35,11,1.4,,0.658,0.061713,27.6574664,2.66918565,30.5489242,0.0891588007,2.44432067,0.128505739,0.00720044244,0.0890224144,0.00013638629,0.0,0.977794,27.87463694,61.5396,16.773,0.724195,23.1609182
thickness+bandgap.iv,35,12,1.4,,0.658,0.082081,27.5837862,2.72286754,30.5489242,0.0909081696,2.49624665,0.128510606,0.00720211659,0.0907558626,0.000152307009,0.0,0.977794,27.87463694,61.5396,16.773,0.724195,23.1609182
thickness+bandgap.iv,35,13,1.4,,0.658,0.102455,27.5090141,2.7776465,30.5489242,0.0927704268,2.54915691,0.128515479,0.00720368072,0.0926003113,0.000170115474,0.0,0.977794,27.87463694,61.5396,16.773,0.724195,23.1609182
thickness+bandgap.iv,35,14,1.4,,0.658,0.122835,27.4330574,2.83360317,30.5489242,0.0947544435,2.60312322,0.128520372,0.00720513885,0.094564436,0.000190007544,0.0,0.977794,27.87463694,61.5396,16.773,0.724195,23.1609182
thickness+bandgap.iv,35,15,1.4,,0.658,0.143221,27.355846,2.89081459,30.5489242,0.0968712573,2.65821156,0.128525277,0.00720649324,0.0966590762,0.0002121811,0.0,0.977794,27.87463694,61.5396,16.773,0.724195,23.1609182
thickness+bandgap.iv,35,16,1.4,,0.658,0.163614,27.2772871,2.94937343,30.5489242,0.0991322493,2.71450324,0.128530191,0.00720774774,0.0988953941,0.000236855126,0.0,0.977794,27.87463694,61.5396,16.773,0.724195,23.1609182
thickness+bandgap.iv,35,17,1.4,,0.658,0.184014,27.1972771,3.00938343,30.5489242,0.101549753,2.77208966,0.128535112,0.00720890677,0.101285485,0.000264268449,0.0,0.977794,27.87463694,61.5396,16.773,0.724195,23.1609182
thickness+bandgap.iv,35,18,1.4,,0.658,0.204421,27.115701,3.07095954,30.5489242,0.10413723,2.83107229,0.128540037,0.00720997522,0.103842547,0.000294682913,0.0,0.977794,27.87463694,61.5396,16.773,0.724195,23.1609182
thickness+bandgap.iv,35,19,1.4,,0.658,0.224838,27.0324324,3.13422811,30.5489242,0.106909473,2.89156272,0.128544963,0.00721095822,0.106581086,0.000328387082,0.0,0.977794,27.87463694,61.5396,16.773,0.724195,23.1609182
thickness+bandgap.iv,35,20,1.4,,0.658,0.245263,26.9473329,3.1993275,30.5489242,0.109882855,2.9536829,0.128549888,0.00721186108,0.109517155,0.000365700507,0.0,0.977794,27.87463694,61.5396,16.773,0.724195,23.1609182
thickness+bandgap.iv,35,21,1.4,,0.658,0.265699,26.8602516,3.26640877,30.5489242,0.113075618,3.01756566,0.128554806,0.00721268914,0.112668639,0.000406978645,0.0,0.977794,27.87463694,61.5396,16.773,0.724195,23.1609182
thickness+bandgap.iv,35,22,1.4,,0.658,0.286145,26.7710235,3.33563682,30.5489242,0.116508217,3.08335543,0.128559716,0.00721344766,0.116055599,0.000452618533,0.0,0.977794,27.87463694,61.5396,16.773,0.724195,23.1609182
thickness+bandgap.iv,35,23,1.4,,0.658,0.306603,26.6794683,3.40719185,30.5489242,0.120203758,3.15120934,0.128564614,0.0072141418,0.119700692,0.000503065376,0.0,0.977794,27.87463694,61.5396,16.773,0.724195,23.1609182
thickness+bandgap.iv,35,24,1.4,,0.658,0.327073,26.5853887,3.48127133,30.5489242,0.124188524,3.22129854,0.128569496,0.00721477653,0.123629704,0.000558820235,0.0,0.977794,27.87463694,61.5396,16.773,0.724195,23.1609182
thickness+bandgap.iv,35,25,1.4,,0.658,0.347557,26.4885675,3.55809244,30.5489242,0.128492681,3.29381004,0.12857436,0.00721535658,0.127872232,0.000620449094,0.0,0.977794,27.87463694,61.5396,16.773,0.724195,23.1609182
thickness+bandgap.iv,35,26,1.4,,0.658,0.368056,26.3887645,3.63789527,30.5489242,0.133151203,3.36894898,0.128579201,0.00721588648,0.132462609,0.000688593645,0.0,0.977794,27.87463694,61.5396,16.773,0.724195,23.1609182
thickness+bandgap.iv,35,27,1.4,,0.658,0.388571,26.2857127,3.72094694,30.5489242,0.138205185,3.44694137,0.128584018,0.00721637047,0.137441201,0.000763984274,0.0,0.977794,27.87463694,61.5396,16.773,0.724195,23.1609182
thickness+bandgap.iv,35,28,1.4,,0.658,0.409104,26.1791124,3.80754712,30.5489242,0.143703758,3.52803774,0.128588807,0.00721681256,0.142856303,0.000847455933,0.0,0.977794,27.87463694,61.5396,16.773,0.724195,23.1609182
thickness+bandgap.iv,35,29,1.4,,0.658,0.429657,26.0686238,3.89803545,30.5489242,0.149707006,3.61251766,0.128593566,0.0072172165,0.148767038,0.000939967913,0.0,0.977794,27.87463694,61.5396,16.773,0.724195,23.1609182
thickness+bandgap.iv,35,30,1.4,,0.658,0.450231,25.9538567,3.99280231,30.5489242,0.156290565,3.70069587,0.128598293,0.00721758581,0.155247936,0.00104262914,0.0,0.977794,27.87463694,61.5396,16.773,0.724195,23.1609182
thickness+bandgap.iv,35,31,1.4,,0.658,0.470828,25.8343541,4.0923046,30.5489242,0.163553027,3.79293066,0.128602985,0.00721792379,0.162396295,0.00115673169,0.0,0.977794,27.87463694,61.5396,16.773,0.724195,23.1609182
thickness+bandgap.iv,35,32,1.4,,0.658,0.491452,25.7095683,4.19709013,30.5489242,0.171627964,3.88963629,0.12860764,0.00721823354,0.170344167,0.00128379746,0.0,0.977794,27.87463694,61.5396,16.773,0.724195,23.1609182
thickness+bandgap.iv,35,33,1.4,,0.658,0.512106,25.5788217,4.30783647,30.5489242,0.180703437,3.99130225,0.128612257,0.007218518,0.17927779,0.00142564698,0.0,0.977794,27.87463694,61.5396,16.773,0.724195,23.1609182
thickness+bandgap.iv,35,34,1.4,,0.658,0.532794,25.4412434,4.42541439,30.5489242,0.191053311,4.09852546,0.128616835,0.00721877998,0.189468803,0.00158450818,0.0,0.977794,27.87463694,61.5396,16.773,0.724195,23.1609182
thickness+bandgap.iv,35,35,1.4,,0.658,0.553522,25.2956636,4.55099401,30.5489242,0.203086832,4.21206678,0.128621373,0.00721902224,0.201323631,0.00176320026,0.0,0.977794,27.87463694,61.5396,16.773,0.724195,23.1609182
thickness+bandgap.iv,35,36,1.4,,0.658,0.574298,25.1404309,4.68622631,30.5489242,0.217426104,4.33295509,0.128625869,0.00721924758,0.21546064,0.00196546415,0.0,0.977794,27.87463694,61.5396,16.773,0.724195,23.1609182
thickness+bandgap.iv,35,37,1.4,,0.658,0.595135,24.9730955,4.83356138,30.5489242,0.235026472,4.46268513,0.128630325,0.00721945897,0.232829887,0.00219658561,0.0,0.977794,27.87463694,61.5396,16.773,0.724195,23.1609182
thickness+bandgap.iv,35,38,1.4,,0.658,0.616051,24.7898363,4.99682027,30.5489242,0.257364287,4.60360158,0.12863474,0.00721965987,0.254899676,0.00246461093,0.0,0.977794,27.87463694,61.5396,16.773,0.724195,23.1609182
thickness+bandgap.iv,35,39,1.4,,0.658,0.637078,24.5844099,5.18224618,30.5489242,0.28673293,4.75965428,0.128639119,0.00721985467,0.283950161,0.00278276921,0.0,0.977794,27.87463694,61.5396,16.773,0.724195,23.1609182
thickness+bandgap.iv,35,40,1.4,,0.658,0.658269,24.3462197,5.40046617,30.5489242,0.326714028,4.93788863,0.128643465,0.00722004956,0.323539688,0.00317433963,0.0,0.977794,27.87463694,61.5396,16.773,0.724195,23.1609182
thickness+bandgap.iv,35,41,1.4,,0.658,0.679717,24.0565092,5.67017538,30.5489242,0.38293056,5.15137678,0.128647788,0.00722025428,0.379248079,0.00368248163,0.0,0.977794,27.87463694,61.5396,16.773,0.724195,23.1609182
thickness+bandgap.iv,35,42,1.4,,0.658,0.701592,23.6816987,6.02498387,30.5489242,0.464224325,5.42488696,0.128652107,0.00722048501,0.459834697,0.00438962784,0.0,0.977794,27.87463694,61.5396,16.773,0.724195,23.1609182
thickness+bandgap.iv,35,43,1.4,,0.658,0.724195,23.1609182,6.52576107,30.5489242,0.584410167,5.80547367,0.128656457,0.00722077003,0.578955472,0.00545469495,0.0,0.977794,27.87463694,61.5396,16.773,0.724195,23.1609182
thickness+bandgap.iv,35,44,1.4,,0.658,0.748073,22.3853964,7.28127665,30.5489242,0.76455585,6.38083874,0.128660901,0.00722115951,0.757376754,0.00717909623,0.0,0.977794,27.87463694,61.5396,16.773,0.724195,23.1609182
thickness+bandgap.iv,35,45,1.4,,0.658,0.774153,21.1694683,8.47719328,30.5489242,1.03492713,7.30637886,0.128665552,0.00722174043,1.02482112,0.0101060131,0.0,0.977794,27.87463694,61.5396,16.773,0.724195,23.1609182
thickness+bandgap.iv,35,46,1.4,,0.658,0.803867,19.2265505,10.4001043,30.5489242,1.43363728,8.83057381,0.12867059,0.0072226541,1.41852282,0.0151144626,0.0,0.977794,27.87463694,61.5396,16.773,0.724195,23.1609182
thickness+bandgap.iv,35,47,1.4,,0.658,0.839029,16.194257,13.4124128,30.5489242,1.99619395,11.2803185,0.128676259,0.00722410194,1.97283523,0.0233587215,0.0,0.977794,27.87463694,61.5396,16.773,0.724195,23.1609182
thickness+bandgap.iv,35,48,1.4,,0.658,0.881135,11.7729911,17.8136576,30.5489242,2.73239119,14.9453573,0.128682794,0.00722631458,2.69657871,0.0358124776,0.0,0.977794,27.87463694,61.5396,16.773,0.724195,23.1609182
thickness+bandgap.iv,35,49,1.4,,0.658,0.930188,5.9624222,23.6042549,30.5489242,3.60217503,19.8661601,0.128690259,0.00722948878,3.54971604,0.0524589889,0.0,0.977794,27.87463694,61.5396,16.773,0.724195,23.1609182
thickness+bandgap.iv,35,50,1.4,,0.658,0.98401,-0.801954993,30.3486642,30.5489242,4.51836183,25.6943702,0.128698443,0.00723370508,4.44654454,0.0718172895,0.0,0.977794,27.87463694,61.5396,16.773,0.724195,23.1609182
thickness+bandgap.iv,35,51,1.4,,0.658,1.038837,-7.76730554,37.2938425,30.5489242,5.3788942,31.7790026,0.128706778,0.0072389588,5.28748673,0.0914074674,0.0,0.977794,27.87463694,61.5396,16.773,0.724195,23.1609182
thickness+bandgap.iv,35,52,1.4,,0.658,1.090658,-14.1315647,43.6377426,30.5489242,6.10355509,37.3982278,0.128714548,0.00724515502,5.9947502,0.108804887,0.0,0.977794,27.87463694,61.5396,16.773,0.724195,23.1609182
thickness+bandgap.iv,35,53,1.4,,0.658,1.136436,-19.2871897,48.7744669,30.5489242,6.65288287,41.9856107,0.128721103,0.00725220604,6.53033961,0.122543258,0.0,0.977794,27.87463694,61.5396,16.773,0.724195,23.1609182
thickness+bandgap.iv,35,54,1.4,,0.658,1.17495,-22.9900118,52.4558374,30.5489242,7.02391088,45.2959408,0.128725862,0.00725991102,6.8919731,0.131937785,0.0,0.977794,27.87463694,61.5396,16.773,0.724195,23.1609182
thickness+bandgap.iv,35,55,1.4,,0.658,1.206738,-25.347679,54.793658,30.5489242,7.25191315,47.4057478,0.128729,0.00726805026,7.11407469,0.137838466,0.0,0.977794,27.87463694,61.5396,16.773,0.724195,23.1609182
thickness+bandgap.iv,35,56,1.4,,0.658,1.233599,-26.7198432,56.1471915,30.5489242,7.38236852,48.6288156,0.128730891,0.00727650065,7.24106675,0.14130177,0.0,0.977794,27.87463694,61.5396,16.773,0.724195,23.1609182
thickness+bandgap.iv,35,57,1.4,,0.658,1.25744,-27.4879277,56.8954321,30.5489242,7.45285365,49.3065615,0.128731925,0.00728501239,7.30970072,0.143152931,0.0,0.977794,27.87463694,61.5396,16.773,0.724195,23.1609182
thickness+bandgap.iv,35,58,1.4,,0.658,1.279627,-27.925435,57.3130202,30.5489242,7.4918903,49.6851039,0.128732505,0.0072935055,7.34771017,0.144180126,0.0,0.977794,27.87463694,61.5396,16.773,0.724195,23.1609182
thickness+bandgap.iv,35,59,1.4,,0.658,1.300969,-28.1937317,57.5613527,30.5489242,7.51499041,49.9103277,0.12873285,0.0073017747,7.37020227,0.144788135,0.0,0.977794,27.87463694,61.5396,16.773,0.724195,23.1609182
thickness+bandgap.iv,35,60,1.4,,0.658,1.321892,-28.3783654,57.7259988,30.5489242,7.530251,50.0597047,0.128733079,0.00731002551,7.38506145,0.145189556,0.0,0.977794,27.87463694,61.5396,16.773,0.724195,23.1609182
thickness+bandgap.iv,35,61,1.4,,0.658,1.342605,-28.5210516,57.8486864,30.5489242,7.54159142,50.1710435,0.12873325,0.00731813943,7.39610379,0.14548763,0.0,0.977794,27.87463694,61.5396,16.773,0.724195,23.1609182
thickness+bandgap.iv,36,1,1.2,,0.866,-0.178565,35.7130867,2.24889455,38.0080959,0.20217052,1.91793691,0.12849293,0.000294183425,0.198669534,0.00350098546,0.0,0.801787,35.17420295,57.2182,16.1368,0.554489,29.10210153
thickness+bandgap.iv,36,2,1.2,,0.866,-0.158286,35.6572863,2.28469228,38.0080959,0.20856282,1.94733693,0.128498349,0.000294184116,0.204891125,0.0036716955,0.0,0.801787,35.17420295,57.2182,16.1368,0.554489,29.10210153
thickness+bandgap.iv,36,3,1.2,,0.866,-0.138001,35.6002586,2.32171988,38.0080959,0.21527921,1.97764274,0.128503749,0.000294184799,0.211427548,0.00385166249,0.0,0.801787,35.17420295,57.2182,16.1368,0.554489,29.10210153
thickness+bandgap.iv,36,4,1.2,,0.866,-0.11771,35.541932,2.36004624,38.0080959,0.222341535,2.00890139,0.128509126,0.000294185476,0.21830003,0.00404150503,0.0,0.801787,35.17420295,57.2182,16.1368,0.554489,29.10210153
thickness+bandgap.iv,36,5,1.2,,0.866,-0.097411,35.4822323,2.39974598,38.0080959,0.229773752,2.04116356,0.12851448,0.00029418615,0.225531851,0.00424190176,0.0,0.801787,35.17420295,57.2182,16.1368,0.554489,29.10210153
thickness+bandgap.iv,36,6,1.2,,0.866,-0.077105,35.4210778,2.44090018,38.0080959,0.237602044,2.07448414,0.128519808,0.000294186823,0.233148452,0.00445359244,0.0,0.801787,35.17420295,57.2182,16.1368,0.554489,29.10210153
thickness+bandgap.iv,36,7,1.2,,0.866,-0.056792,35.3583807,2.48359709,38.0080959,0.245855078,2.10892272,0.128525109,0.000294187498,0.241177693,0.00467738485,0.0,0.801787,35.17420295,57.2182,16.1368,0.554489,29.10210153
thickness+bandgap.iv,36,8,1.2,,0.866,-0.03647,35.2940444,2.52793298,38.0080959,0.254564311,2.14454411,0.12853038,0.000294188176,0.249650149,0.00491416249,0.0,0.801787,35.17420295,57.2182,16.1368,0.554489,29.10210153
thickness+bandgap.iv,36,9,1.2,,0.866,-0.01614,35.2279642,2.5740131,38.0080959,0.26376434,2.18141895,0.12853562,0.000294188859,0.258599447,0.0051648936,0.0,0.801787,35.17420295,57.2182,16.1368,0.554489,29.10210153
thickness+bandgap.iv,36,10,1.2,,0.866,0.0042,35.1600243,2.62195277,38.0080959,0.273493315,2.21962444,0.128540826,0.00029418955,0.268062674,0.0054306414,0.0,0.801787,35.17420295,57.2182,16.1368,0.554489,29.10210153
thickness+bandgap.iv,36,11,1.2,,0.866,0.02455,35.0900981,2.67187871,38.0080959,0.283793421,2.2592451,0.128545997,0.000294190252,0.278080845,0.005712576,0.0,0.801787,35.17420295,57.2182,16.1368,0.554489,29.10210153
thickness+bandgap.iv,36,12,1.2,,0.866,0.04491,35.0180459,2.72393055,38.0080959,0.294711455,2.30037378,0.128551132,0.000294190966,0.288699466,0.00601198823,0.0,0.801787,35.17420295,57.2182,16.1368,0.554489,29.10210153
thickness+bandgap.iv,36,13,1.2,,0.866,0.065281,34.9437135,2.77826265,38.0080959,0.306299519,2.34311271,0.128556228,0.000294191696,0.299969213,0.00633030572,0.0,0.801787,35.17420295,57.2182,16.1368,0.554489,29.10210153
thickness+bandgap.iv,36,14,1.2,,0.866,0.085665,34.8669298,2.83504622,38.0080959,0.318615862,2.38757488,0.128561284,0.000294192444,0.311946751,0.00666911186,0.0,0.801787,35.17420295,57.2182,16.1368,0.554489,29.10210153
thickness+bandgap.iv,36,15,1.2,,0.866,0.106062,34.7875036,2.89447194,38.0080959,0.331725916,2.43388553,0.128566298,0.000294193213,0.324695748,0.00703016798,0.0,0.801787,35.17420295,57.2182,16.1368,0.554489,29.10210153
thickness+bandgap.iv,36,16,1.2,,0.866,0.126474,34.705222,2.95675315,38.0080959,0.345703606,2.48218408,0.12857127,0.000294194006,0.338288166,0.00741543987,0.0,0.801787,35.17420295,57.2182,16.1368,0.554489,29.10210153
thickness+bandgap.iv,36,17,1.2,,0.866,0.146901,34.6198454,3.02212977,38.0080959,0.360633054,2.53262632,0.128576197,0.000294194827,0.352805925,0.00782712928,0.0,0.801787,35.17420295,57.2182,16.1368,0.554489,29.10210153
thickness+bandgap.iv,36,18,1.2,,0.866,0.167344,34.531101,3.0908734,38.0080959,0.376610872,2.58538725,0.128581079,0.000294195679,0.36834316,0.00826771207,0.0,0.801787,35.17420295,57.2182,16.1368,0.554489,29.10210153
thickness+bandgap.iv,36,19,1.2,,0.866,0.187807,34.4386799,3.16329401,38.0080959,0.393749367,2.64066453,0.128585915,0.000294196567,0.385009383,0.00873998463,0.0,0.801787,35.17420295,57.2182,16.1368,0.554489,29.10210153
thickness+bandgap.iv,36,20,1.2,,0.866,0.208289,34.3422244,3.2397491,38.0080959,0.412181225,2.69868297,0.128590704,0.000294197495,0.402934103,0.0092471216,0.0,0.801787,35.17420295,57.2182,16.1368,0.554489,29.10210153
thickness+bandgap.iv,36,21,1.2,,0.866,0.228793,34.2413159,3.3206568,38.0080959,0.432066588,2.75970057,0.128595444,0.000294198469,0.422273839,0.00979274911,0.0,0.801787,35.17420295,57.2182,16.1368,0.554489,29.10210153
thickness+bandgap.iv,36,22,1.2,,0.866,0.249323,34.1354569,3.40651532,38.0080959,0.453604109,2.82401687,0.128600136,0.000294199494,0.443223068,0.0103810408,0.0,0.801787,35.17420295,57.2182,16.1368,0.554489,29.10210153
thickness+bandgap.iv,36,23,1.2,,0.866,0.26988,34.0240381,3.49793298,38.0080959,0.477048508,2.89198549,0.128604779,0.000294200579,0.466031659,0.0110168495,0.0,0.801787,35.17420295,57.2182,16.1368,0.554489,29.10210153
thickness+bandgap.iv,36,24,1.2,,0.866,0.290469,33.9062942,3.59567604,38.0080959,0.502738728,2.96403374,0.128609373,0.000294201732,0.49103283,0.0117058984,0.0,0.801787,35.17420295,57.2182,16.1368,0.554489,29.10210153
thickness+bandgap.iv,36,25,1.2,,0.866,0.311094,33.7812234,3.70074675,38.0080959,0.531143044,3.04069559,0.128613917,0.000294202967,0.518687967,0.0124550771,0.0,0.801787,35.17420295,57.2182,16.1368,0.554489,29.10210153
thickness+bandgap.iv,36,26,1.2,,0.866,0.331763,33.6474563,3.81451365,38.0080959,0.562930983,3.12267005,0.128618412,0.000294204298,0.549658048,0.0132729345,0.0,0.801787,35.17420295,57.2182,16.1368,0.554489,29.10210153
thickness+bandgap.iv,36,27,1.2,,0.866,0.352485,33.5030348,3.9389336,38.0080959,0.59908749,3.21092905,0.128622859,0.00029420575,0.584916937,0.0141705532,0.0,0.801787,35.17420295,57.2182,16.1368,0.554489,29.10210153
thickness+bandgap.iv,36,28,1.2,,0.866,0.373275,33.345028,4.07693952,38.0080959,0.641094604,3.30692344,0.128627259,0.000294207355,0.625931419,0.0151631848,0.0,0.801787,35.17420295,57.2182,16.1368,0.554489,29.10210153
thickness+bandgap.iv,36,29,1.2,,0.866,0.394156,33.1688314,4.23313485,38.0080959,0.691223918,3.41298511,0.128631615,0.000294209169,0.674950488,0.0162734301,0.0,0.801787,35.17420295,57.2182,16.1368,0.554489,29.10210153
thickness+bandgap.iv,36,30,1.2,,0.866,0.415166,32.9668982,4.41506827,38.0080959,0.753016216,3.53312192,0.12863593,0.00029421128,0.735478633,0.0175375827,0.0,0.801787,35.17420295,57.2182,16.1368,0.554489,29.10210153
thickness+bandgap.iv,36,31,1.2,,0.866,0.436368,32.7263465,4.63561652,38.0080959,0.832083217,3.67459887,0.128640213,0.000294213836,0.813064758,0.0190184583,0.0,0.801787,35.17420295,57.2182,16.1368,0.554489,29.10210153
thickness+bandgap.iv,36,32,1.2,,0.866,0.457878,32.4244835,4.91747983,38.0080959,0.937464447,3.85107669,0.128644477,0.000294217106,0.916633027,0.0208314195,0.0,0.801787,35.17420295,57.2182,16.1368,0.554489,29.10210153
thickness+bandgap.iv,36,33,1.2,,0.866,0.479898,32.0203292,5.30163401,38.0080959,1.08392099,4.08877006,0.128648745,0.000294221572,1.06072429,0.0231966989,0.0,0.801787,35.17420295,57.2182,16.1368,0.554489,29.10210153
thickness+bandgap.iv,36,34,1.2,,0.866,0.502805,31.4390978,5.86286154,38.0080959,1.2957158,4.43819844,0.128653064,0.000294228132,1.269174,0.0265418041,0.0,0.801787,35.17420295,57.2182,16.1368,0.554489,29.10210153
thickness+bandgap.iv,36,35,1.2,,0.866,0.527274,30.5452956,6.73666223,38.0080959,1.61239339,4.99531709,0.128657517,0.000294238448,1.58070311,0.0316902817,0.0,0.801787,35.17420295,57.2182,16.1368,0.554489,29.10210153
thickness+bandgap.iv,36,36,1.2,,0.866,0.554489,29.1021015,8.1598523,38.0080959,2.09598454,5.93491125,0.128662254,0.000294255553,2.05581804,0.0401665005,0.0,0.801787,35.17420295,57.2182,16.1368,0.554489,29.10210153
thickness+bandgap.iv,36,37,1.2,,0.866,0.586351,26.7297402,10.5122098,38.0080959,2.83477992,7.54846805,0.128667525,0.000294284727,2.78023542,0.0545444971,0.0,0.801787,35.17420295,57.2182,16.1368,0.554489,29.10210153
thickness+bandgap.iv,36,38,1.2,,0.866,0.625403,22.9194888,14.3024536,38.0080959,3.92914678,10.2443388,0.128673694,0.00029433435,3.85071823,0.0784285511,0.0,0.801787,35.17420295,57.2182,16.1368,0.554489,29.10210153
thickness+bandgap.iv,36,39,1.2,,0.866,0.673922,17.2155852,19.9864544,38.0080959,5.43832556,14.4191533,0.12868115,0.000294415881,5.32315329,0.115172271,0.0,0.801787,35.17420295,57.2182,16.1368,0.554489,29.10210153
thickness+bandgap.iv,36,40,1.2,,0.866,0.732037,9.59267808,27.588984,38.0080959,7.29761329,20.1623861,0.128689991,0.000294541551,7.1327224,0.164890891,0.0,0.801787,35.17420295,57.2182,16.1368,0.554489,29.10210153
thickness+bandgap.iv,36,41,1.2,,0.866,0.796089,0.782297024,36.379416,38.0080959,9.28432448,26.9660969,0.12869993,0.000294721926,9.06207325,0.222251238,0.0,0.801787,35.17420295,57.2182,16.1368,0.554489,29.10210153
thickness+bandgap.iv,36,42,1.2,,0.866,0.859633,-7.92659648,45.069249,38.0080959,11.1061468,33.8340973,0.128709971,0.000294963622,10.8281298,0.278017006,0.0,0.801787,35.17420295,57.2182,16.1368,0.554489,29.10210153
thickness+bandgap.iv,36,43,1.2,,0.866,0.916456,-15.2911182,52.4120531,38.0080959,12.5394209,39.7436182,0.128718734,0.000295265804,12.2159785,0.323442432,0.0,0.801787,35.17420295,57.2182,16.1368,0.554489,29.10210153
thickness+bandgap.iv,36,44,1.2,,0.866,0.963133,-20.626522,57.7271337,38.0080959,13.5195869,44.0785258,0.128725409,0.000295623569,13.1642008,0.355386088,0.0,0.801787,35.17420295,57.2182,16.1368,0.554489,29.10210153
thickness+bandgap.iv,36,45,1.2,,0.866,1.000004,-24.0008236,61.0816964,38.0080959,14.1135496,46.839121,0.128729794,0.00029602301,13.7384701,0.375079502,0.0,0.801787,35.17420295,57.2182,16.1368,0.554489,29.10210153
thickness+bandgap.iv,36,46,1.2,,0.866,1.029641,-25.9282976,62.9912749,38.0080959,14.4465733,48.4156727,0.128732401,0.000296446006,14.0601745,0.386398844,0.0,0.801787,35.17420295,57.2182,16.1368,0.554489,29.10210153
thickness+bandgap.iv,36,47,1.2,,0.866,1.054889,-26.9778705,64.0209518,38.0080959,14.6213417,49.2705795,0.128733797,0.000296874997,14.2290705,0.392271139,0.0,0.801787,35.17420295,57.2182,16.1368,0.554489,29.10210153
thickness+bandgap.iv,36,48,1.2,,0.866,1.077775,-27.5549789,64.5759073,38.0080959,14.7096621,49.7372134,0.128734492,0.000297307655,14.3146247,0.39503747,0.0,0.801787,35.17420295,57.2182,16.1368,0.554489,29.10210153
thickness+bandgap.iv,36,49,1.2,,0.866,1.099449,-27.8898033,64.8905997,38.0080959,14.7619327,49.9996343,0.12873492,0.000297739029,14.3651484,0.396784313,0.0,0.801787,35.17420295,57.2182,16.1368,0.554489,29.10210153
thickness+bandgap.iv,36,50,1.2,,0.866,1.120533,-28.1065118,65.0872326,38.0080959,14.7945092,50.1636901,0.128735188,0.000298163558,14.3966348,0.397874418,0.0,0.801787,35.17420295,57.2182,16.1368,0.554489,29.10210153
thickness+bandgap.iv,36,51,1.2,,0.866,1.141324,-28.264775,65.2254584,38.0080959,14.8173991,50.2790254,0.128735377,0.000298576608,14.4187568,0.398642226,0.0,0.801787,35.17420295,57.2182,16.1368,0.554489,29.10210153
thickness+bandgap.iv,36,52,1.2,,0.866,1.161971,-28.3941366,65.334802,38.0080959,14.8355057,50.3702618,0.128735527,0.000298988184,14.4362548,0.39925088,0.0,0.801787,35.17420295,57.2182,16.1368,0.554489,29.10210153
thickness+bandgap.iv,36,53,1.2,,0.866,1.18254,-28.5079463,65.4286023,38.0080959,14.8510338,50.4485334,0.128735656,0.000299391449,14.4512602,0.399773581,0.0,0.801787,35.17420295,57.2182,16.1368,0.554489,29.10210153
thickness+bandgap.iv,36,54,1.2,,0.866,1.203064,-28.6127655,65.5134163,38.0080959,14.8650674,50.5193133,0.128735773,0.000299787785,14.464821,0.400246403,0.0,0.801787,35.17420295,57.2182,16.1368,0.554489,29.10210153
thickness+bandgap.iv,36,55,1.2,,0.866,1.223559,-28.7118284,65.592476,38.0080959,14.8781403,50.5852997,0.128735882,0.000300179855,14.4774532,0.400687113,0.0,0.801787,35.17420295,57.2182,16.1368,0.554489,29.10210153
thickness+bandgap.iv,36,56,1.2,,0.866,1.244032,-28.8063754,65.6670206,38.0080959,14.8904569,50.6475271,0.128735984,0.000300561958,14.4893544,0.401102464,0.0,0.801787,35.17420295,57.2182,16.1368,0.554489,29.10210153
thickness+bandgap.iv,36,57,1.2,,0.866,1.264489,-28.8977602,65.7384037,38.0080959,14.9022429,50.7071239,0.128736083,0.000300939429,14.5007428,0.40150007,0.0,0.801787,35.17420295,57.2182,16.1368,0.554489,29.10210153
thickness+bandgap.iv,36,58,1.2,,0.866,1.284931,-28.9862726,65.8069145,38.0080959,14.9135453,50.7643317,0.128736178,0.00030131327,14.5116639,0.401881434,0.0,0.801787,35.17420295,57.2182,16.1368,0.554489,29.10210153
thickness+bandgap.iv,36,59,1.2,,0.866,1.305361,-29.0721348,65.8727752,38.0080959,14.9244021,50.8193351,0.128736269,0.000301679317,14.5221543,0.402247826,0.0,0.801787,35.17420295,57.2182,16.1368,0.554489,29.10210153
thickness+bandgap.iv,36,60,1.2,,0.866,1.325778,-29.1556597,65.9362988,38.0080959,14.934866,50.8723944,0.128736357,0.000302042598,14.5322649,0.402601024,0.0,0.801787,35.17420295,57.2182,16.1368,0.554489,29.10210153
thickness+bandgap.iv,36,61,1.2,,0.866,1.346185,-29.2369547,65.9975923,38.0080959,14.944955,50.9235985,0.128736442,0.000302400929,14.5420134,0.402941625,0.0,0.801787,35.17420295,57.2182,16.1368,0.554489,29.10210153
thickness+bandgap.iv,37,1,1.247,,0.866,-0.17003,34.0060493,2.30669315,36.3553405,0.170433914,2.00735882,0.128480455,0.000419958662,0.168087446,0.00234646861,0.0,0.846217,33.50623889,58.9917,16.7262,0.6008,27.83992224
thickness+bandgap.iv,37,2,1.247,,0.866,-0.149755,33.9509063,2.34182508,36.3553405,0.175322743,2.03759644,0.128485935,0.000419960058,0.172858927,0.00246381626,0.0,0.846217,33.50623889,58.9917,16.7262,0.6008,27.83992224
thickness+bandgap.iv,37,3,1.247,,0.866,-0.129473,33.8946819,2.3780489,36.3553405,0.180450208,2.06868733,0.128491393,0.000419961407,0.177862648,0.00258756003,0.0,0.846217,33.50623889,58.9917,16.7262,0.6008,27.83992224
thickness+bandgap.iv,37,4,1.247,,0.866,-0.109187,33.8373058,2.41542435,36.3553405,0.185831399,2.10067615,0.128496835,0.000419962714,0.183113279,0.00271811993,0.0,0.846217,33.50623889,58.9917,16.7262,0.6008,27.83992224
thickness+bandgap.iv,37,5,1.247,,0.866,-0.088894,33.7787163,2.45401318,36.3553405,0.191483242,2.13360772,0.128502259,0.000419963985,0.188627286,0.00285595604,0.0,0.846217,33.50623889,58.9917,16.7262,0.6008,27.83992224
thickness+bandgap.iv,37,6,1.247,,0.866,-0.068594,33.7188612,2.49387854,36.3553405,0.197424919,2.167526,0.128507653,0.000419965221,0.194423347,0.00300157201,0.0,0.846217,33.50623889,58.9917,16.7262,0.6008,27.83992224
thickness+bandgap.iv,37,7,1.247,,0.866,-0.048288,33.6576399,2.53509977,36.3553405,0.20367513,2.20249164,0.128513033,0.000419966433,0.200519623,0.00315550674,0.0,0.846217,33.50623889,58.9917,16.7262,0.6008,27.83992224
thickness+bandgap.iv,37,8,1.247,,0.866,-0.027975,33.5949876,2.57775191,36.3553405,0.210256501,2.23855705,0.128518389,0.000419967623,0.206938144,0.00331835689,0.0,0.846217,33.50623889,58.9917,16.7262,0.6008,27.83992224
thickness+bandgap.iv,37,9,1.247,,0.866,-0.007654,33.5308191,2.62192024,36.3553405,0.217193079,2.27578348,0.128523719,0.000419968794,0.213702308,0.00349077129,0.0,0.846217,33.50623889,58.9917,16.7262,0.6008,27.83992224
thickness+bandgap.iv,37,10,1.247,,0.866,0.012675,33.4650415,2.66769763,36.3553405,0.224511245,2.3142374,0.12852902,0.000419969951,0.220837785,0.00367345979,0.0,0.846217,33.50623889,58.9917,16.7262,0.6008,27.83992224
thickness+bandgap.iv,37,11,1.247,,0.866,0.033012,33.3975535,2.71518542,36.3553405,0.232240013,2.35399114,0.128534291,0.000419971098,0.228372813,0.00386720043,0.0,0.846217,33.50623889,58.9917,16.7262,0.6008,27.83992224
thickness+bandgap.iv,37,12,1.247,,0.866,0.053359,33.3282444,2.76449446,36.3553405,0.240411376,2.39512358,0.12853953,0.000419972239,0.236338529,0.00407284763,0.0,0.846217,33.50623889,58.9917,16.7262,0.6008,27.83992224
thickness+bandgap.iv,37,13,1.247,,0.866,0.073715,33.2569922,2.8157463,36.3553405,0.249060712,2.43772088,0.128544734,0.000419973379,0.24476937,0.00429134177,0.0,0.846217,33.50623889,58.9917,16.7262,0.6008,27.83992224
thickness+bandgap.iv,37,14,1.247,,0.866,0.094082,33.1836639,2.86907461,36.3553405,0.25822726,2.48187747,0.128549903,0.000419974521,0.253703539,0.00452372012,0.0,0.846217,33.50623889,58.9917,16.7262,0.6008,27.83992224
thickness+bandgap.iv,37,15,1.247,,0.866,0.114459,33.1081111,2.9246268,36.3553405,0.267954697,2.52769709,0.128555034,0.000419975671,0.263183567,0.00477112974,0.0,0.846217,33.50623889,58.9917,16.7262,0.6008,27.83992224
thickness+bandgap.iv,37,16,1.247,,0.866,0.134849,33.0301717,2.98256598,36.3553405,0.278291832,2.57529404,0.128560126,0.000419976833,0.27325699,0.00503484249,0.0,0.846217,33.50623889,58.9917,16.7262,0.6008,27.83992224
thickness+bandgap.iv,37,17,1.247,,0.866,0.155252,32.9496642,3.04307333,36.3553405,0.289293461,2.62479471,0.128565177,0.000419978011,0.283977188,0.00531627264,0.0,0.846217,33.50623889,58.9917,16.7262,0.6008,27.83992224
thickness+bandgap.iv,37,18,1.247,,0.866,0.175668,32.8663864,3.10635092,36.3553405,0.301021443,2.67633931,0.128570186,0.000419979211,0.295404445,0.00561699784,0.0,0.846217,33.50623889,58.9917,16.7262,0.6008,27.83992224
thickness+bandgap.iv,37,19,1.247,,0.866,0.196099,32.7801115,3.17262528,36.3553405,0.3135461,2.73008405,0.128575152,0.000419980437,0.307607316,0.00593878399,0.0,0.846217,33.50623889,58.9917,16.7262,0.6008,27.83992224
thickness+bandgap.iv,37,20,1.247,,0.866,0.216547,32.6905847,3.24215186,36.3553405,0.326948092,2.78620372,0.128580072,0.000419981695,0.320664476,0.00628361519,0.0,0.846217,33.50623889,58.9917,16.7262,0.6008,27.83992224
thickness+bandgap.iv,37,21,1.247,,0.866,0.237012,32.5975155,3.31522091,36.3553405,0.341321023,2.84489495,0.128584947,0.000419982991,0.334667293,0.00665373016,0.0,0.846217,33.50623889,58.9917,16.7262,0.6008,27.83992224
thickness+bandgap.iv,37,22,1.247,,0.866,0.257497,32.5005703,3.39216537,36.3553405,0.356775249,2.90638036,0.128589775,0.000419984332,0.349723582,0.00705166721,0.0,0.846217,33.50623889,58.9917,16.7262,0.6008,27.83992224
thickness+bandgap.iv,37,23,1.247,,0.866,0.278003,32.3993628,3.47337209,36.3553405,0.373443604,2.97091394,0.128594555,0.000419985725,0.365963283,0.00748032089,0.0,0.846217,33.50623889,58.9917,16.7262,0.6008,27.83992224
thickness+bandgap.iv,37,24,1.247,,0.866,0.298533,32.2934364,3.55929817,36.3553405,0.391490345,3.03878856,0.128599286,0.000419987178,0.383547329,0.00794301557,0.0,0.846217,33.50623889,58.9917,16.7262,0.6008,27.83992224
thickness+bandgap.iv,37,25,1.247,,0.866,0.319089,32.1822383,3.65049606,36.3553405,0.411125358,3.11034675,0.128603968,0.000419988701,0.402681753,0.00844360511,0.0,0.846217,33.50623889,58.9917,16.7262,0.6008,27.83992224
thickness+bandgap.iv,37,26,1.247,,0.866,0.339675,32.0650808,3.74765299,36.3553405,0.432626979,3.18599742,0.128608602,0.000419990307,0.423640364,0.00898661493,0.0,0.846217,33.50623889,58.9917,16.7262,0.6008,27.83992224
thickness+bandgap.iv,37,27,1.247,,0.866,0.360295,31.9410776,3.85165501,36.3553405,0.456378607,3.26624322,0.128613185,0.00041999201,0.446801148,0.00957745845,0.0,0.846217,33.50623889,58.9917,16.7262,0.6008,27.83992224
thickness+bandgap.iv,37,28,1.247,,0.866,0.380955,31.8090396,3.96369303,36.3553405,0.482927116,3.3517282,0.128617719,0.00041999383,0.472704326,0.0102227903,0.0,0.846217,33.50623889,58.9917,16.7262,0.6008,27.83992224
thickness+bandgap.iv,37,29,1.247,,0.866,0.401664,31.6672891,4.08544233,36.3553405,0.513075419,3.44332471,0.128622205,0.000419995794,0.502144296,0.0109311226,0.0,0.846217,33.50623889,58.9917,16.7262,0.6008,27.83992224
thickness+bandgap.iv,37,30,1.247,,0.866,0.422433,31.5133573,4.2193736,36.3553405,0.548028951,3.54229801,0.128626642,0.000419997943,0.536314988,0.0117139629,0.0,0.846217,33.50623889,58.9917,16.7262,0.6008,27.83992224
thickness+bandgap.iv,37,31,1.247,,0.866,0.443283,31.3434236,4.36930602,36.3553405,0.589629348,3.65062564,0.128631034,0.000420000337,0.577041342,0.0125880066,0.0,0.846217,33.50623889,58.9917,16.7262,0.6008,27.83992224
thickness+bandgap.iv,37,32,1.247,,0.866,0.464243,31.1513127,4.54141598,36.3553405,0.640733227,3.77162737,0.128635384,0.000420003075,0.627153743,0.0135794835,0.0,0.846217,33.50623889,58.9917,16.7262,0.6008,27.83992224
thickness+bandgap.iv,37,33,1.247,,0.866,0.485367,30.9266121,4.74611524,36.3553405,0.705837788,3.91121775,0.128639697,0.000420006323,0.691104864,0.0147329242,0.0,0.846217,33.50623889,58.9917,16.7262,0.6008,27.83992224
thickness+bandgap.iv,37,34,1.247,,0.866,0.506744,30.6511367,5.00159121,36.3553405,0.792128778,4.08039844,0.128643985,0.000420010371,0.775999835,0.0161289435,0.0,0.846217,33.50623889,58.9917,16.7262,0.6008,27.83992224
thickness+bandgap.iv,37,35,1.247,,0.866,0.528539,30.2922382,5.34048716,36.3553405,0.911240953,4.30017792,0.128648266,0.000420015744,0.893320813,0.0179201391,0.0,0.846217,33.50623889,58.9917,16.7262,0.6008,27.83992224
thickness+bandgap.iv,37,36,1.247,,0.866,0.551048,29.7904113,5.82231363,36.3553405,1.08216487,4.61107616,0.128652577,0.00042002341,1.06176277,0.0204021023,0.0,0.846217,33.50623889,58.9917,16.7262,0.6008,27.83992224
thickness+bandgap.iv,37,37,1.247,,0.866,0.574814,29.0372116,6.55551168,36.3553405,1.33578159,5.09065306,0.128656985,0.000420035163,1.31163415,0.024147448,0.0,0.846217,33.50623889,58.9917,16.7262,0.6008,27.83992224
thickness+bandgap.iv,37,38,1.247,,0.866,0.6008,27.8399222,7.7327985,36.3553405,1.72094062,5.88277621,0.128661612,0.000420054305,1.69070638,0.0302342379,0.0,0.846217,33.50623889,58.9917,16.7262,0.6008,27.83992224
thickness+bandgap.iv,37,39,1.247,,0.866,0.63061,25.8780629,9.67465185,36.3553405,2.30934031,7.23622478,0.128666666,0.000420086693,2.26878958,0.0405507382,0.0,0.846217,33.50623889,58.9917,16.7262,0.6008,27.83992224
thickness+bandgap.iv,37,40,1.247,,0.866,0.666554,22.6892204,12.8434879,36.3553405,3.18943937,9.52495591,0.12867247,0.000420141947,3.13149433,0.0579450457,0.0,0.846217,33.50623889,58.9917,16.7262,0.6008,27.83992224
thickness+bandgap.iv,37,41,1.247,,0.866,0.7111,17.7799277,17.7328149,36.3553405,4.43115199,13.1725633,0.128679411,0.000420233919,4.34558731,0.0855646878,0.0,0.846217,33.50623889,58.9917,16.7262,0.6008,27.83992224
thickness+bandgap.iv,37,42,1.247,,0.866,0.76528,10.9440134,24.548593,36.3553405,6.01626952,18.4032154,0.128687713,0.000420378705,5.89156223,0.124707293,0.0,0.846217,33.50623889,58.9917,16.7262,0.6008,27.83992224
thickness+bandgap.iv,37,43,1.247,,0.866,0.826762,2.64759831,32.8254587,36.3553405,7.78609503,24.9102458,0.128697261,0.000420591036,7.61372068,0.17237435,0.0,0.846217,33.50623889,58.9917,16.7262,0.6008,27.83992224
thickness+bandgap.iv,37,44,1.247,,0.866,0.889962,-5.99242524,41.444431,36.3553405,9.48565741,31.8296456,0.128707153,0.000420880383,9.26452799,0.22112942,0.0,0.846217,33.50623889,58.9917,16.7262,0.6008,27.83992224
thickness+bandgap.iv,37,45,1.247,,0.866,0.948262,-13.6523485,49.0861747,36.3553405,10.8891055,38.0679316,0.128716346,0.000421250475,10.6255832,0.263522266,0.0,0.846217,33.50623889,58.9917,16.7262,0.6008,27.83992224
thickness+bandgap.iv,37,46,1.247,,0.866,0.997411,-19.4822165,54.8941487,36.3553405,11.8872004,42.8778031,0.12872353,0.000421692959,11.5928661,0.294334329,0.0,0.846217,33.50623889,58.9917,16.7262,0.6008,27.83992224
thickness+bandgap.iv,37,47,1.247,,0.866,1.036567,-23.31334,58.7059547,36.3553405,12.5164831,46.0603209,0.128728522,0.00042219585,12.2022071,0.314276011,0.0,0.846217,33.50623889,58.9917,16.7262,0.6008,27.83992224
thickness+bandgap.iv,37,48,1.247,,0.866,1.06783,-25.5659594,60.9377315,36.3553405,12.8688183,47.939759,0.12873144,0.000422734694,12.5433606,0.325457645,0.0,0.846217,33.50623889,58.9917,16.7262,0.6008,27.83992224
thickness+bandgap.iv,37,49,1.247,,0.866,1.094001,-26.8002092,62.1541998,36.3553405,13.0634528,48.9615905,0.128733153,0.000423286742,12.7315544,0.331898384,0.0,0.846217,33.50623889,58.9917,16.7262,0.6008,27.83992224
thickness+bandgap.iv,37,50,1.247,,0.866,1.117381,-27.4761088,62.8077036,36.3553405,13.1597189,49.5188269,0.128733973,0.000423845337,12.8249286,0.334790292,0.0,0.846217,33.50623889,58.9917,16.7262,0.6008,27.83992224
thickness+bandgap.iv,37,51,1.247,,0.866,1.139301,-27.8601025,63.1715493,36.3553405,13.2153719,49.8270185,0.128734467,0.000424403601,12.8788,0.336571884,0.0,0.846217,33.50623889,58.9917,16.7262,0.6008,27.83992224
thickness+bandgap.iv,37,52,1.247,,0.866,1.160493,-28.0986431,63.3923267,36.3553405,13.253947,50.0092199,0.128734838,0.000424953798,12.9159362,0.338010788,0.0,0.846217,33.50623889,58.9917,16.7262,0.6008,27.83992224
thickness+bandgap.iv,37,53,1.247,,0.866,1.181344,-28.2687968,63.5425206,36.3553405,13.2770393,50.1363207,0.128735046,0.000425489183,12.9382794,0.338759984,0.0,0.846217,33.50623889,58.9917,16.7262,0.6008,27.83992224
thickness+bandgap.iv,37,54,1.247,,0.866,1.202021,-28.4042519,63.6579924,36.3553405,13.2947366,50.2340945,0.128735206,0.000426022369,12.9554035,0.339333128,0.0,0.846217,33.50623889,58.9917,16.7262,0.6008,27.83992224
thickness+bandgap.iv,37,55,1.247,,0.866,1.222607,-28.5213915,63.7551409,36.3553405,13.3095981,50.3163809,0.12873534,0.00042654465,12.969784,0.339814136,0.0,0.846217,33.50623889,58.9917,16.7262,0.6008,27.83992224
thickness+bandgap.iv,37,56,1.247,,0.866,1.243141,-28.628255,63.8420099,36.3553405,13.3228683,50.3899791,0.128735461,0.000427060387,12.9826247,0.340243538,0.0,0.846217,33.50623889,58.9917,16.7262,0.6008,27.83992224
thickness+bandgap.iv,37,57,1.247,,0.866,1.263643,-28.7286384,63.9223973,36.3553405,13.3351342,50.4581,0.128735572,0.000427565269,12.9944937,0.340640436,0.0,0.846217,33.50623889,58.9917,16.7262,0.6008,27.83992224
thickness+bandgap.iv,37,58,1.247,,0.866,1.284121,-28.824223,63.9979851,36.3553405,13.3466565,50.5221648,0.128735677,0.000428059896,13.0056432,0.341013316,0.0,0.846217,33.50623889,58.9917,16.7262,0.6008,27.83992224
thickness+bandgap.iv,37,59,1.247,,0.866,1.304582,-28.9164577,64.0702225,36.3553405,13.3576579,50.5834002,0.128735777,0.000428548178,13.0162886,0.341369376,0.0,0.846217,33.50623889,58.9917,16.7262,0.6008,27.83992224
thickness+bandgap.iv,37,60,1.247,,0.866,1.325029,-29.0057157,64.139483,36.3553405,13.3681975,50.6421206,0.128735873,0.000429031598,13.0264869,0.341710555,0.0,0.846217,33.50623889,58.9917,16.7262,0.6008,27.83992224
thickness+bandgap.iv,37,61,1.247,,0.866,1.345461,-29.0922511,64.2060209,36.3553405,13.3783148,50.6985406,0.128735966,0.000429504805,13.0362767,0.342038131,0.0,0.846217,33.50623889,58.9917,16.7262,0.6008,27.83992224
thickness+bandgap.iv,38,1,1.296,,0.866,-0.161795,32.3589939,2.30114406,34.6999823,0.141467468,2.03061516,0.128467511,0.000593925093,0.140017636,0.00144983206,0.0,0.892492,31.9031986,60.5824,17.2498,0.646614,26.6771898
thickness+bandgap.iv,38,2,1.296,,0.866,-0.141528,32.305578,2.33455246,34.6999823,0.145167248,2.06031826,0.128473024,0.000593928311,0.143639285,0.00152796247,0.0,0.892492,31.9031986,60.5824,17.2498,0.646614,26.6771898
thickness+bandgap.iv,38,3,1.296,,0.866,-0.121256,32.2512049,2.36892517,34.6999823,0.14904389,2.09080883,0.128478523,0.000593931366,0.147433359,0.00161053131,0.0,0.892492,31.9031986,60.5824,17.2498,0.646614,26.6771898
thickness+bandgap.iv,38,4,1.296,,0.866,-0.100979,32.1958166,2.40431263,34.6999823,0.153108384,2.1221263,0.128484011,0.000593934276,0.151410547,0.00169783695,0.0,0.892492,31.9031986,60.5824,17.2498,0.646614,26.6771898
thickness+bandgap.iv,38,5,1.296,,0.866,-0.080697,32.1393617,2.44076667,34.6999823,0.157372927,2.15431032,0.128489487,0.000593937052,0.155582727,0.00179020019,0.0,0.892492,31.9031986,60.5824,17.2498,0.646614,26.6771898
thickness+bandgap.iv,38,6,1.296,,0.866,-0.060409,32.0817849,2.47834293,34.6999823,0.161850738,2.18740331,0.128494948,0.000593939707,0.15996277,0.00188796841,0.0,0.892492,31.9031986,60.5824,17.2498,0.646614,26.6771898
thickness+bandgap.iv,38,7,1.296,,0.866,-0.040115,32.0230257,2.51710122,34.6999823,0.166556162,2.22145073,0.128500392,0.00059394225,0.164564644,0.00199151829,0.0,0.892492,31.9031986,60.5824,17.2498,0.646614,26.6771898
thickness+bandgap.iv,38,8,1.296,,0.866,-0.019815,31.9630208,2.55710594,34.6999823,0.171504794,2.25650138,0.128505817,0.000593944693,0.169403535,0.00210125882,0.0,0.892492,31.9031986,60.5824,17.2498,0.646614,26.6771898
thickness+bandgap.iv,38,9,1.296,,0.866,0.000492,31.901699,2.59842652,34.6999823,0.176713621,2.29260774,0.128511221,0.000593947045,0.174495986,0.00221763472,0.0,0.892492,31.9031986,60.5824,17.2498,0.646614,26.6771898
thickness+bandgap.iv,38,10,1.296,,0.866,0.020805,31.8390009,2.64113434,34.6999823,0.182201883,2.32982192,0.128516594,0.000593949309,0.179860758,0.00234112542,0.0,0.892492,31.9031986,60.5824,17.2498,0.646614,26.6771898
thickness+bandgap.iv,38,11,1.296,,0.866,0.041126,31.7748173,2.68531791,34.6999823,0.187988571,2.36821344,0.12852195,0.000593951509,0.185516301,0.00247226973,0.0,0.892492,31.9031986,60.5824,17.2498,0.646614,26.6771898
thickness+bandgap.iv,38,12,1.296,,0.866,0.061455,31.7090729,2.73106194,34.6999823,0.194096558,2.40784415,0.128527279,0.000593953645,0.191484918,0.0026116405,0.0,0.892492,31.9031986,60.5824,17.2498,0.646614,26.6771898
thickness+bandgap.iv,38,13,1.296,,0.866,0.081792,31.6416724,2.77846248,34.6999823,0.200550321,2.44878562,0.128532579,0.000593955728,0.19779045,0.00275987096,0.0,0.892492,31.9031986,60.5824,17.2498,0.646614,26.6771898
thickness+bandgap.iv,38,14,1.296,,0.866,0.102137,31.5725104,2.82762431,34.6999823,0.207376845,2.49111566,0.128537848,0.000593957765,0.204459189,0.00291765646,0.0,0.892492,31.9031986,60.5824,17.2498,0.646614,26.6771898
thickness+bandgap.iv,38,15,1.296,,0.866,0.122493,31.5014724,2.8786621,34.6999823,0.214605968,2.53491908,0.128543085,0.000593959765,0.211520206,0.00308576223,0.0,0.892492,31.9031986,60.5824,17.2498,0.646614,26.6771898
thickness+bandgap.iv,38,16,1.296,,0.866,0.142858,31.4284326,2.93170164,34.6999823,0.222270784,2.5802886,0.128548287,0.000593961737,0.219005752,0.00326503255,0.0,0.892492,31.9031986,60.5824,17.2498,0.646614,26.6771898
thickness+bandgap.iv,38,17,1.296,,0.866,0.163234,31.3532527,2.9868814,34.6999823,0.230408125,2.62732586,0.128553452,0.000593963688,0.226951724,0.00345640121,0.0,0.892492,31.9031986,60.5824,17.2498,0.646614,26.6771898
thickness+bandgap.iv,38,18,1.296,,0.866,0.183621,31.2757796,3.0443543,34.6999823,0.239059137,2.67614261,0.12855858,0.000593965628,0.235398234,0.0036609038,0.0,0.892492,31.9031986,60.5824,17.2498,0.646614,26.6771898
thickness+bandgap.iv,38,19,1.296,,0.866,0.204021,31.1958439,3.10428979,34.6999823,0.248269993,2.72686217,0.128563667,0.000593967563,0.244390301,0.00387969201,0.0,0.892492,31.9031986,60.5824,17.2498,0.646614,26.6771898
thickness+bandgap.iv,38,20,1.296,,0.866,0.224434,31.1132572,3.16687645,34.6999823,0.258092777,2.77962099,0.128568713,0.000593969503,0.253978726,0.0041140505,0.0,0.892492,31.9031986,60.5824,17.2498,0.646614,26.6771898
thickness+bandgap.iv,38,21,1.296,,0.866,0.244861,31.027808,3.23232505,34.6999823,0.268586624,2.83457074,0.128573717,0.000593971457,0.264221207,0.00436541691,0.0,0.892492,31.9031986,60.5824,17.2498,0.646614,26.6771898
thickness+bandgap.iv,38,22,1.296,,0.866,0.265304,30.9392605,3.30087249,34.6999823,0.279819239,2.8918806,0.128578676,0.000593973434,0.275183833,0.00463540571,0.0,0.892492,31.9031986,60.5824,17.2498,0.646614,26.6771898
thickness+bandgap.iv,38,23,1.296,,0.866,0.285763,30.8473459,3.3727868,34.6999823,0.291868989,2.95174024,0.12858359,0.000593975442,0.286943152,0.00492583702,0.0,0.892492,31.9031986,60.5824,17.2498,0.646614,26.6771898
thickness+bandgap.iv,38,24,1.296,,0.866,0.306241,30.7517586,3.44837387,34.6999823,0.304827925,3.01436351,0.128588458,0.000593977493,0.299589153,0.00523877201,0.0,0.892492,31.9031986,60.5824,17.2498,0.646614,26.6771898
thickness+bandgap.iv,38,25,1.296,,0.866,0.326739,30.652145,3.52798673,34.6999823,0.318806318,3.07999315,0.128593278,0.000593979598,0.313229761,0.00557655703,0.0,0.892492,31.9031986,60.5824,17.2498,0.646614,26.6771898
thickness+bandgap.iv,38,26,1.296,,0.866,0.34726,30.5480925,3.61203897,34.6999823,0.333939697,3.14890724,0.12859805,0.000593981768,0.327997816,0.00594188032,0.0,0.892492,31.9031986,60.5824,17.2498,0.646614,26.6771898
thickness+bandgap.iv,38,27,1.296,,0.866,0.367804,30.4391058,3.70102504,34.6999823,0.350400016,3.22142826,0.128602774,0.000593984018,0.344062169,0.00633784744,0.0,0.892492,31.9031986,60.5824,17.2498,0.646614,26.6771898
thickness+bandgap.iv,38,28,1.296,,0.866,0.388377,30.324579,3.7955518,34.6999823,0.368413614,3.29793676,0.128607447,0.000593986364,0.361645527,0.00676808694,0.0,0.892492,31.9031986,60.5824,17.2498,0.646614,26.6771898
thickness+bandgap.iv,38,29,1.296,,0.866,0.408981,30.2037405,3.89638928,34.6999823,0.388290084,3.37889314,0.128612072,0.000593988827,0.381053177,0.00723690729,0.0,0.892492,31.9031986,60.5824,17.2498,0.646614,26.6771898
thickness+bandgap.iv,38,30,1.296,,0.866,0.429622,30.0755755,4.004554,34.6999823,0.410468439,3.46487492,0.128616646,0.00059399143,0.402718892,0.007749547,0.0,0.892492,31.9031986,60.5824,17.2498,0.646614,26.6771898
thickness+bandgap.iv,38,31,1.296,,0.866,0.450307,29.93868,4.12144886,34.6999823,0.435590275,3.55664342,0.128621171,0.00059399421,0.427277674,0.00831260118,0.0,0.892492,31.9031986,60.5824,17.2498,0.646614,26.6771898
thickness+bandgap.iv,38,32,1.296,,0.866,0.471045,29.7910246,4.24910331,34.6999823,0.464615159,3.65526851,0.128625648,0.000593997214,0.455680364,0.00893479497,0.0,0.892492,31.9031986,60.5824,17.2498,0.646614,26.6771898
thickness+bandgap.iv,38,33,1.296,,0.866,0.491852,29.629531,4.39059613,34.6999823,0.499003216,3.76236884,0.128630077,0.000594000515,0.489374762,0.00962845377,0.0,0.892492,31.9031986,60.5824,17.2498,0.646614,26.6771898
thickness+bandgap.iv,38,34,1.296,,0.866,0.512753,29.4493077,4.55081968,34.6999823,0.541007753,3.88058346,0.128634462,0.000594004226,0.530595359,0.0104123933,0.0,0.892492,31.9031986,60.5824,17.2498,0.646614,26.6771898
thickness+bandgap.iv,38,35,1.296,,0.866,0.533789,29.242233,4.73789341,34.6999823,0.594152667,4.01450793,0.128638808,0.000594008537,0.582834947,0.0113177202,0.0,0.892492,31.9031986,60.5824,17.2498,0.646614,26.6771898
thickness+bandgap.iv,38,36,1.296,,0.866,0.555028,28.9943051,4.96581982,34.6999823,0.664023708,4.17255898,0.128643121,0.000594013771,0.651624121,0.0123995868,0.0,0.892492,31.9031986,60.5824,17.2498,0.646614,26.6771898
thickness+bandgap.iv,38,37,1.296,,0.866,0.576597,28.6806216,5.25950327,34.6999823,0.759589012,4.37067282,0.128647417,0.000594020509,0.745828016,0.0137609958,0.0,0.892492,31.9031986,60.5824,17.2498,0.646614,26.6771898
thickness+bandgap.iv,38,38,1.296,,0.866,0.59872,28.2559701,5.66415475,34.6999823,0.89538238,4.63952662,0.128651724,0.000594029809,0.879782037,0.0156003425,0.0,0.892492,31.9031986,60.5824,17.2498,0.646614,26.6771898
thickness+bandgap.iv,38,39,1.296,,0.866,0.621811,27.6377846,6.26237366,34.6999823,1.09497145,5.03815208,0.128656092,0.00059404363,1.07666834,0.0183031174,0.0,0.892492,31.9031986,60.5824,17.2498,0.646614,26.6771898
thickness+bandgap.iv,38,40,1.296,,0.866,0.646614,26.6771898,7.20296519,34.6999823,1.39591028,5.67780023,0.128660615,0.000594065597,1.37330437,0.0226059066,0.0,0.892492,31.9031986,60.5824,17.2498,0.646614,26.6771898
thickness+bandgap.iv,38,41,1.296,,0.866,0.674407,25.1186796,8.74147243,34.6999823,1.85489637,6.7573165,0.128665456,0.000594102225,1.82505282,0.0298435581,0.0,0.892492,31.9031986,60.5824,17.2498,0.646614,26.6771898
thickness+bandgap.iv,38,42,1.296,,0.866,0.707161,22.56776,11.2723866,34.6999823,2.5472887,8.59583284,0.128670883,0.000594164542,2.50511377,0.0421749354,0.0,0.892492,31.9031986,60.5824,17.2498,0.646614,26.6771898
thickness+bandgap.iv,38,43,1.296,,0.866,0.747318,18.5363632,15.2837838,34.6999823,3.54716412,11.6073481,0.128677256,0.000594269222,3.4847914,0.0623727202,0.0,0.892492,31.9031986,60.5824,17.2498,0.646614,26.6771898
thickness+bandgap.iv,38,44,1.296,,0.866,0.796656,12.6688802,21.1312416,34.6999823,4.87520537,16.1267569,0.128684883,0.00059443725,4.7827139,0.0924914699,0.0,0.892492,31.9031986,60.5824,17.2498,0.646614,26.6771898
thickness+bandgap.iv,38,45,1.296,,0.866,0.854386,5.12280332,28.6574757,34.6999823,6.43853589,22.0896513,0.128693821,0.00059468941,6.30694368,0.131592206,0.0,0.892492,31.9031986,60.5824,17.2498,0.646614,26.6771898
thickness+bandgap.iv,38,46,1.296,,0.866,0.916265,-3.25292801,37.0128076,34.6999823,8.03271742,28.8507916,0.128703488,0.000595039582,7.85812765,0.17458977,0.0,0.892492,31.9031986,60.5824,17.2498,0.646614,26.6771898
thickness+bandgap.iv,38,47,1.296,,0.866,0.97597,-11.1939527,44.9346847,34.6999823,9.43222479,35.3731515,0.128712915,0.000595495963,9.21763155,0.214593232,0.0,0.892492,31.9031986,60.5824,17.2498,0.646614,26.6771898
thickness+bandgap.iv,38,48,1.296,,0.866,1.0282,-17.6399212,51.3610643,34.6999823,10.4932037,40.7385436,0.128720857,0.000596052402,10.2471354,0.246068288,0.0,0.892492,31.9031986,60.5824,17.2498,0.646614,26.6771898
thickness+bandgap.iv,38,49,1.296,,0.866,1.070733,-22.1466551,55.8459832,34.6999823,11.1919401,44.5247199,0.128726553,0.000596695917,10.9248263,0.267113761,0.0,0.892492,31.9031986,60.5824,17.2498,0.646614,26.6771898
thickness+bandgap.iv,38,50,1.296,,0.866,1.104543,-24.9086076,58.5898562,34.6999823,11.6086838,46.8518448,0.128730248,0.000597398839,11.3285905,0.280093237,0.0,0.892492,31.9031986,60.5824,17.2498,0.646614,26.6771898
thickness+bandgap.iv,38,51,1.296,,0.866,1.132319,-26.463821,60.1250109,34.6999823,11.8347473,48.1609332,0.128732317,0.000598127896,11.5476551,0.287092154,0.0,0.892492,31.9031986,60.5824,17.2498,0.646614,26.6771898
thickness+bandgap.iv,38,52,1.296,,0.866,1.15656,-27.3120071,60.9512276,34.6999823,11.9509518,48.8709435,0.128733378,0.000598873353,11.6604153,0.290536489,0.0,0.892492,31.9031986,60.5824,17.2498,0.646614,26.6771898
thickness+bandgap.iv,38,53,1.296,,0.866,1.178917,-27.7834932,61.402555,34.6999823,12.0157234,49.257498,0.128733992,0.00059961735,11.7231824,0.292541008,0.0,0.892492,31.9031986,60.5824,17.2498,0.646614,26.6771898
thickness+bandgap.iv,38,54,1.296,,0.866,1.200337,-28.0674491,61.6664238,34.6999823,12.053441,49.4836481,0.128734353,0.000600355487,11.759731,0.293710019,0.0,0.892492,31.9031986,60.5824,17.2498,0.646614,26.6771898
thickness+bandgap.iv,38,55,1.296,,0.866,1.221286,-28.2572037,61.8382072,34.6999823,12.0822746,49.6265969,0.128734657,0.000601078759,11.7874895,0.294785107,0.0,0.892492,31.9031986,60.5824,17.2498,0.646614,26.6771898
thickness+bandgap.iv,38,56,1.296,,0.866,1.242015,-28.4030516,61.9640775,34.6999823,12.1003485,49.7343924,0.128734832,0.000601786166,11.804997,0.295351545,0.0,0.892492,31.9031986,60.5824,17.2498,0.646614,26.6771898
thickness+bandgap.iv,38,57,1.296,,0.866,1.26263,-28.5259393,62.0669744,34.6999823,12.1150853,49.8225517,0.128734975,0.000602488662,11.8192725,0.295812765,0.0,0.892492,31.9031986,60.5824,17.2498,0.646614,26.6771898
thickness+bandgap.iv,38,58,1.296,,0.866,1.283181,-28.6361102,62.1571504,34.6999823,12.1279805,49.8998316,0.1287351,0.000603176782,11.8317643,0.296216211,0.0,0.892492,31.9031986,60.5824,17.2498,0.646614,26.6771898
thickness+bandgap.iv,38,59,1.296,,0.866,1.303693,-28.7386613,62.2397049,34.6999823,12.1397718,49.970594,0.128735214,0.000603852911,11.8431867,0.296585105,0.0,0.892492,31.9031986,60.5824,17.2498,0.646614,26.6771898
thickness+bandgap.iv,38,60,1.296,,0.866,1.324181,-28.8361136,62.3171597,34.6999823,12.1508233,50.0369965,0.128735322,0.000604521651,11.8538925,0.296930887,0.0,0.892492,31.9031986,60.5824,17.2498,0.646614,26.6771898
thickness+bandgap.iv,38,61,1.296,,0.866,1.344647,-28.9293955,62.3904439,34.6999823,12.1612704,50.0998329,0.128735424,0.000605172605,11.8640126,0.297257815,0.0,0.892492,31.9031986,60.5824,17.2498,0.646614,26.6771898
thickness+bandgap.iv,39,1,1.347,,0.866,-0.154203,30.8405083,2.36993463,33.2469784,0.124821807,2.11582121,0.128454542,0.000837069073,0.123863967,0.000957840476,0.0,0.939874,30.41731899,61.7785,17.6615,0.692476,25.50488073
thickness+bandgap.iv,39,2,1.347,,0.866,-0.13394,30.7879496,2.4024883,33.2469784,0.127787758,2.1454034,0.128460068,0.000837077091,0.126774103,0.00101365482,0.0,0.939874,30.41731899,61.7785,17.6615,0.692476,25.50488073
thickness+bandgap.iv,39,3,1.347,,0.866,-0.113673,30.7345431,2.43589451,33.2469784,0.130890867,2.17570097,0.128465587,0.000837084616,0.129818156,0.00107271106,0.0,0.939874,30.41731899,61.7785,17.6615,0.692476,25.50488073
thickness+bandgap.iv,39,4,1.347,,0.866,-0.093401,30.6802393,2.47019725,33.2469784,0.1341393,2.20674975,0.128471102,0.000837091708,0.133004064,0.00113523668,0.0,0.939874,30.41731899,61.7785,17.6615,0.692476,25.50488073
thickness+bandgap.iv,39,5,1.347,,0.866,-0.073125,30.6249966,2.50544012,33.2469784,0.137542136,2.23858427,0.12847661,0.000837098399,0.136340672,0.00120146377,0.0,0.939874,30.41731899,61.7785,17.6615,0.692476,25.50488073
thickness+bandgap.iv,39,6,1.347,,0.866,-0.052844,30.5687666,2.54166975,33.2469784,0.141109188,2.27124135,0.128482108,0.00083710472,0.139837545,0.00127164331,0.0,0.939874,30.41731899,61.7785,17.6615,0.692476,25.50488073
thickness+bandgap.iv,39,7,1.347,,0.866,-0.032558,30.5115001,2.57893609,33.2469784,0.144851077,2.3047603,0.128487596,0.000837110699,0.14350503,0.00134604701,0.0,0.939874,30.41731899,61.7785,17.6615,0.692476,25.50488073
thickness+bandgap.iv,39,8,1.347,,0.866,-0.012266,30.4531424,2.61729267,33.2469784,0.148779315,2.33918317,0.128493071,0.000837116362,0.147354346,0.00142496931,0.0,0.939874,30.41731899,61.7785,17.6615,0.692476,25.50488073
thickness+bandgap.iv,39,9,1.347,,0.866,0.008032,30.3936374,2.65679699,33.2469784,0.152906399,2.37455494,0.128498531,0.000837121735,0.15139767,0.00150872971,0.0,0.939874,30.41731899,61.7785,17.6615,0.692476,25.50488073
thickness+bandgap.iv,39,10,1.347,,0.866,0.028335,30.3329232,2.69751088,33.2469784,0.157245921,2.41092386,0.128503975,0.000837126843,0.155648246,0.00159767535,0.0,0.939874,30.41731899,61.7785,17.6615,0.692476,25.50488073
thickness+bandgap.iv,39,11,1.347,,0.866,0.048645,30.2709333,2.73950094,33.2469784,0.161812689,2.44834172,0.128509399,0.000837131707,0.160120505,0.0016921839,0.0,0.939874,30.41731899,61.7785,17.6615,0.692476,25.50488073
thickness+bandgap.iv,39,12,1.347,,0.866,0.068962,30.207593,2.78283903,33.2469784,0.166622864,2.48686423,0.128514801,0.000837136351,0.164830197,0.00179266695,0.0,0.939874,30.41731899,61.7785,17.6615,0.692476,25.50488073
thickness+bandgap.iv,39,13,1.347,,0.866,0.089286,30.1428298,2.82760288,33.2469784,0.171694124,2.52655143,0.128520181,0.000837140794,0.169794551,0.00189957366,0.0,0.939874,30.41731899,61.7785,17.6615,0.692476,25.50488073
thickness+bandgap.iv,39,14,1.347,,0.866,0.109617,30.0765553,2.87387667,33.2469784,0.177045848,2.56746814,0.128525535,0.000837145058,0.175032453,0.00201339514,0.0,0.939874,30.41731899,61.7785,17.6615,0.692476,25.50488073
thickness+bandgap.iv,39,15,1.347,,0.866,0.129957,30.0086786,2.92175182,33.2469784,0.182699324,2.60968448,0.128530862,0.00083714916,0.180564654,0.00213466928,0.0,0.939874,30.41731899,61.7785,17.6615,0.692476,25.50488073
thickness+bandgap.iv,39,16,1.347,,0.866,0.150304,29.9391184,2.97131998,33.2469784,0.188679011,2.65326767,0.12853615,0.000837153072,0.18641508,0.00226393098,0.0,0.939874,30.41731899,61.7785,17.6615,0.692476,25.50488073
thickness+bandgap.iv,39,17,1.347,,0.866,0.170661,29.867733,3.02270524,33.2469784,0.195008893,2.69831778,0.128541415,0.000837156907,0.192606956,0.00240193696,0.0,0.939874,30.41731899,61.7785,17.6615,0.692476,25.50488073
thickness+bandgap.iv,39,18,1.347,,0.866,0.191028,29.7944194,3.07601876,33.2469784,0.20171856,2.74491639,0.128546647,0.000837160635,0.19916921,0.0025493504,0.0,0.939874,30.41731899,61.7785,17.6615,0.692476,25.50488073
thickness+bandgap.iv,39,19,1.347,,0.866,0.211405,29.7190471,3.13139089,33.2469784,0.208839886,2.793162,0.128551844,0.000837164272,0.206132924,0.00270696178,0.0,0.939874,30.41731899,61.7785,17.6615,0.692476,25.50488073
thickness+bandgap.iv,39,20,1.347,,0.866,0.231793,29.6414728,3.18896515,33.2469784,0.216408419,2.84316256,0.128557003,0.000837167835,0.213532772,0.00287564654,0.0,0.939874,30.41731899,61.7785,17.6615,0.692476,25.50488073
thickness+bandgap.iv,39,21,1.347,,0.866,0.252192,29.5615376,3.24890004,33.2469784,0.224463978,2.89503676,0.128562124,0.000837171341,0.221407602,0.00305637697,0.0,0.939874,30.41731899,61.7785,17.6615,0.692476,25.50488073
thickness+bandgap.iv,39,22,1.347,,0.866,0.272605,29.4790662,3.31137134,33.2469784,0.233051391,2.94891557,0.128567205,0.000837174805,0.229801155,0.00325023596,0.0,0.939874,30.41731899,61.7785,17.6615,0.692476,25.50488073
thickness+bandgap.iv,39,23,1.347,,0.866,0.293031,29.3938624,3.37657483,33.2469784,0.242221431,3.00494398,0.128572244,0.000837178245,0.238762997,0.0034584334,0.0,0.939874,30.41731899,61.7785,17.6615,0.692476,25.50488073
thickness+bandgap.iv,39,24,1.347,,0.866,0.313471,29.3057074,3.44472966,33.2469784,0.252032067,3.06328317,0.128577239,0.000837181677,0.248349741,0.00368232571,0.0,0.939874,30.41731899,61.7785,17.6615,0.692476,25.50488073
thickness+bandgap.iv,39,25,1.347,,0.866,0.333928,29.214354,3.51608272,33.2469784,0.262550161,3.12411319,0.12858219,0.000837185117,0.258626721,0.00392343932,0.0,0.939874,30.41731899,61.7785,17.6615,0.692476,25.50488073
thickness+bandgap.iv,39,26,1.347,,0.866,0.354402,29.1195223,3.59091431,33.2469784,0.273853899,3.18763613,0.128587095,0.000837188585,0.2696704,0.00418349926,0.0,0.939874,30.41731899,61.7785,17.6615,0.692476,25.50488073
thickness+bandgap.iv,39,27,1.347,,0.866,0.374896,29.0208904,3.66954593,33.2469784,0.286036414,3.25408037,0.128591954,0.000837192098,0.28157195,0.00446446466,0.0,0.939874,30.41731899,61.7785,17.6615,0.692476,25.50488073
thickness+bandgap.iv,39,28,1.347,,0.866,0.39541,28.9180847,3.75235136,33.2469784,0.299211371,3.32370603,0.128596764,0.000837195678,0.294442797,0.00476857368,0.0,0.939874,30.41731899,61.7785,17.6615,0.692476,25.50488073
thickness+bandgap.iv,39,29,1.347,,0.866,0.415947,28.8106624,3.83977314,33.2469784,0.313521804,3.39681261,0.128601526,0.000837199345,0.308423401,0.00509840242,0.0,0.939874,30.41731899,61.7785,17.6615,0.692476,25.50488073
thickness+bandgap.iv,39,30,1.347,,0.866,0.43651,28.6980872,3.93234794,33.2469784,0.329154323,3.47375017,0.128606238,0.000837203126,0.323697377,0.00545694575,0.0,0.939874,30.41731899,61.7785,17.6615,0.692476,25.50488073
thickness+bandgap.iv,39,31,1.347,,0.866,0.457102,28.5796879,4.03074687,33.2469784,0.346361997,3.55493676,0.128610901,0.000837207051,0.340514263,0.00584773444,0.0,0.939874,30.41731899,61.7785,17.6615,0.692476,25.50488073
thickness+bandgap.iv,39,32,1.347,,0.866,0.477727,28.4545931,4.13584122,33.2469784,0.365501029,3.64088746,0.128615514,0.000837211156,0.359226012,0.00627501708,0.0,0.939874,30.41731899,61.7785,17.6615,0.692476,25.50488073
thickness+bandgap.iv,39,33,1.347,,0.866,0.498392,28.3216223,4.24881178,33.2469784,0.38708896,3.73226552,0.128620077,0.000837215491,0.380344897,0.00674406297,0.0,0.939874,30.41731899,61.7785,17.6615,0.692476,25.50488073
thickness+bandgap.iv,39,34,1.347,,0.866,0.519105,28.1790992,4.37133477,33.2469784,0.411896294,3.82997666,0.128624591,0.000837220122,0.404634594,0.00726169987,0.0,0.939874,30.41731899,61.7785,17.6615,0.692476,25.50488073
thickness+bandgap.iv,39,35,1.347,,0.866,0.539877,28.0245276,4.50590584,33.2469784,0.441090598,3.93534896,0.128629057,0.000837225147,0.433253277,0.00783732092,0.0,0.939874,30.41731899,61.7785,17.6615,0.692476,25.50488073
thickness+bandgap.iv,39,36,1.347,,0.866,0.56073,27.8540127,4.65641974,33.2469784,0.47646513,4.05048391,0.128633477,0.000837230714,0.467980287,0.00848484295,0.0,0.939874,30.41731899,61.7785,17.6615,0.692476,25.50488073
thickness+bandgap.iv,39,37,1.347,,0.866,0.581694,27.6611987,4.82923348,33.2469784,0.520807453,4.17895094,0.128637853,0.000837237067,0.511580842,0.00922661148,0.0,0.939874,30.41731899,61.7785,17.6615,0.692476,25.50488073
thickness+bandgap.iv,39,38,1.347,,0.866,0.602824,27.4352784,5.03515274,33.2469784,0.578503548,4.32716975,0.128642193,0.000837244616,0.568402257,0.0101012909,0.0,0.939874,30.41731899,61.7785,17.6615,0.692476,25.50488073
thickness+bandgap.iv,39,39,1.347,,0.866,0.624214,27.157253,5.29317784,33.2469784,0.656537387,4.50715669,0.128646507,0.000837254078,0.645357539,0.0111798484,0.0,0.939874,30.41731899,61.7785,17.6615,0.692476,25.50488073
thickness+bandgap.iv,39,40,1.347,,0.866,0.646036,26.7928852,5.63754409,33.2469784,0.766137593,4.74191841,0.128650816,0.000837266754,0.753539958,0.0125976347,0.0,0.939874,30.41731899,61.7785,17.6615,0.692476,25.50488073
thickness+bandgap.iv,39,41,1.347,,0.866,0.668601,26.2797694,6.13065895,33.2469784,0.925411257,5.07575525,0.128655157,0.000837285028,0.910794202,0.0146170548,0.0,0.939874,30.41731899,61.7785,17.6615,0.692476,25.50488073
thickness+bandgap.iv,39,42,1.347,,0.866,0.692476,25.5048807,6.8855452,33.2469784,1.16322478,5.5928235,0.128659599,0.000837313285,1.14548186,0.0177429216,0.0,0.939874,30.41731899,61.7785,17.6615,0.692476,25.50488073
thickness+bandgap.iv,39,43,1.347,,0.866,0.718647,24.2705381,8.09988116,33.2469784,1.52377506,6.44660447,0.128664267,0.000837359429,1.50086619,0.022908877,0.0,0.939874,30.41731899,61.7785,17.6615,0.692476,25.50488073
thickness+bandgap.iv,39,44,1.347,,0.866,0.748707,22.2585397,10.091873,33.2469784,2.06841759,7.89394864,0.128669368,0.000837436964,2.03672383,0.0316937675,0.0,0.939874,30.41731899,61.7785,17.6615,0.692476,25.50488073
thickness+bandgap.iv,39,45,1.347,,0.866,0.784814,19.0371337,13.2932705,33.2469784,2.86534631,10.2984114,0.128675205,0.000837566704,2.81901737,0.0463289368,0.0,0.939874,30.41731899,61.7785,17.6615,0.692476,25.50488073
thickness+bandgap.iv,39,46,1.347,,0.866,0.829002,14.199621,18.1107938,33.2469784,3.95465773,14.0266162,0.128682106,0.0008377757,3.885679,0.0689787227,0.0,0.939874,30.41731899,61.7785,17.6615,0.692476,25.50488073
thickness+bandgap.iv,39,47,1.347,,0.866,0.881678,7.66434607,24.6259896,33.2469784,5.29596011,19.2005012,0.128690198,0.000838091179,5.19591691,0.100043196,0.0,0.939874,30.41731899,61.7785,17.6615,0.692476,25.50488073
thickness+bandgap.iv,39,48,1.347,,0.866,0.940266,-0.0532718701,32.3239626,33.2469784,6.74722933,25.4471954,0.128699295,0.000838532489,6.61048476,0.136744562,0.0,0.939874,30.41731899,61.7785,17.6615,0.692476,25.50488073
thickness+bandgap.iv,39,49,1.347,,0.866,0.999749,-7.9497157,40.1995966,33.2469784,8.1137391,31.9563099,0.128708546,0.000839108159,7.94016954,0.173569562,0.0,0.939874,30.41731899,61.7785,17.6615,0.692476,25.50488073
thickness+bandgap.iv,39,50,1.347,,0.866,1.05455,-14.9100044,47.1411333,33.2469784,9.23516527,37.7764112,0.128717047,0.000839816815,9.02978822,0.205377045,0.0,0.939874,30.41731899,61.7785,17.6615,0.692476,25.50488073
thickness+bandgap.iv,39,51,1.347,,0.866,1.101114,-20.2227681,52.4323288,33.2469784,10.0362485,42.266516,0.128723682,0.000840644664,9.80764204,0.228606414,0.0,0.939874,30.41731899,61.7785,17.6615,0.692476,25.50488073
thickness+bandgap.iv,39,52,1.347,,0.866,1.138715,-23.7430686,55.9326328,33.2469784,10.5437792,45.2592838,0.128728265,0.000841568191,10.3000993,0.24367985,0.0,0.939874,30.41731899,61.7785,17.6615,0.692476,25.50488073
thickness+bandgap.iv,39,53,1.347,,0.866,1.169144,-25.8288724,57.998201,33.2469784,10.833963,47.0346645,0.128731027,0.000842548257,10.5815935,0.252369466,0.0,0.939874,30.41731899,61.7785,17.6615,0.692476,25.50488073
thickness+bandgap.iv,39,54,1.347,,0.866,1.19492,-26.9839665,59.1336657,33.2469784,10.9915465,48.0125431,0.128732585,0.000843546539,10.7343899,0.257156607,0.0,0.939874,30.41731899,61.7785,17.6615,0.692476,25.50488073
thickness+bandgap.iv,39,55,1.347,,0.866,1.218094,-27.6187238,59.7482358,33.2469784,11.0752739,48.5433839,0.128733421,0.000844555502,10.8155984,0.259675543,0.0,0.939874,30.41731899,61.7785,17.6615,0.692476,25.50488073
thickness+bandgap.iv,39,56,1.347,,0.866,1.239922,-27.984376,60.0937863,33.2469784,11.1220861,48.8421208,0.128733893,0.000845561927,10.8609997,0.26108635,0.0,0.939874,30.41731899,61.7785,17.6615,0.692476,25.50488073
thickness+bandgap.iv,39,57,1.347,,0.866,1.261082,-28.2164624,60.3058209,33.2469784,11.1507334,49.0255067,0.128734185,0.000846552524,10.8887821,0.261951381,0.0,0.939874,30.41731899,61.7785,17.6615,0.692476,25.50488073
thickness+bandgap.iv,39,58,1.347,,0.866,1.281912,-28.3824126,60.4517453,33.2469784,11.1704245,49.151739,0.128734385,0.000847516364,10.9078773,0.262547139,0.0,0.939874,30.41731899,61.7785,17.6615,0.692476,25.50488073
thickness+bandgap.iv,39,59,1.347,,0.866,1.30257,-28.5139155,60.5650902,33.2469784,11.1894289,49.2460782,0.128734608,0.000848476909,10.9261497,0.263279206,0.0,0.939874,30.41731899,61.7785,17.6615,0.692476,25.50488073
thickness+bandgap.iv,39,60,1.347,,0.866,1.323149,-28.6298753,60.6610594,33.2469784,11.2024156,49.3290596,0.128734742,0.000849416956,10.9387409,0.2636747,0.0,0.939874,30.41731899,61.7785,17.6615,0.692476,25.50488073
thickness+bandgap.iv,39,61,1.347,,0.866,1.34368,-28.7359911,60.7471782,33.2469784,11.2140461,49.4035469,0.128734861,0.000850340409,10.9500176,0.264028531,0.0,0.939874,30.41731899,61.7785,17.6615,0.692476,25.50488073
thickness+bandgap.iv,40,1,1.4,,0.866,-0.145134,29.0268611,2.37209567,31.4322123,0.110695404,2.13177799,0.12844355,0.00117873061,0.110051608,0.000643795592,0.0,0.985626,28.64313603,62.4514,17.6309,0.741039,23.79215296
thickness+bandgap.iv,40,2,1.4,,0.866,-0.124879,28.9757916,2.40316509,31.4322123,0.113113137,2.16042414,0.128449064,0.00117874984,0.112428496,0.000684641291,0.0,0.985626,28.64313603,62.4514,17.6309,0.741039,23.79215296
thickness+bandgap.iv,40,3,1.4,,0.866,-0.10462,28.9239698,2.43498693,31.4322123,0.115640048,2.18971353,0.12845458,0.00117876786,0.114912103,0.000727944938,0.0,0.985626,28.64313603,62.4514,17.6309,0.741039,23.79215296
thickness+bandgap.iv,40,4,1.4,,0.866,-0.084357,28.8713603,2.46759653,31.4322123,0.118282567,2.21967508,0.128460097,0.00117878476,0.117508698,0.000773869126,0.0,0.985626,28.64313603,62.4514,17.6309,0.741039,23.79215296
thickness+bandgap.iv,40,5,1.4,,0.866,-0.06409,28.8179256,2.5010312,31.4322123,0.121047651,2.25033913,0.128465613,0.00117880061,0.120225063,0.000822587664,0.0,0.985626,28.64313603,62.4514,17.6309,0.741039,23.79215296
thickness+bandgap.iv,40,6,1.4,,0.866,-0.043818,28.7636261,2.53533066,31.4322123,0.123942803,2.28173791,0.128471126,0.0011788155,0.123068514,0.00087428825,0.0,0.985626,28.64313603,62.4514,17.6309,0.741039,23.79215296
thickness+bandgap.iv,40,7,1.4,,0.866,-0.023542,28.7084194,2.57053728,31.4322123,0.126976126,2.31390569,0.128476634,0.0011788295,0.126046953,0.000929173756,0.0,0.985626,28.64313603,62.4514,17.6309,0.741039,23.79215296
thickness+bandgap.iv,40,8,1.4,,0.866,-0.003261,28.652259,2.60669628,31.4322123,0.130156385,2.34687891,0.128482135,0.00117884267,0.129168922,0.000987463659,0.0,0.985626,28.64313603,62.4514,17.6309,0.741039,23.79215296
thickness+bandgap.iv,40,9,1.4,,0.866,0.017025,28.595099,2.64385599,31.4322123,0.133493068,2.38069644,0.128487627,0.00117885507,0.132443673,0.00104939564,0.0,0.985626,28.64313603,62.4514,17.6309,0.741039,23.79215296
thickness+bandgap.iv,40,10,1.4,,0.866,0.037316,28.5368869,2.68206813,31.4322123,0.136996465,2.41539969,0.128493108,0.00117886677,0.135881237,0.0011152274,0.0,0.985626,28.64313603,62.4514,17.6309,0.741039,23.79215296
thickness+bandgap.iv,40,11,1.4,,0.866,0.057612,28.4775669,2.72138814,31.4322123,0.140677748,2.45103294,0.128498576,0.00117887783,0.139492509,0.00118523861,0.0,0.985626,28.64313603,62.4514,17.6309,0.741039,23.79215296
thickness+bandgap.iv,40,12,1.4,,0.866,0.077915,28.4170795,2.76187551,31.4322123,0.144549072,2.48764352,0.128504027,0.00117888828,0.143289339,0.00125973326,0.0,0.985626,28.64313603,62.4514,17.6309,0.741039,23.79215296
thickness+bandgap.iv,40,13,1.4,,0.866,0.098223,28.3553608,2.80359423,31.4322123,0.148623682,2.52528218,0.128509462,0.00117889819,0.14728464,0.00133904219,0.0,0.985626,28.64313603,62.4514,17.6309,0.741039,23.79215296
thickness+bandgap.iv,40,14,1.4,,0.866,0.118538,28.2923418,2.84661322,31.4322123,0.152916037,2.5640034,0.128514876,0.0011789076,0.151492511,0.00142352597,0.0,0.985626,28.64313603,62.4514,17.6309,0.741039,23.79215296
thickness+bandgap.iv,40,15,1.4,,0.866,0.13886,28.2279481,2.89100692,31.4322123,0.157441954,2.60386579,0.128520268,0.00117891656,0.155928375,0.00151357827,0.0,0.985626,28.64313603,62.4514,17.6309,0.741039,23.79215296
thickness+bandgap.iv,40,16,1.4,,0.866,0.15919,28.1620992,2.93685584,31.4322123,0.162218773,2.64493251,0.128525636,0.00117892511,0.160609144,0.00160962956,0.0,0.985626,28.64313603,62.4514,17.6309,0.741039,23.79215296
thickness+bandgap.iv,40,17,1.4,,0.866,0.179526,28.0947077,2.98424728,31.4322123,0.167265551,2.68727182,0.128530978,0.00117893329,0.1655534,0.00171215144,0.0,0.985626,28.64313603,62.4514,17.6309,0.741039,23.79215296
thickness+bandgap.iv,40,18,1.4,,0.866,0.199872,28.0256789,3.03327614,31.4322123,0.172603278,2.73095763,0.128536291,0.00117894113,0.170781617,0.00182166156,0.0,0.985626,28.64313603,62.4514,17.6309,0.741039,23.79215296
thickness+bandgap.iv,40,19,1.4,,0.866,0.220225,27.9549092,3.08404586,31.4322123,0.178255138,2.7760702,0.128541574,0.00117894869,0.176316409,0.00193872928,0.0,0.985626,28.64313603,62.4514,17.6309,0.741039,23.79215296
thickness+bandgap.iv,40,20,1.4,,0.866,0.240589,27.8822856,3.13666945,31.4322123,0.184246809,2.82269686,0.128546824,0.00117895598,0.182182827,0.00206398221,0.0,0.985626,28.64313603,62.4514,17.6309,0.741039,23.79215296
thickness+bandgap.iv,40,21,1.4,,0.866,0.260962,27.8076843,3.19127076,31.4322123,0.190606825,2.87093293,0.12855204,0.00117896305,0.188408711,0.00219811372,0.0,0.985626,28.64313603,62.4514,17.6309,0.741039,23.79215296
thickness+bandgap.iv,40,22,1.4,,0.866,0.281345,27.730969,3.24798597,31.4322123,0.197367003,2.92088278,0.12855722,0.00117896994,0.195025111,0.00234189178,0.0,0.985626,28.64313603,62.4514,17.6309,0.741039,23.79215296
thickness+bandgap.iv,40,23,1.4,,0.866,0.30174,27.6519897,3.30696529,31.4322123,0.204562979,2.97266097,0.128562361,0.00117897666,0.20206681,0.0024961692,0.0,0.985626,28.64313603,62.4514,17.6309,0.741039,23.79215296
thickness+bandgap.iv,40,24,1.4,,0.866,0.322147,27.57058,3.36837505,31.4322123,0.212234865,3.02639374,0.128567463,0.00117898327,0.209572969,0.00266189567,0.0,0.985626,28.64313603,62.4514,17.6309,0.741039,23.79215296
thickness+bandgap.iv,40,25,1.4,,0.866,0.342567,27.4865548,3.43240025,31.4322123,0.220428098,3.08222064,0.128572523,0.00117898978,0.217587965,0.00284013202,0.0,0.985626,28.64313603,62.4514,17.6309,0.741039,23.79215296
thickness+bandgap.iv,40,26,1.4,,0.866,0.363001,27.3997073,3.49924768,31.4322123,0.22919456,3.14029658,0.12857754,0.00117899624,0.226162493,0.00303206717,0.0,0.985626,28.64313603,62.4514,17.6309,0.741039,23.79215296
thickness+bandgap.iv,40,27,1.4,,0.866,0.383451,27.3098051,3.56914993,31.4322123,0.238594119,3.20079429,0.128582513,0.00117900268,0.235355081,0.00323903847,0.0,0.985626,28.64313603,62.4514,17.6309,0.741039,23.79215296
thickness+bandgap.iv,40,28,1.4,,0.866,0.403917,27.2165844,3.64237063,31.4322123,0.248696838,3.26390735,0.128587441,0.00117900912,0.245234281,0.0034625565,0.0,0.985626,28.64313603,62.4514,17.6309,0.741039,23.79215296
thickness+bandgap.iv,40,29,1.4,,0.866,0.424401,27.1197433,3.71921164,31.4322123,0.259586277,3.32985403,0.128592321,0.00117901562,0.255881941,0.00370433564,0.0,0.985626,28.64313603,62.4514,17.6309,0.741039,23.79215296
thickness+bandgap.iv,40,30,1.4,,0.866,0.444905,27.0189315,3.80002326,31.4322123,0.271364624,3.39888246,0.128597154,0.0011790222,0.267398291,0.00396633279,0.0,0.985626,28.64313603,62.4514,17.6309,0.741039,23.79215296
thickness+bandgap.iv,40,31,1.4,,0.866,0.465431,26.9137351,3.88521937,31.4322123,0.284160829,3.47127757,0.128601938,0.0011790289,0.279910031,0.00425079795,0.0,0.985626,28.64313603,62.4514,17.6309,0.741039,23.79215296
thickness+bandgap.iv,40,32,1.4,,0.866,0.485982,26.8036534,3.97530086,31.4322123,0.298143695,3.54737146,0.128606672,0.00117903579,0.293583352,0.00456034333,0.0,0.985626,28.64313603,62.4514,17.6309,0.741039,23.79215296
thickness+bandgap.iv,40,33,1.4,,0.866,0.50656,26.6880614,4.07089269,31.4322123,0.313542977,3.62755931,0.128611357,0.00117904291,0.308644934,0.00489804329,0.0,0.985626,28.64313603,62.4514,17.6309,0.741039,23.79215296
thickness+bandgap.iv,40,34,1.4,,0.866,0.527169,26.5661496,4.17280423,31.4322123,0.330683161,3.71232603,0.128615991,0.00117905032,0.325415572,0.00526758906,0.0,0.985626,28.64313603,62.4514,17.6309,0.741039,23.79215296
thickness+bandgap.iv,40,35,1.4,,0.866,0.547816,26.436824,4.28212953,31.4322123,0.350036957,3.80229294,0.128620576,0.00117905813,0.344363411,0.0056735458,0.0,0.985626,28.64313603,62.4514,17.6309,0.741039,23.79215296
thickness+bandgap.iv,40,36,1.4,,0.866,0.568507,26.298536,4.40041726,31.4322123,0.372309217,3.89830387,0.12862511,0.00117906646,0.366187409,0.00612180824,0.0,0.985626,28.64313603,62.4514,17.6309,0.741039,23.79215296
thickness+bandgap.iv,40,37,1.4,,0.866,0.589255,26.148987,4.52996604,31.4322123,0.398568302,4.00158907,0.128629595,0.00117907549,0.391947849,0.00662045256,0.0,0.985626,28.64313603,62.4514,17.6309,0.741039,23.79215296
thickness+bandgap.iv,40,38,1.4,,0.866,0.610077,25.9846019,4.67435119,31.4322123,0.430453291,4.11408478,0.128634032,0.0011790855,0.423271901,0.0071813907,0.0,0.985626,28.64313603,62.4514,17.6309,0.741039,23.79215296
thickness+bandgap.iv,40,39,1.4,,0.866,0.631002,25.7995656,4.83938722,31.4322123,0.470505617,4.23906408,0.128638424,0.00117909695,0.462681954,0.00782366274,0.0,0.985626,28.64313603,62.4514,17.6309,0.741039,23.79215296
thickness+bandgap.iv,40,40,1.4,,0.866,0.65208,25.5840339,5.03491832,31.4322123,0.522707498,4.38238893,0.128642777,0.00117911059,0.514127429,0.00858006959,0.0,0.985626,28.64313603,62.4514,17.6309,0.741039,23.79215296
thickness+bandgap.iv,40,41,1.4,,0.866,0.673396,25.3207776,5.27817428,31.4322123,0.593361599,4.55498645,0.128647099,0.00117912774,0.58385105,0.00951054852,0.0,0.985626,28.64313603,62.4514,17.6309,0.741039,23.79215296
thickness+bandgap.iv,40,42,1.4,,0.866,0.695105,24.9789295,5.60002032,31.4322123,0.692513835,4.77767592,0.128651408,0.0011791508,0.681785018,0.0107288164,0.0,0.985626,28.64313603,62.4514,17.6309,0.741039,23.79215296
thickness+bandgap.iv,40,43,1.4,,0.866,0.717487,24.5026763,6.05626985,31.4322123,0.836164322,5.09027061,0.128655734,0.00117918404,0.823710577,0.0124537445,0.0,0.985626,28.64313603,62.4514,17.6309,0.741039,23.79215296
thickness+bandgap.iv,40,44,1.4,,0.866,0.741039,23.792153,6.74678584,31.4322123,1.04935848,5.56758799,0.128660135,0.00117923525,1.03425679,0.0151016943,0.0,0.985626,28.64313603,62.4514,17.6309,0.741039,23.79215296
thickness+bandgap.iv,40,45,1.4,,0.866,0.76662,22.6760248,7.84290441,31.4322123,1.36938704,6.34367334,0.128664711,0.00117931805,1.34995826,0.0194287809,0.0,0.985626,28.64313603,62.4514,17.6309,0.741039,23.79215296
thickness+bandgap.iv,40,46,1.4,,0.866,0.795566,20.8868421,9.61209417,31.4322123,1.84577967,7.63646542,0.128669625,0.00117945475,1.81910333,0.0266763392,0.0,0.985626,28.64313603,62.4514,17.6309,0.741039,23.79215296
thickness+bandgap.iv,40,47,1.4,,0.866,0.829608,18.0783122,12.4006279,31.4322123,2.52963585,9.74113726,0.128675102,0.00117967736,2.49111575,0.0385200984,0.0,0.985626,28.64313603,62.4514,17.6309,0.741039,23.79215296
thickness+bandgap.iv,40,48,1.4,,0.866,0.870274,13.9452678,16.5136557,31.4322123,3.44576351,12.9380308,0.128681368,0.00118002279,3.38928466,0.0564788565,0.0,0.985626,28.64313603,62.4514,17.6309,0.741039,23.79215296
thickness+bandgap.iv,40,49,1.4,,0.866,0.917807,8.43853177,22.0004199,31.4322123,4.55879271,17.3117582,0.128688511,0.00118052235,4.47800379,0.0807889163,0.0,0.985626,28.64313603,62.4514,17.6309,0.741039,23.79215296
thickness+bandgap.iv,40,50,1.4,,0.866,0.970479,1.90424587,28.5147645,31.4322123,5.76892779,22.6159591,0.128696396,0.00118118827,5.65928293,0.109644859,0.0,0.985626,28.64313603,62.4514,17.6309,0.741039,23.79215296
thickness+bandgap.iv,40,51,1.4,,0.866,1.025037,-5.00730057,35.4060857,31.4322123,6.94753364,28.3286655,0.128704565,0.00118201823,6.80783423,0.13969941,0.0,0.985626,28.64313603,62.4514,17.6309,0.741039,23.79215296
thickness+bandgap.iv,40,52,1.4,,0.866,1.077798,-11.5596553,41.9390176,31.4322123,7.98431067,33.8248115,0.128712475,0.00118299854,7.81675789,0.167552778,0.0,0.985626,28.64313603,62.4514,17.6309,0.741039,23.79215296
thickness+bandgap.iv,40,53,1.4,,0.866,1.125775,-17.154945,47.5145686,31.4322123,8.81138941,38.5732757,0.128719416,0.00118410828,8.62083441,0.190554997,0.0,0.985626,28.64313603,62.4514,17.6309,0.741039,23.79215296
thickness+bandgap.iv,40,54,1.4,,0.866,1.167169,-21.4338474,51.7730174,31.4322123,9.40835612,42.2347511,0.128724885,0.00118533238,9.20086651,0.207489614,0.0,0.985626,28.64313603,62.4514,17.6309,0.741039,23.79215296
thickness+bandgap.iv,40,55,1.4,,0.866,1.201739,-24.3478747,54.6677497,31.4322123,9.79798174,44.7398526,0.128728723,0.00118663949,9.57917964,0.218802099,0.0,0.985626,28.64313603,62.4514,17.6309,0.741039,23.79215296
thickness+bandgap.iv,40,56,1.4,,0.866,1.230682,-26.1363074,56.4360335,31.4322123,10.0287843,46.2773301,0.128731102,0.00118799035,9.80327345,0.225510864,0.0,0.985626,28.64313603,62.4514,17.6309,0.741039,23.79215296
thickness+bandgap.iv,40,57,1.4,,0.866,1.255805,-27.160991,57.43937,31.4322123,10.154866,47.1545822,0.128732418,0.00118937299,9.92578486,0.229081132,0.0,0.985626,28.64313603,62.4514,17.6309,0.741039,23.79215296
thickness+bandgap.iv,40,58,1.4,,0.866,1.278687,-27.7374302,57.9956713,31.4322123,10.2256808,47.6400666,0.128733178,0.00119075452,9.99453203,0.231148736,0.0,0.985626,28.64313603,62.4514,17.6309,0.741039,23.79215296
thickness+bandgap.iv,40,59,1.4,,0.866,1.300385,-28.0770686,58.3152483,31.4322123,10.2658387,47.9194838,0.128733617,0.00119212815,10.0335158,0.232322894,0.0,0.985626,28.64313603,62.4514,17.6309,0.741039,23.79215296
thickness+bandgap.iv,40,60,1.4,,0.866,1.321486,-28.2971594,58.5153081,31.4322123,10.2909028,48.0944779,0.128733893,0.00119347884,10.0578458,0.233056994,0.0,0.985626,28.64313603,62.4514,17.6309,0.741039,23.79215296
thickness+bandgap.iv,40,61,1.4,,0.866,1.342287,-28.4573383,58.6554719,31.4322123,10.3084344,48.2171086,0.128734086,0.00119479206,10.0748631,0.23357132,0.0,0.985626,28.64313603,62.4514,17.6309,0.741039,23.79215296
thickness+bandgap.iv,41,1,1.2,,1.14,-0.179952,35.9903042,2.38062302,38.4332978,0.358494434,1.89361677,0.128493196,1.86177861e-05,0.350322288,0.00817214644,0.0,0.802492,35.44888747,57.0792,16.2376,0.553254,29.34925278
thickness+bandgap.iv,41,2,1.2,,1.14,-0.159673,35.9346189,2.41630185,38.4332978,0.368641884,1.91914273,0.128498619,1.86178115e-05,0.360185174,0.00845671046,0.0,0.802492,35.44888747,57.0792,16.2376,0.553254,29.34925278
thickness+bandgap.iv,41,3,1.2,,1.14,-0.139389,35.8777457,2.45317411,38.4332978,0.37923029,1.94542119,0.128504015,1.86178375e-05,0.370476398,0.00875389188,0.0,0.802492,35.44888747,57.0792,16.2376,0.553254,29.34925278
thickness+bandgap.iv,41,4,1.2,,1.14,-0.119098,35.8196035,2.4913157,38.4332978,0.390288354,1.97249934,0.128509389,1.86178643e-05,0.381223741,0.00906461296,0.0,0.802492,35.44888747,57.0792,16.2376,0.553254,29.34925278
thickness+bandgap.iv,41,5,1.2,,1.14,-0.098801,35.760118,2.53080083,38.4332978,0.401846776,2.00042069,0.128514739,1.86178922e-05,0.39245702,0.00938975608,0.0,0.802492,35.44888747,57.0792,16.2376,0.553254,29.34925278
thickness+bandgap.iv,41,6,1.2,,1.14,-0.078496,35.6992074,2.57171009,38.4332978,0.413938989,2.02923242,0.128520063,1.8617921e-05,0.404208709,0.00973028033,0.0,0.802492,35.44888747,57.0792,16.2376,0.553254,29.34925278
thickness+bandgap.iv,41,7,1.2,,1.14,-0.058184,35.636786,2.61413117,38.4332978,0.426601464,2.05898573,0.128525359,1.86179509e-05,0.416514234,0.0100872296,0.0,0.802492,35.44888747,57.0792,16.2376,0.553254,29.34925278
thickness+bandgap.iv,41,8,1.2,,1.14,-0.037864,35.5727567,2.65815967,38.4332978,0.439874066,2.08973636,0.128530625,1.86179819e-05,0.429412324,0.0104617417,0.0,0.802492,35.44888747,57.0792,16.2376,0.553254,29.34925278
thickness+bandgap.iv,41,9,1.2,,1.14,-0.017535,35.5070349,2.703888,38.4332978,0.453800066,2.12153347,0.128535848,1.86180139e-05,0.442945204,0.0108548623,0.0,0.802492,35.44888747,57.0792,16.2376,0.553254,29.34925278
thickness+bandgap.iv,41,10,1.2,,1.14,0.002803,35.4394687,2.75145398,38.4332978,0.468428369,2.15446595,0.128541049,1.86180474e-05,0.457160033,0.0112683361,0.0,0.802492,35.44888747,57.0792,16.2376,0.553254,29.34925278
thickness+bandgap.iv,41,11,1.2,,1.14,0.02315,35.3699507,2.80097178,38.4332978,0.483811284,2.18859566,0.128546214,1.86180823e-05,0.472107818,0.0117034657,0.0,0.802492,35.44888747,57.0792,16.2376,0.553254,29.34925278
thickness+bandgap.iv,41,12,1.2,,1.14,0.043508,35.2983426,2.85257974,38.4332978,0.500007178,2.2240026,0.128551342,1.86181187e-05,0.487845288,0.0121618905,0.0,0.802492,35.44888747,57.0792,16.2376,0.553254,29.34925278
thickness+bandgap.iv,41,13,1.2,,1.14,0.063878,35.2244913,2.90643075,38.4332978,0.51708077,2.26077493,0.128556431,1.86181566e-05,0.504435353,0.0126454175,0.0,0.802492,35.44888747,57.0792,16.2376,0.553254,29.34925278
thickness+bandgap.iv,41,14,1.2,,1.14,0.084259,35.1482275,2.96269438,38.4332978,0.535104108,2.29901017,0.12856148,1.86181963e-05,0.521948064,0.0131560445,0.0,0.802492,35.44888747,57.0792,16.2376,0.553254,29.34925278
thickness+bandgap.iv,41,15,1.2,,1.14,0.104653,35.0693621,3.02155946,38.4332978,0.554157778,2.33881657,0.128566488,1.86182379e-05,0.540461791,0.0136959876,0.0,0.802492,35.44888747,57.0792,16.2376,0.553254,29.34925278
thickness+bandgap.iv,41,16,1.2,,1.14,0.125062,34.9876838,3.08323728,38.4332978,0.574332417,2.3803148,0.128571453,1.86182815e-05,0.560064704,0.014267713,0.0,0.802492,35.44888747,57.0792,16.2376,0.553254,29.34925278
thickness+bandgap.iv,41,17,1.2,,1.14,0.145485,34.9029552,3.14796558,38.4332978,0.595730663,2.42363993,0.128576373,1.86183272e-05,0.580856687,0.014873976,0.0,0.802492,35.44888747,57.0792,16.2376,0.553254,29.34925278
thickness+bandgap.iv,41,18,1.2,,1.14,0.165925,34.814907,3.21601364,38.4332978,0.618469757,2.46894402,0.128581248,1.86183753e-05,0.60295189,0.0155178674,0.0,0.802492,35.44888747,57.0792,16.2376,0.553254,29.34925278
thickness+bandgap.iv,41,19,1.2,,1.14,0.186384,34.7232311,3.28768903,38.4332978,0.642685136,2.5163992,0.128586077,1.86184261e-05,0.626482266,0.0162028699,0.0,0.802492,35.44888747,57.0792,16.2376,0.553254,29.34925278
thickness+bandgap.iv,41,20,1.2,,1.14,0.206862,34.627573,3.36334694,38.4332978,0.668535616,2.56620184,0.128590858,1.86184797e-05,0.651602688,0.0169329286,0.0,0.802492,35.44888747,57.0792,16.2376,0.553254,29.34925278
thickness+bandgap.iv,41,21,1.2,,1.14,0.227362,34.5275157,3.44340345,38.4332978,0.696211162,2.61857808,0.128595591,1.86185365e-05,0.678498622,0.0177125401,0.0,0.802492,35.44888747,57.0792,16.2376,0.553254,29.34925278
thickness+bandgap.iv,41,22,1.2,,1.14,0.247887,34.4225634,3.52835543,38.4332978,0.725944875,2.67379166,0.128600275,1.86185968e-05,0.707398006,0.0185468684,0.0,0.802492,35.44888747,57.0792,16.2376,0.553254,29.34925278
thickness+bandgap.iv,41,23,1.2,,1.14,0.268439,34.3121071,3.61881115,38.4332978,0.758031928,2.7321557,0.12860491,1.86186611e-05,0.738590023,0.019441905,0.0,0.802492,35.44888747,57.0792,16.2376,0.553254,29.34925278
thickness+bandgap.iv,41,24,1.2,,1.14,0.289023,34.1953791,3.71553936,38.4332978,0.792859769,2.79405147,0.128609496,1.86187299e-05,0.772455069,0.0204046999,0.0,0.802492,35.44888747,57.0792,16.2376,0.553254,29.34925278
thickness+bandgap.iv,41,25,1.2,,1.14,0.309643,34.0713685,3.81954921,38.4332978,0.830956396,2.85996017,0.128614033,1.8618804e-05,0.809512677,0.0214437195,0.0,0.802492,35.44888747,57.0792,16.2376,0.553254,29.34925278
thickness+bandgap.iv,41,26,1.2,,1.14,0.330307,33.9386927,3.93222395,38.4332978,0.873067342,2.93051947,0.12861852,1.86188844e-05,0.8504979,0.0225694426,0.0,0.802492,35.44888747,57.0792,16.2376,0.553254,29.34925278
thickness+bandgap.iv,41,27,1.2,,1.14,0.351023,33.7953675,4.05554866,38.4332978,0.920278308,3.00662877,0.128622959,1.86189725e-05,0.89648289,0.0237954172,0.0,0.802492,35.44888747,57.0792,16.2376,0.553254,29.34925278
thickness+bandgap.iv,41,28,1.2,,1.14,0.371808,33.638408,4.1925081,38.4332978,0.974211641,3.08965049,0.128627351,1.86190706e-05,0.949071403,0.0251402375,0.0,0.802492,35.44888747,57.0792,16.2376,0.553254,29.34925278
thickness+bandgap.iv,41,29,1.2,,1.14,0.392684,33.4631155,4.34779955,38.4332978,1.03734582,3.18180341,0.128631699,1.86191819e-05,1.01071443,0.0266313904,0.0,0.802492,35.44888747,57.0792,16.2376,0.553254,29.34925278
thickness+bandgap.iv,41,30,1.2,,1.14,0.413691,33.2617725,4.52914096,38.4332978,1.11354595,3.28694038,0.128636007,1.86193122e-05,1.08523303,0.028312927,0.0,0.802492,35.44888747,57.0792,16.2376,0.553254,29.34925278
thickness+bandgap.iv,41,31,1.2,,1.14,0.434894,33.0211988,4.7497148,38.4332978,1.20896302,3.41209288,0.128640282,1.86194711e-05,1.17870204,0.030260974,0.0,0.802492,35.44888747,57.0792,16.2376,0.553254,29.34925278
thickness+bandgap.iv,41,32,1.2,,1.14,0.456409,32.7181398,5.03277225,38.4332978,1.33357841,3.57053068,0.128644537,1.86196756e-05,1.30096323,0.0326151735,0.0,0.802492,35.44888747,57.0792,16.2376,0.553254,29.34925278
thickness+bandgap.iv,41,33,1.2,,1.14,0.478447,32.3106457,5.42026601,38.4332978,1.50385477,3.78774382,0.128648799,1.86199569e-05,1.46821299,0.0356417782,0.0,0.802492,35.44888747,57.0792,16.2376,0.553254,29.34925278
thickness+bandgap.iv,41,34,1.2,,1.14,0.501389,31.7222744,5.98863473,38.4332978,1.74717064,4.11279236,0.128653112,1.86203724e-05,1.70731394,0.0398566953,0.0,0.802492,35.44888747,57.0792,16.2376,0.553254,29.34925278
thickness+bandgap.iv,41,35,1.2,,1.14,0.525925,30.815017,6.8758901,38.4332978,2.10869801,4.6385159,0.128657561,1.86210282e-05,2.06244736,0.0462506479,0.0,0.802492,35.44888747,57.0792,16.2376,0.553254,29.34925278
thickness+bandgap.iv,41,36,1.2,,1.14,0.553254,29.3492528,8.32164956,38.4332978,2.66010206,5.53286658,0.128662296,1.86221172e-05,2.60345495,0.0566471093,0.0,0.802492,35.44888747,57.0792,16.2376,0.553254,29.34925278
thickness+bandgap.iv,41,37,1.2,,1.14,0.585274,26.9451688,10.705726,38.4332978,3.50431078,7.07272905,0.128667567,1.86239716e-05,3.43021604,0.0740947399,0.0,0.802492,35.44888747,57.0792,16.2376,0.553254,29.34925278
thickness+bandgap.iv,41,38,1.2,,1.14,0.62448,23.104025,14.5268688,38.4332978,4.75918697,9.63898948,0.128673726,1.86271109e-05,4.65639518,0.102791792,0.0,0.802492,35.44888747,57.0792,16.2376,0.553254,29.34925278
thickness+bandgap.iv,41,39,1.2,,1.14,0.673024,17.3951882,20.2157949,38.4332978,6.4960354,13.5910597,0.128681147,1.86322326e-05,6.34950199,0.146533407,0.0,0.802492,35.44888747,57.0792,16.2376,0.553254,29.34925278
thickness+bandgap.iv,41,40,1.2,,1.14,0.730916,9.81673805,27.773877,38.4332978,8.64553535,18.9996331,0.12868991,1.86400675e-05,8.44022068,0.205314669,0.0,0.802492,35.44888747,57.0792,16.2376,0.553254,29.34925278
thickness+bandgap.iv,41,41,1.2,,1.14,0.794585,1.08292095,36.4877272,38.4332978,10.9590922,25.3999166,0.128699739,1.86512497e-05,10.6860828,0.273009471,0.0,0.802492,35.44888747,57.0792,16.2376,0.553254,29.34925278
thickness+bandgap.iv,41,42,1.2,,1.14,0.857877,-7.57536784,45.127022,38.4332978,13.104486,31.8938076,0.128709697,1.86662009e-05,12.7653438,0.339142225,0.0,0.802492,35.44888747,57.0792,16.2376,0.553254,29.34925278
thickness+bandgap.iv,41,43,1.2,,1.14,0.914803,-14.9605807,52.490275,38.4332978,14.8171135,37.5444244,0.128718451,1.8684915e-05,14.4235827,0.393530858,0.0,0.802492,35.44888747,57.0792,16.2376,0.553254,29.34925278
thickness+bandgap.iv,41,44,1.2,,1.14,0.961847,-20.369486,57.8816499,38.4332978,16.0116472,41.7412587,0.128725285,1.87071841e-05,15.578859,0.432788176,0.0,0.802492,35.44888747,57.0792,16.2376,0.553254,29.34925278
thickness+bandgap.iv,41,45,1.2,,1.14,0.999182,-23.836356,61.3283466,38.4332978,16.7421297,44.4574684,0.128729761,1.87321427e-05,16.2851928,0.456936865,0.0,0.802492,35.44888747,57.0792,16.2376,0.553254,29.34925278
thickness+bandgap.iv,41,46,1.2,,1.14,1.029194,-25.8387089,63.3083124,38.4332978,17.1456826,46.0338787,0.128732339,1.87586584e-05,16.6755668,0.470115765,0.0,0.802492,35.44888747,57.0792,16.2376,0.553254,29.34925278
thickness+bandgap.iv,41,47,1.2,,1.14,1.054649,-26.9297199,64.3794371,38.4332978,17.3652985,46.885386,0.128733811,1.87856636e-05,16.8878255,0.477473054,0.0,0.802492,35.44888747,57.0792,16.2376,0.553254,29.34925278
thickness+bandgap.iv,41,48,1.2,,1.14,1.077635,-27.5270769,64.9566941,38.4332978,17.479238,47.3487027,0.128734573,1.88129633e-05,16.9979467,0.481291295,0.0,0.802492,35.44888747,57.0792,16.2376,0.553254,29.34925278
thickness+bandgap.iv,41,49,1.2,,1.14,1.099353,-27.870592,65.2826478,38.4332978,17.5507156,47.6031783,0.128735084,1.88402007e-05,17.0667434,0.483972134,0.0,0.802492,35.44888747,57.0792,16.2376,0.553254,29.34925278
thickness+bandgap.iv,41,50,1.2,,1.14,1.120463,-28.0925997,65.4848703,38.4332978,17.5917524,47.7643637,0.128735368,1.88670004e-05,17.1063765,0.485375869,0.0,0.802492,35.44888747,57.0792,16.2376,0.553254,29.34925278
thickness+bandgap.iv,41,51,1.2,,1.14,1.14128,-28.2559781,65.6258455,38.4332978,17.6132883,47.8838029,0.128735493,1.88930691e-05,17.1274631,0.485825201,0.0,0.802492,35.44888747,57.0792,16.2376,0.553254,29.34925278
thickness+bandgap.iv,41,52,1.2,,1.14,1.161934,-28.3867134,65.7366158,38.4332978,17.635434,47.9724272,0.128735646,1.89190539e-05,17.14886,0.486573991,0.0,0.802492,35.44888747,57.0792,16.2376,0.553254,29.34925278
thickness+bandgap.iv,41,53,1.2,,1.14,1.182507,-28.5013037,65.831201,38.4332978,17.6542275,48.0482188,0.128735777,1.89445126e-05,17.1670219,0.4872056,0.0,0.802492,35.44888747,57.0792,16.2376,0.553254,29.34925278
thickness+bandgap.iv,41,54,1.2,,1.14,1.203033,-28.6065926,65.9164919,38.4332978,17.6711752,48.1165619,0.128735894,1.89695323e-05,17.1833991,0.487776072,0.0,0.802492,35.44888747,57.0792,16.2376,0.553254,29.34925278
thickness+bandgap.iv,41,55,1.2,,1.14,1.22353,-28.705974,65.995878,38.4332978,17.6869429,48.1801801,0.128736004,1.89942808e-05,17.1986357,0.488307264,0.0,0.802492,35.44888747,57.0792,16.2376,0.553254,29.34925278
thickness+bandgap.iv,41,56,1.2,,1.14,1.244004,-28.8007646,66.0706739,38.4332978,17.7017888,48.24013,0.128736107,1.90184032e-05,17.2129812,0.488807592,0.0,0.802492,35.44888747,57.0792,16.2376,0.553254,29.34925278
thickness+bandgap.iv,41,57,1.2,,1.14,1.264462,-28.8923482,66.1422641,38.4332978,17.7159909,48.2975179,0.128736206,1.90422271e-05,17.2267044,0.489286475,0.0,0.802492,35.44888747,57.0792,16.2376,0.553254,29.34925278
thickness+bandgap.iv,41,58,1.2,,1.14,1.284905,-28.9810353,66.2109573,38.4332978,17.7296076,48.3525943,0.128736302,1.90658199e-05,17.239862,0.489745691,0.0,0.802492,35.44888747,57.0792,16.2376,0.553254,29.34925278
thickness+bandgap.iv,41,59,1.2,,1.14,1.305324,-29.0647728,66.277014,38.4332978,17.7493308,48.3989276,0.12873646,1.90889304e-05,17.2586563,0.4906745,0.0,0.802492,35.44888747,57.0792,16.2376,0.553254,29.34925278
thickness+bandgap.iv,41,60,1.2,,1.14,1.325754,-29.1507799,66.3406594,38.4332978,17.7551383,48.4567656,0.12873648,1.91118421e-05,17.2645376,0.490600726,0.0,0.802492,35.44888747,57.0792,16.2376,0.553254,29.34925278
thickness+bandgap.iv,41,61,1.2,,1.14,1.34615,-29.2299046,66.4021252,38.4332978,17.7740477,48.4993217,0.128736633,1.91344617e-05,17.2825429,0.491504716,0.0,0.802492,35.44888747,57.0792,16.2376,0.553254,29.34925278
thickness+bandgap.iv,42,1,1.247,,1.14,-0.171939,34.3877066,2.41079479,36.8577778,0.310316031,1.97196852,0.128480708,2.9535628e-05,0.30390407,0.00641196046,0.0,0.847686,33.89679822,58.9744,16.9456,0.598412,28.31764284
thickness+bandgap.iv,42,2,1.247,,1.14,-0.151671,34.334192,2.44430485,36.8577778,0.318635876,1.99715326,0.128486181,2.95356642e-05,0.312000332,0.00663554388,0.0,0.847686,33.89679822,58.9744,16.9456,0.598412,28.31764284
thickness+bandgap.iv,42,3,1.247,,1.14,-0.131398,34.2796388,2.47885786,36.8577778,0.327305609,2.02303108,0.128491634,2.95357013e-05,0.320436706,0.00686890322,0.0,0.847686,33.89679822,58.9744,16.9456,0.598412,28.31764284
thickness+bandgap.iv,42,4,1.247,,1.14,-0.11112,34.2239806,2.514516,36.8577778,0.336346627,2.04964276,0.12849707,2.95357394e-05,0.329233905,0.00711272129,0.0,0.847686,33.89679822,58.9744,16.9456,0.598412,28.31764284
thickness+bandgap.iv,42,5,1.247,,1.14,-0.090836,34.1671559,2.55133932,36.8577778,0.345781761,2.07702553,0.128502487,2.95357788e-05,0.338414118,0.00736764317,0.0,0.847686,33.89679822,58.9744,16.9456,0.598412,28.31764284
thickness+bandgap.iv,42,6,1.247,,1.14,-0.070546,34.1091019,2.58939265,36.8577778,0.35563576,2.10521947,0.128507884,2.95358194e-05,0.348001393,0.00763436668,0.0,0.847686,33.89679822,58.9744,16.9456,0.598412,28.31764284
thickness+bandgap.iv,42,7,1.247,,1.14,-0.050249,34.0497486,2.6287461,36.8577778,0.365935495,2.13426781,0.128513258,2.95358614e-05,0.358021847,0.00791364796,0.0,0.847686,33.89679822,58.9744,16.9456,0.598412,28.31764284
thickness+bandgap.iv,42,8,1.247,,1.14,-0.029945,33.9890185,2.66947564,36.8577778,0.376710208,2.16421729,0.128518607,2.95359048e-05,0.3685039,0.00820630792,0.0,0.847686,33.89679822,58.9744,16.9456,0.598412,28.31764284
thickness+bandgap.iv,42,9,1.247,,1.14,-0.009634,33.9268293,2.7116638,36.8577778,0.387991786,2.19511855,0.128523929,2.95359498e-05,0.379478547,0.00851323938,0.0,0.847686,33.89679822,58.9744,16.9456,0.598412,28.31764284
thickness+bandgap.iv,42,10,1.247,,1.14,0.010685,33.863092,2.75540042,36.8577778,0.399815077,2.22702658,0.128529223,2.95359964e-05,0.390979661,0.00883541543,0.0,0.847686,33.89679822,58.9744,16.9456,0.598412,28.31764284
thickness+bandgap.iv,42,11,1.247,,1.14,0.031011,33.7977088,2.80078351,36.8577778,0.412218256,2.26000124,0.128534486,2.95360447e-05,0.403044357,0.0091738988,0.0,0.847686,33.89679822,58.9744,16.9456,0.598412,28.31764284
thickness+bandgap.iv,42,12,1.247,,1.14,0.051347,33.7305712,2.84792034,36.8577778,0.425243253,2.29410783,0.128539717,2.95360949e-05,0.415713401,0.00952985273,0.0,0.847686,33.89679822,58.9744,16.9456,0.598412,28.31764284
thickness+bandgap.iv,42,13,1.247,,1.14,0.071692,33.6615811,2.89691625,36.8577778,0.43893649,2.32940532,0.128544903,2.95361466e-05,0.429032123,0.00990436671,0.0,0.847686,33.89679822,58.9744,16.9456,0.598412,28.31764284
thickness+bandgap.iv,42,14,1.247,,1.14,0.092047,33.5905724,2.94792477,36.8577778,0.453348688,2.36599649,0.128550063,2.95362009e-05,0.443049479,0.0102992088,0.0,0.847686,33.89679822,58.9744,16.9456,0.598412,28.31764284
thickness+bandgap.iv,42,15,1.247,,1.14,0.112413,33.5174199,3.001077,36.8577778,0.468536504,2.40395578,0.128555185,2.95362575e-05,0.457820756,0.0107157485,0.0,0.847686,33.89679822,58.9744,16.9456,0.598412,28.31764284
thickness+bandgap.iv,42,16,1.247,,1.14,0.13279,33.4419656,3.0565312,36.8577778,0.48456289,2.44337851,0.128560267,2.95363165e-05,0.473407193,0.0111556967,0.0,0.847686,33.89679822,58.9744,16.9456,0.598412,28.31764284
thickness+bandgap.iv,42,17,1.247,,1.14,0.15318,33.3640333,3.11446332,36.8577778,0.501498201,2.48437027,0.128565309,2.95363782e-05,0.48987725,0.011620951,0.0,0.847686,33.89679822,58.9744,16.9456,0.598412,28.31764284
thickness+bandgap.iv,42,18,1.247,,1.14,0.173583,33.2834265,3.17506983,36.8577778,0.51942148,2.52704851,0.128570309,2.95364428e-05,0.507307858,0.0121136223,0.0,0.847686,33.89679822,58.9744,16.9456,0.598412,28.31764284
thickness+bandgap.iv,42,19,1.247,,1.14,0.194,33.1999248,3.23857125,36.8577778,0.538422084,2.57154437,0.128575264,2.95365105e-05,0.525786017,0.0126360668,0.0,0.847686,33.89679822,58.9744,16.9456,0.598412,28.31764284
thickness+bandgap.iv,42,20,1.247,,1.14,0.214434,33.1132794,3.30521659,36.8577778,0.558601847,2.61800503,0.128580175,2.95365816e-05,0.545410923,0.0131909242,0.0,0.847686,33.89679822,58.9744,16.9456,0.598412,28.31764284
thickness+bandgap.iv,42,21,1.247,,1.14,0.234884,33.0232063,3.37528917,36.8577778,0.580078052,2.66659654,0.12858504,2.95366564e-05,0.566296887,0.0137811647,0.0,0.847686,33.89679822,58.9744,16.9456,0.598412,28.31764284
thickness+bandgap.iv,42,22,1.247,,1.14,0.255353,32.9293808,3.44911458,36.8577778,0.602987688,2.71750749,0.128589857,2.95367352e-05,0.588577543,0.0144101457,0.0,0.847686,33.89679822,58.9744,16.9456,0.598412,28.31764284
thickness+bandgap.iv,42,23,1.247,,1.14,0.275843,32.8314232,3.52707189,36.8577778,0.627493806,2.77095392,0.128594627,2.95368186e-05,0.612412122,0.0150816843,0.0,0.847686,33.89679822,58.9744,16.9456,0.598412,28.31764284
thickness+bandgap.iv,42,24,1.247,,1.14,0.296356,32.7288843,3.60961026,36.8577778,0.653795303,2.82718607,0.128599348,2.95369069e-05,0.637995153,0.0158001499,0.0,0.847686,33.89679822,58.9744,16.9456,0.598412,28.31764284
thickness+bandgap.iv,42,25,1.247,,1.14,0.316894,32.6212198,3.69727422,36.8577778,0.682142348,2.88649831,0.12860402,2.95370008e-05,0.665571757,0.0165705906,0.0,0.847686,33.89679822,58.9744,16.9456,0.598412,28.31764284
thickness+bandgap.iv,42,26,1.247,,1.14,0.337461,32.5077499,3.79074388,36.8577778,0.712860984,2.94924471,0.128608642,2.95371011e-05,0.695462073,0.0173989111,0.0,0.847686,33.89679822,58.9744,16.9456,0.598412,28.31764284
thickness+bandgap.iv,42,27,1.247,,1.14,0.358062,32.3875935,3.89089996,36.8577778,0.746392477,3.01586473,0.128613215,2.95372087e-05,0.728100333,0.0182921442,0.0,0.847686,33.89679822,58.9744,16.9456,0.598412,28.31764284
thickness+bandgap.iv,42,28,1.247,,1.14,0.378702,32.2595613,3.99893171,36.8577778,0.783356045,3.08692839,0.128617738,2.95373248e-05,0.764097154,0.0192588912,0.0,0.847686,33.89679822,58.9744,16.9456,0.598412,28.31764284
thickness+bandgap.iv,42,29,1.247,,1.14,0.39939,32.121973,4.11651951,36.8577778,0.824648527,3.16321923,0.128622213,2.95374515e-05,0.804338437,0.0203100897,0.0,0.847686,33.89679822,58.9744,16.9456,0.598412,28.31764284
thickness+bandgap.iv,42,30,1.247,,1.14,0.420138,31.9723414,4.24615099,36.8577778,0.871603091,3.24589172,0.128626639,2.95375914e-05,0.850142662,0.0214604283,0.0,0.847686,33.89679822,58.9744,16.9456,0.598412,28.31764284
thickness+bandgap.iv,42,31,1.247,,1.14,0.440966,31.8068081,4.39168279,36.8577778,0.926244755,3.33677748,0.128631019,2.95377487e-05,0.903513685,0.0227310696,0.0,0.847686,33.89679822,58.9744,16.9456,0.598412,28.31764284
thickness+bandgap.iv,42,32,1.247,,1.14,0.461904,31.6191266,4.55936388,36.8577778,0.99170972,3.43898926,0.128635357,2.95379303e-05,0.967554672,0.0241550487,0.0,0.847686,33.89679822,58.9744,16.9456,0.598412,28.31764284
thickness+bandgap.iv,42,33,1.247,,1.14,0.483006,31.3987513,4.75973852,36.8577778,1.07294811,3.55812122,0.128639658,2.9538148e-05,1.04715995,0.0257881577,0.0,0.847686,33.89679822,58.9744,16.9456,0.598412,28.31764284
thickness+bandgap.iv,42,34,1.247,,1.14,0.504364,31.1272623,5.01122744,36.8577778,1.17792051,3.70463345,0.128643934,2.9538422e-05,1.15018949,0.0277310251,0.0,0.847686,33.89679822,58.9744,16.9456,0.598412,28.31764284
thickness+bandgap.iv,42,35,1.247,,1.14,0.526142,30.7716196,5.34686969,36.8577778,1.3196441,3.89854785,0.128648203,2.95387892e-05,1.28947043,0.0301736648,0.0,0.847686,33.89679822,58.9744,16.9456,0.598412,28.31764284
thickness+bandgap.iv,42,36,1.247,,1.14,0.548642,30.2716825,5.82680494,36.8577778,1.51963645,4.17848645,0.128652502,2.95393176e-05,1.48615297,0.0334834836,0.0,0.847686,33.89679822,58.9744,16.9456,0.598412,28.31764284
thickness+bandgap.iv,42,37,1.247,,1.14,0.572409,29.5181544,6.5603308,36.8577778,1.81340327,4.61824109,0.128656898,2.95401329e-05,1.77503238,0.0383708895,0.0,0.847686,33.89679822,58.9744,16.9456,0.598412,28.31764284
thickness+bandgap.iv,42,38,1.247,,1.14,0.598412,28.3176428,7.74083939,36.8577778,2.25799683,5.35415151,0.12866151,2.95414654e-05,2.2118272,0.0461696244,0.0,0.847686,33.89679822,58.9744,16.9456,0.598412,28.31764284
thickness+bandgap.iv,42,39,1.247,,1.14,0.628246,26.3508284,9.68764805,36.8577778,2.93852184,6.62043012,0.128666546,2.95437207e-05,2.87931716,0.0592046746,0.0,0.847686,33.89679822,58.9744,16.9456,0.598412,28.31764284
thickness+bandgap.iv,42,40,1.247,,1.14,0.66419,23.1620999,12.8563717,36.8577778,3.96195693,8.76571294,0.12867232,2.95475583e-05,3.88100088,0.0809560508,0.0,0.847686,33.89679822,58.9744,16.9456,0.598412,28.31764284
thickness+bandgap.iv,42,41,1.247,,1.14,0.708634,18.2732409,17.7252599,36.8577778,5.41637093,12.1801802,0.128679207,2.95539149e-05,5.30114062,0.115230317,0.0,0.847686,33.89679822,58.9744,16.9456,0.598412,28.31764284
thickness+bandgap.iv,42,42,1.247,,1.14,0.762544,11.4911195,24.4872695,36.8577778,7.28918104,17.0693715,0.12868742,2.95638646e-05,7.12559234,0.163588692,0.0,0.847686,33.89679822,58.9744,16.9456,0.598412,28.31764284
thickness+bandgap.iv,42,43,1.247,,1.14,0.823687,3.26264459,32.6961388,36.8577778,9.40349345,23.1639189,0.128696858,2.95783891e-05,9.18098112,0.222512329,0.0,0.847686,33.89679822,58.9744,16.9456,0.598412,28.31764284
thickness+bandgap.iv,42,44,1.247,,1.14,0.886758,-5.35160862,41.2893914,36.8577778,11.4638513,29.6968038,0.128706673,2.9598148e-05,11.1806615,0.283189756,0.0,0.847686,33.89679822,58.9744,16.9456,0.598412,28.31764284
thickness+bandgap.iv,42,45,1.247,,1.14,0.945399,-13.0798836,48.9977362,36.8577778,13.1935033,35.6754874,0.128715839,2.96234383e-05,12.8571109,0.33639238,0.0,0.847686,33.89679822,58.9744,16.9456,0.598412,28.31764284
thickness+bandgap.iv,42,46,1.247,,1.14,0.995199,-19.0397963,54.9390573,36.8577778,14.4535563,40.3567481,0.128723269,2.96538996e-05,14.0771545,0.376401794,0.0,0.847686,33.89679822,58.9744,16.9456,0.598412,28.31764284
thickness+bandgap.iv,42,47,1.247,,1.14,1.035156,-23.0312179,58.9085704,36.8577778,15.25216,43.5276524,0.12872833,2.96886562e-05,14.8503121,0.401847867,0.0,0.847686,33.89679822,58.9744,16.9456,0.598412,28.31764284
thickness+bandgap.iv,42,48,1.247,,1.14,1.067008,-25.4016915,61.2593317,36.8577778,15.7136828,45.4168878,0.128731464,2.97261525e-05,15.2968171,0.41686568,0.0,0.847686,33.89679822,58.9744,16.9456,0.598412,28.31764284
thickness+bandgap.iv,42,49,1.247,,1.14,1.093555,-26.7109189,62.5503627,36.8577778,15.9669184,46.4546813,0.128733269,2.97647312e-05,15.5415664,0.42535194,0.0,0.847686,33.89679822,58.9744,16.9456,0.598412,28.31764284
thickness+bandgap.iv,42,50,1.247,,1.14,1.117123,-27.4246257,63.2442111,36.8577778,16.0990566,47.0163905,0.128734214,2.98038901e-05,15.6693617,0.429694888,0.0,0.847686,33.89679822,58.9744,16.9456,0.598412,28.31764284
thickness+bandgap.iv,42,51,1.247,,1.14,1.139156,-27.8311618,63.6286575,36.8577778,16.1660245,47.3338684,0.128734672,2.98430264e-05,15.7343934,0.431631086,0.0,0.847686,33.89679822,58.9744,16.9456,0.598412,28.31764284
thickness+bandgap.iv,42,52,1.247,,1.14,1.160411,-28.0821112,63.8595276,36.8577778,16.20932,47.5214428,0.128734986,2.98816155e-05,15.7762788,0.433041112,0.0,0.847686,33.89679822,58.9744,16.9456,0.598412,28.31764284
thickness+bandgap.iv,42,53,1.247,,1.14,1.181287,-28.257344,64.0147077,36.8577778,16.2383552,47.6475873,0.128735198,2.99192069e-05,15.804368,0.433987254,0.0,0.847686,33.89679822,58.9744,16.9456,0.598412,28.31764284
thickness+bandgap.iv,42,54,1.247,,1.14,1.201977,-28.3953735,64.132715,36.8577778,16.2604492,47.7435005,0.12873536,2.99566372e-05,15.8257395,0.434709694,0.0,0.847686,33.89679822,58.9744,16.9456,0.598412,28.31764284
thickness+bandgap.iv,42,55,1.247,,1.14,1.22257,-28.5139208,64.2312536,36.8577778,16.278902,47.8235861,0.128735496,2.99934433e-05,15.8435876,0.435314457,0.0,0.847686,33.89679822,58.9744,16.9456,0.598412,28.31764284
thickness+bandgap.iv,42,56,1.247,,1.14,1.243108,-28.6215775,64.3189081,36.8577778,16.2953145,47.8948279,0.128735617,3.00295026e-05,15.8594614,0.435853157,0.0,0.847686,33.89679822,58.9744,16.9456,0.598412,28.31764284
thickness+bandgap.iv,42,57,1.247,,1.14,1.263612,-28.7224993,64.3998306,36.8577778,16.3104598,47.960605,0.128735729,3.00649395e-05,15.8741091,0.436350713,0.0,0.847686,33.89679822,58.9744,16.9456,0.598412,28.31764284
thickness+bandgap.iv,42,58,1.247,,1.14,1.284094,-28.8187623,64.4760955,36.8577778,16.3247247,48.0226049,0.128735834,3.00999962e-05,15.8879051,0.436819608,0.0,0.847686,33.89679822,58.9744,16.9456,0.598412,28.31764284
thickness+bandgap.iv,42,59,1.247,,1.14,1.304555,-28.9110458,64.5483818,36.8577778,16.3382366,48.0813791,0.128735934,3.01339294e-05,15.9009726,0.43726394,0.0,0.847686,33.89679822,58.9744,16.9456,0.598412,28.31764284
thickness+bandgap.iv,42,60,1.247,,1.14,1.325003,-29.0005865,64.6179249,36.8577778,16.3512248,48.1379339,0.128736031,3.01678516e-05,15.9135337,0.437691103,0.0,0.847686,33.89679822,58.9744,16.9456,0.598412,28.31764284
thickness+bandgap.iv,42,61,1.247,,1.14,1.345437,-29.0873758,64.6847169,36.8577778,16.3636906,48.19226,0.128736123,3.02010547e-05,15.9255894,0.438101189,0.0,0.847686,33.89679822,58.9744,16.9456,0.598412,28.31764284
thickness+bandgap.iv,43,1,1.296,,1.14,-0.164012,32.802345,2.30740507,35.1645187,0.254463286,1.92442768,0.128467655,4.64447111e-05,0.249832232,0.00463105393,0.0,0.894601,32.36364912,60.7024,17.5749,0.643428,27.3144518
thickness+bandgap.iv,43,2,1.296,,1.14,-0.143759,32.7517098,2.3380371,35.1645187,0.261141223,1.94837627,0.128473169,4.64447653e-05,0.256339023,0.00480220029,0.0,0.894601,32.36364912,60.7024,17.5749,0.643428,27.3144518
thickness+bandgap.iv,43,3,1.296,,1.14,-0.123501,32.7001717,2.3695747,35.1645187,0.268096609,1.97295298,0.128478669,4.64448202e-05,0.263115691,0.00498091776,0.0,0.894601,32.36364912,60.7024,17.5749,0.643428,27.3144518
thickness+bandgap.iv,43,4,1.296,,1.14,-0.103238,32.6476768,2.40206931,35.1645187,0.275345774,1.99819293,0.128484158,4.64448766e-05,0.270178043,0.00516773101,0.0,0.894601,32.36364912,60.7024,17.5749,0.643428,27.3144518
thickness+bandgap.iv,43,5,1.296,,1.14,-0.082971,32.5941762,2.43556995,35.1645187,0.282906111,2.02412776,0.128489634,4.64449345e-05,0.277542985,0.0053631255,0.0,0.894601,32.36364912,60.7024,17.5749,0.643428,27.3144518
thickness+bandgap.iv,43,6,1.296,,1.14,-0.062698,32.5396163,2.47012928,35.1645187,0.290796396,2.05079135,0.128495093,4.64449942e-05,0.285228772,0.00556762437,0.0,0.894601,32.36364912,60.7024,17.5749,0.643428,27.3144518
thickness+bandgap.iv,43,7,1.296,,1.14,-0.04242,32.4839409,2.50580396,35.1645187,0.299036932,2.07822005,0.128500536,4.64450556e-05,0.293255139,0.00578179236,0.0,0.894601,32.36364912,60.7024,17.5749,0.643428,27.3144518
thickness+bandgap.iv,43,8,1.296,,1.14,-0.022135,32.4270903,2.54265505,35.1645187,0.307649711,2.10645293,0.128505959,4.64451189e-05,0.301643471,0.00600624013,0.0,0.894601,32.36364912,60.7024,17.5749,0.643428,27.3144518
thickness+bandgap.iv,43,9,1.296,,1.14,-0.001845,32.3689957,2.58074851,35.1645187,0.316658602,2.1355321,0.12851136,4.64451842e-05,0.310416973,0.00624162915,0.0,0.894601,32.36364912,60.7024,17.5749,0.643428,27.3144518
thickness+bandgap.iv,43,10,1.296,,1.14,0.018452,32.309588,2.62015574,35.1645187,0.326089559,2.16550299,0.128516738,4.64452517e-05,0.319600882,0.00648867727,0.0,0.894601,32.36364912,60.7024,17.5749,0.643428,27.3144518
thickness+bandgap.iv,43,11,1.296,,1.14,0.038756,32.2487884,2.66095416,35.1645187,0.335970864,2.19641476,0.12852209,4.64453214e-05,0.329222699,0.00674816492,0.0,0.894601,32.36364912,60.7024,17.5749,0.643428,27.3144518
thickness+bandgap.iv,43,12,1.296,,1.14,0.059067,32.1865151,2.70322795,35.1645187,0.346333397,2.22832069,0.128527414,4.64453936e-05,0.339312455,0.00702094227,0.0,0.894601,32.36364912,60.7024,17.5749,0.643428,27.3144518
thickness+bandgap.iv,43,13,1.296,,1.14,0.079387,32.1226743,2.74706881,35.1645187,0.357210958,2.2612787,0.12853271,4.64454684e-05,0.349903021,0.0073079373,0.0,0.894601,32.36364912,60.7024,17.5749,0.643428,27.3144518
thickness+bandgap.iv,43,14,1.296,,1.14,0.099714,32.0571643,2.79257694,35.1645187,0.368640636,2.29535188,0.128537973,4.6445546e-05,0.361030471,0.00761016499,0.0,0.894601,32.36364912,60.7024,17.5749,0.643428,27.3144518
thickness+bandgap.iv,43,15,1.296,,1.14,0.120051,31.989878,2.83986203,35.1645187,0.380663237,2.33060914,0.128543204,4.64456266e-05,0.372734499,0.00792873794,0.0,0.894601,32.36364912,60.7024,17.5749,0.643428,27.3144518
thickness+bandgap.iv,43,16,1.296,,1.14,0.140397,31.9206955,2.88904456,35.1645187,0.393323796,2.36712592,0.128548399,4.64457104e-05,0.385058917,0.00826487854,0.0,0.894601,32.36364912,60.7024,17.5749,0.643428,27.3144518
thickness+bandgap.iv,43,17,1.296,,1.14,0.160753,31.8494832,2.94025726,35.1645187,0.406672167,2.40498509,0.128553557,4.64457976e-05,0.398052234,0.00861993306,0.0,0.894601,32.36364912,60.7024,17.5749,0.643428,27.3144518
thickness+bandgap.iv,43,18,1.296,,1.14,0.181119,31.7761124,2.99363331,35.1645187,0.420764512,2.44426368,0.128558666,4.64458874e-05,0.411769346,0.00899516648,0.0,0.894601,32.36364912,60.7024,17.5749,0.643428,27.3144518
thickness+bandgap.iv,43,19,1.296,,1.14,0.201498,31.7003839,3.0493618,35.1645187,0.435661295,2.48509031,0.128563744,4.64459823e-05,0.426268638,0.00939265731,0.0,0.894601,32.36364912,60.7024,17.5749,0.643428,27.3144518
thickness+bandgap.iv,43,20,1.296,,1.14,0.221889,31.6221345,3.10761086,35.1645187,0.451432362,2.52756327,0.128568781,4.64460815e-05,0.441618339,0.00981402261,0.0,0.894601,32.36364912,60.7024,17.5749,0.643428,27.3144518
thickness+bandgap.iv,43,21,1.296,,1.14,0.242294,31.5411621,3.16858313,35.1645187,0.468155811,2.5718071,0.128573775,4.64461853e-05,0.457894511,0.0102612995,0.0,0.894601,32.36364912,60.7024,17.5749,0.643428,27.3144518
thickness+bandgap.iv,43,22,1.296,,1.14,0.262714,31.4572384,3.23250661,35.1645187,0.485920361,2.61796108,0.128578724,4.64462943e-05,0.475183595,0.0107367661,0.0,0.894601,32.36364912,60.7024,17.5749,0.643428,27.3144518
thickness+bandgap.iv,43,23,1.296,,1.14,0.283149,31.3701052,3.2996396,35.1645187,0.504827779,2.66618175,0.128583628,4.64464087e-05,0.493584799,0.0112429799,0.0,0.894601,32.36364912,60.7024,17.5749,0.643428,27.3144518
thickness+bandgap.iv,43,24,1.296,,1.14,0.303603,31.2794673,3.37027741,35.1645187,0.524996323,2.71664616,0.128588485,4.64465293e-05,0.513213498,0.0117828249,0.0,0.894601,32.36364912,60.7024,17.5749,0.643428,27.3144518
thickness+bandgap.iv,43,25,1.296,,1.14,0.324075,31.1849827,3.44476157,35.1645187,0.546565822,2.76955601,0.128593294,4.64466565e-05,0.534206252,0.0123595706,0.0,0.894601,32.36364912,60.7024,17.5749,0.643428,27.3144518
thickness+bandgap.iv,43,26,1.296,,1.14,0.344569,31.0862505,3.52349333,35.1645187,0.569705451,2.82514338,0.128598055,4.6446791e-05,0.556728504,0.0129769464,0.0,0.894601,32.36364912,60.7024,17.5749,0.643428,27.3144518
thickness+bandgap.iv,43,27,1.296,,1.14,0.365086,30.9827896,3.60695403,35.1645187,0.594625934,2.88367888,0.128602766,4.64469339e-05,0.580986692,0.0136392413,0.0,0.894601,32.36364912,60.7024,17.5749,0.643428,27.3144518
thickness+bandgap.iv,43,28,1.296,,1.14,0.38563,30.8740063,3.69573695,35.1645187,0.621599004,2.94548408,0.128607428,4.6447086e-05,0.607247563,0.0143514411,0.0,0.894601,32.36364912,60.7024,17.5749,0.643428,27.3144518
thickness+bandgap.iv,43,29,1.296,,1.14,0.406204,30.7591439,3.79059859,35.1645187,0.650988551,3.01095156,0.128612039,4.64472487e-05,0.635869119,0.0151194323,0.0,0.894601,32.36364912,60.7024,17.5749,0.643428,27.3144518
thickness+bandgap.iv,43,30,1.296,,1.14,0.426814,30.6371994,3.89254287,35.1645187,0.683300334,3.08057949,0.128616601,4.64474239e-05,0.66735001,0.0159503239,0.0,0.894601,32.36364912,60.7024,17.5749,0.643428,27.3144518
thickness+bandgap.iv,43,31,1.296,,1.14,0.447466,30.5067794,4.0029624,35.1645187,0.719260875,3.15503397,0.128621113,4.64476139e-05,0.702407881,0.0168529936,0.0,0.894601,32.36364912,60.7024,17.5749,0.643428,27.3144518
thickness+bandgap.iv,43,32,1.296,,1.14,0.468171,30.3658607,4.12388066,35.1645187,0.759942476,3.23526616,0.128625576,4.64478225e-05,0.742103401,0.017839075,0.0,0.894601,32.36364912,60.7024,17.5749,0.643428,27.3144518
thickness+bandgap.iv,43,33,1.296,,1.14,0.488943,30.2113634,4.25837744,35.1645187,0.806962702,3.3227383,0.128629992,4.6448055e-05,0.788037874,0.0189248287,0.0,0.894601,32.36364912,60.7024,17.5749,0.643428,27.3144518
thickness+bandgap.iv,43,34,1.296,,1.14,0.509808,30.0383841,4.41135659,35.1645187,0.862807859,3.41986792,0.128634363,4.64483202e-05,0.842673043,0.0201348168,0.0,0.894601,32.36364912,60.7024,17.5749,0.643428,27.3144518
thickness+bandgap.iv,43,35,1.296,,1.14,0.530806,29.8387766,4.59096298,35.1645187,0.931368514,3.53090932,0.128638694,4.64486327e-05,0.909859239,0.0215092751,0.0,0.894601,32.36364912,60.7024,17.5749,0.643428,27.3144518
thickness+bandgap.iv,43,36,1.296,,1.14,0.552007,29.5985005,4.8112399,35.1645187,1.01884233,3.66370813,0.128642992,4.64490174e-05,0.995723276,0.0231190541,0.0,0.894601,32.36364912,60.7024,17.5749,0.643428,27.3144518
thickness+bandgap.iv,43,37,1.296,,1.14,0.573537,29.2925996,5.09713939,35.1645187,1.13527008,3.83317559,0.128647273,4.64495193e-05,1.11017419,0.0250958837,0.0,0.894601,32.36364912,60.7024,17.5749,0.643428,27.3144518
thickness+bandgap.iv,43,38,1.296,,1.14,0.595621,28.8758522,5.49388637,35.1645187,1.29713071,4.06805765,0.128651563,4.64502202e-05,1.26943788,0.0276928223,0.0,0.894601,32.36364912,60.7024,17.5749,0.643428,27.3144518
thickness+bandgap.iv,43,39,1.296,,1.14,0.618671,28.2658102,6.08392711,35.1645187,1.53156903,4.42365571,0.128655913,4.64512716e-05,1.50016824,0.031400797,0.0,0.894601,32.36364912,60.7024,17.5749,0.643428,27.3144518
thickness+bandgap.iv,43,40,1.296,,1.14,0.643428,27.3144518,7.01531475,35.1645187,1.88262674,5.00398114,0.128660413,4.64529522e-05,1.84547015,0.0371565957,0.0,0.894601,32.36364912,60.7024,17.5749,0.643428,27.3144518
thickness+bandgap.iv,43,41,1.296,,1.14,0.671157,25.7685222,8.54124138,35.1645187,2.41817623,5.99435347,0.128665226,4.64557613e-05,2.37152118,0.0466550419,0.0,0.894601,32.36364912,60.7024,17.5749,0.643428,27.3144518
thickness+bandgap.iv,43,42,1.296,,1.14,0.703802,23.2395799,11.0501761,35.1645187,3.23067057,7.69078844,0.128670611,4.64605376e-05,3.16804034,0.062630227,0.0,0.894601,32.36364912,60.7024,17.5749,0.643428,27.3144518
thickness+bandgap.iv,43,43,1.296,,1.14,0.743748,19.2504129,15.0193431,35.1645187,4.4148855,10.4757342,0.128676916,4.64685358e-05,4.32629814,0.0885873571,0.0,0.894601,32.36364912,60.7024,17.5749,0.643428,27.3144518
thickness+bandgap.iv,43,44,1.296,,1.14,0.792731,13.4537019,20.7960372,35.1645187,6.00619723,14.661109,0.128684443,4.64813172e-05,5.87904305,0.127154174,0.0,0.894601,32.36364912,60.7024,17.5749,0.643428,27.3144518
thickness+bandgap.iv,43,45,1.296,,1.14,0.850053,5.98936483,28.2405087,35.1645187,7.90607549,20.2056935,0.128693256,4.65004203e-05,7.72877519,0.177300297,0.0,0.894601,32.36364912,60.7024,17.5749,0.643428,27.3144518
thickness+bandgap.iv,43,46,1.296,,1.14,0.911745,-2.34895336,36.5584581,35.1645187,9.8773584,26.5523503,0.12870283,4.65268928e-05,9.64447597,0.23288243,0.0,0.894601,32.36364912,60.7024,17.5749,0.643428,27.3144518
thickness+bandgap.iv,43,47,1.296,,1.14,0.971776,-10.3551011,44.5454905,35.1645187,11.6437191,32.7730125,0.128712278,4.65614347e-05,11.3583608,0.285358321,0.0,0.894601,32.36364912,60.7024,17.5749,0.643428,27.3144518
thickness+bandgap.iv,43,48,1.296,,1.14,1.024886,-16.9772476,51.1462112,35.1645187,13.0108983,38.006546,0.128720307,4.66037101e-05,12.6837769,0.327121433,0.0,0.894601,32.36364912,60.7024,17.5749,0.643428,27.3144518
thickness+bandgap.iv,43,49,1.296,,1.14,1.068466,-21.69323,55.8420251,35.1645187,13.9354553,41.7777968,0.128726297,4.66529528e-05,13.579375,0.356080321,0.0,0.894601,32.36364912,60.7024,17.5749,0.643428,27.3144518
thickness+bandgap.iv,43,50,1.296,,1.14,1.103203,-24.6405812,58.7692994,35.1645187,14.4907747,44.1497478,0.128730154,4.67070835e-05,14.1170752,0.373699554,0.0,0.894601,32.36364912,60.7024,17.5749,0.643428,27.3144518
thickness+bandgap.iv,43,51,1.296,,1.14,1.131571,-26.3142773,60.4247544,35.1645187,14.8022047,45.4937705,0.128732447,4.67636582e-05,14.4183265,0.383878151,0.0,0.894601,32.36364912,60.7024,17.5749,0.643428,27.3144518
thickness+bandgap.iv,43,52,1.296,,1.14,1.156143,-27.2285089,61.3192528,35.1645187,14.9664218,46.2240506,0.128733671,4.68217132e-05,14.5772393,0.389182419,0.0,0.894601,32.36364912,60.7024,17.5749,0.643428,27.3144518
thickness+bandgap.iv,43,53,1.296,,1.14,1.178686,-27.7372638,61.8061204,35.1645187,15.0496575,46.6276818,0.12873427,4.6879693e-05,14.6580383,0.391619205,0.0,0.894601,32.36364912,60.7024,17.5749,0.643428,27.3144518
thickness+bandgap.iv,43,54,1.296,,1.14,1.200194,-28.038805,62.0875558,35.1645187,15.1002077,46.8585665,0.128734653,4.69373046e-05,14.706975,0.393232663,0.0,0.894601,32.36364912,60.7024,17.5749,0.643428,27.3144518
thickness+bandgap.iv,43,55,1.296,,1.14,1.221196,-28.2392996,62.2679877,35.1645187,15.1325402,47.0066656,0.1287349,4.69939522e-05,14.7382743,0.394265941,0.0,0.894601,32.36364912,60.7024,17.5749,0.643428,27.3144518
thickness+bandgap.iv,43,56,1.296,,1.14,1.241938,-28.3876532,62.398202,35.1645187,15.1611987,47.1082212,0.128735146,4.70490339e-05,14.7657733,0.39542534,0.0,0.894601,32.36364912,60.7024,17.5749,0.643428,27.3144518
thickness+bandgap.iv,43,57,1.296,,1.14,1.262564,-28.5127965,62.5033741,35.1645187,15.1802005,47.1943913,0.128735293,4.71038939e-05,14.784159,0.396041419,0.0,0.894601,32.36364912,60.7024,17.5749,0.643428,27.3144518
thickness+bandgap.iv,43,58,1.296,,1.14,1.283121,-28.6242573,62.5948394,35.1645187,15.1966498,47.2694071,0.12873542,4.7157627e-05,14.8000775,0.396572279,0.0,0.894601,32.36364912,60.7024,17.5749,0.643428,27.3144518
thickness+bandgap.iv,43,59,1.296,,1.14,1.303638,-28.7276239,62.6782077,35.1645187,15.2116215,47.3378034,0.128735535,4.72104191e-05,14.8145663,0.397055256,0.0,0.894601,32.36364912,60.7024,17.5749,0.643428,27.3144518
thickness+bandgap.iv,43,60,1.296,,1.14,1.324128,-28.8256575,62.7562417,35.1645187,15.2256195,47.4018392,0.128735643,4.72626283e-05,14.8281128,0.397506774,0.0,0.894601,32.36364912,60.7024,17.5749,0.643428,27.3144518
thickness+bandgap.iv,43,61,1.296,,1.14,1.344597,-28.919402,62.8299863,35.1645187,15.238836,47.4623672,0.128735746,4.73134624e-05,14.8409028,0.397933128,0.0,0.894601,32.36364912,60.7024,17.5749,0.643428,27.3144518
thickness+bandgap.iv,44,1,1.347,,1.14,-0.156939,31.3877089,2.35525411,33.7934078,0.231042826,1.99568394,0.128454505,7.2837057e-05,0.227201282,0.00384154393,0.0,0.942913,30.9840645,61.9822,18.1083,0.688494,26.30126265
thickness+bandgap.iv,44,2,1.347,,1.14,-0.136693,31.338575,2.38438214,33.7934078,0.236823085,2.01902617,0.128460044,7.2837147e-05,0.232837796,0.00398528902,0.0,0.942913,30.9840645,61.9822,18.1083,0.688494,26.30126265
thickness+bandgap.iv,44,3,1.347,,1.14,-0.116443,31.2886396,2.41431753,33.7934078,0.242834759,2.04294436,0.128465578,7.28372406e-05,0.238699364,0.00413539496,0.0,0.942913,30.9840645,61.9822,18.1083,0.688494,26.30126265
thickness+bandgap.iv,44,4,1.347,,1.14,-0.096189,31.2378631,2.44509407,33.7934078,0.24909034,2.06745979,0.128471105,7.28373362e-05,0.2447982,0.00429213948,0.0,0.942913,30.9840645,61.9822,18.1083,0.688494,26.30126265
thickness+bandgap.iv,44,5,1.347,,1.14,-0.075931,31.1862045,2.47675264,33.7934078,0.255603669,2.09259951,0.128476623,7.2837434e-05,0.251147762,0.00445590678,0.0,0.942913,30.9840645,61.9822,18.1083,0.688494,26.30126265
thickness+bandgap.iv,44,6,1.347,,1.14,-0.055668,31.1336202,2.509337,33.7934078,0.262389629,2.1183924,0.128482131,7.28375342e-05,0.257762519,0.00462710969,0.0,0.942913,30.9840645,61.9822,18.1083,0.688494,26.30126265
thickness+bandgap.iv,44,7,1.347,,1.14,-0.0354,31.0800632,2.542894,33.7934078,0.269464235,2.1448693,0.128487626,7.28376369e-05,0.264658043,0.00480619224,0.0,0.942913,30.9840645,61.9822,18.1083,0.688494,26.30126265
thickness+bandgap.iv,44,8,1.347,,1.14,-0.015127,31.0254833,2.5774739,33.7934078,0.27684475,2.1720632,0.128493107,7.28377424e-05,0.271851117,0.00499363259,0.0,0.942913,30.9840645,61.9822,18.1083,0.688494,26.30126265
thickness+bandgap.iv,44,9,1.347,,1.14,0.005151,30.9698265,2.61313067,33.7934078,0.284549805,2.20000946,0.128498571,7.28378508e-05,0.279359859,0.00518994629,0.0,0.942913,30.9840645,61.9822,18.1083,0.688494,26.30126265
thickness+bandgap.iv,44,10,1.347,,1.14,0.025435,30.9130348,2.64992241,33.7934078,0.292599546,2.22874601,0.128504017,7.28379623e-05,0.287203856,0.00539568999,0.0,0.942913,30.9840645,61.9822,18.1083,0.688494,26.30126265
thickness+bandgap.iv,44,11,1.347,,1.14,0.045725,30.8550455,2.68791169,33.7934078,0.301015793,2.25831361,0.128509443,7.28380772e-05,0.295404327,0.00561146556,0.0,0.942913,30.9840645,61.9822,18.1083,0.688494,26.30126265
thickness+bandgap.iv,44,12,1.347,,1.14,0.066021,30.795791,2.7271661,33.7934078,0.309822226,2.28875619,0.128514846,7.28381956e-05,0.303984302,0.00583792482,0.0,0.942913,30.9840645,61.9822,18.1083,0.688494,26.30126265
thickness+bandgap.iv,44,13,1.347,,1.14,0.086324,30.7351983,2.76775878,33.7934078,0.3190446,2.32012112,0.128520224,7.28383178e-05,0.312968825,0.00607577495,0.0,0.942913,30.9840645,61.9822,18.1083,0.688494,26.30126265
thickness+bandgap.iv,44,14,1.347,,1.14,0.106634,30.6731879,2.80976902,33.7934078,0.328710982,2.35245962,0.128525576,7.28384441e-05,0.322385197,0.00632578457,0.0,0.942913,30.9840645,61.9822,18.1083,0.688494,26.30126265
thickness+bandgap.iv,44,15,1.347,,1.14,0.126952,30.6096739,2.85328299,33.7934078,0.33885203,2.38582723,0.1285309,7.28385747e-05,0.33226324,0.00658879072,0.0,0.942913,30.9840645,61.9822,18.1083,0.688494,26.30126265
thickness+bandgap.iv,44,16,1.347,,1.14,0.147277,30.5445621,2.89839461,33.7934078,0.349501318,2.42028426,0.128536193,7.283871e-05,0.342635611,0.00686570696,0.0,0.942913,30.9840645,61.9822,18.1083,0.688494,26.30126265
thickness+bandgap.iv,44,17,1.347,,1.14,0.167611,30.4777502,2.94520642,33.7934078,0.360695706,2.45589642,0.128541454,7.28388503e-05,0.353538174,0.00715753248,0.0,0.942913,30.9840645,61.9822,18.1083,0.688494,26.30126265
thickness+bandgap.iv,44,18,1.347,,1.14,0.187954,30.4091257,2.99383078,33.7934078,0.372475781,2.49273548,0.12854668,7.28389959e-05,0.365010418,0.00746536279,0.0,0.942913,30.9840645,61.9822,18.1083,0.688494,26.30126265
thickness+bandgap.iv,44,19,1.347,,1.14,0.208307,30.3385653,3.04439112,33.7934078,0.384886373,2.53088004,0.12855187,7.28391472e-05,0.377095971,0.00779040197,0.0,0.942913,30.9840645,61.9822,18.1083,0.688494,26.30126265
thickness+bandgap.iv,44,20,1.347,,1.14,0.22867,30.2659328,3.09702348,33.7934078,0.397977173,2.57041644,0.128557023,7.28393048e-05,0.389843196,0.00813397692,0.0,0.942913,30.9840645,61.9822,18.1083,0.688494,26.30126265
thickness+bandgap.iv,44,21,1.347,,1.14,0.249045,30.1910778,3.15187833,33.7934078,0.411803479,2.61143987,0.128562136,7.2839469e-05,0.403305925,0.00849755397,0.0,0.942913,30.9840645,61.9822,18.1083,0.688494,26.30126265
thickness+bandgap.iv,44,22,1.347,,1.14,0.269431,30.1138332,3.20912276,33.7934078,0.426427106,2.65405561,0.128567208,7.28396404e-05,0.417544348,0.00888275831,0.0,0.942913,30.9840645,61.9822,18.1083,0.688494,26.30126265
thickness+bandgap.iv,44,23,1.347,,1.14,0.28983,30.0340126,3.26894315,33.7934078,0.441917541,2.69838053,0.128572238,7.28398196e-05,0.432626144,0.00929139697,0.0,0.942913,30.9840645,61.9822,18.1083,0.688494,26.30126265
thickness+bandgap.iv,44,24,1.347,,1.14,0.310243,29.9514072,3.33154845,33.7934078,0.458353437,2.74454495,0.128577224,7.28400072e-05,0.448627951,0.00972548604,0.0,0.942913,30.9840645,61.9822,18.1083,0.688494,26.30126265
thickness+bandgap.iv,44,25,1.347,,1.14,0.330671,29.865781,3.39717446,33.7934078,0.475824616,2.79269484,0.128582164,7.28402041e-05,0.465637333,0.0101872833,0.0,0.942913,30.9840645,61.9822,18.1083,0.688494,26.30126265
thickness+bandgap.iv,44,26,1.347,,1.14,0.351116,29.7768659,3.46608942,33.7934078,0.494434886,2.84299464,0.128587058,7.2840411e-05,0.483755558,0.0106793279,0.0,0.942913,30.9840645,61.9822,18.1083,0.688494,26.30126265
thickness+bandgap.iv,44,27,1.347,,1.14,0.371578,29.6843533,3.53860172,33.7934078,0.514306147,2.89563083,0.128591904,7.2840629e-05,0.503101658,0.0112044891,0.0,0.942913,30.9840645,61.9822,18.1083,0.688494,26.30126265
thickness+bandgap.iv,44,28,1.347,,1.14,0.392061,29.5878841,3.61507094,33.7934078,0.535584626,2.95081677,0.128596703,7.28408592e-05,0.523818598,0.0117660281,0.0,0.942913,30.9840645,61.9822,18.1083,0.688494,26.30126265
thickness+bandgap.iv,44,29,1.347,,1.14,0.412565,29.4870303,3.69592427,33.7934078,0.558450614,3.00879937,0.128601452,7.28411029e-05,0.546082936,0.012367678,0.0,0.942913,30.9840645,61.9822,18.1083,0.688494,26.30126265
thickness+bandgap.iv,44,30,1.347,,1.14,0.433094,29.3812721,3.78168202,33.7934078,0.583133949,3.06986908,0.128606151,7.28413619e-05,0.570120196,0.0130137531,0.0,0.942913,30.9840645,61.9822,18.1083,0.688494,26.30126265
thickness+bandgap.iv,44,31,1.347,,1.14,0.45365,29.2699557,3.87299815,33.7934078,0.609938798,3.13437571,0.1286108,7.28416382e-05,0.596229492,0.0137093059,0.0,0.942913,30.9840645,61.9822,18.1083,0.688494,26.30126265
thickness+bandgap.iv,44,32,1.347,,1.14,0.474239,29.1522274,3.97072633,33.7934078,0.639283243,3.20275485,0.128615399,7.28419347e-05,0.624822875,0.0144603683,0.0,0.942913,30.9840645,61.9822,18.1083,0.688494,26.30126265
thickness+bandgap.iv,44,33,1.347,,1.14,0.494865,29.0269233,4.0760299,33.7934078,0.671762129,3.27557498,0.128619948,7.2842255e-05,0.656487779,0.0152743499,0.0,0.942913,30.9840645,61.9822,18.1083,0.688494,26.30126265
thickness+bandgap.iv,44,34,1.347,,1.14,0.515538,28.8923847,4.19056829,33.7934078,0.708246357,3.35362464,0.128624447,7.28426045e-05,0.692085616,0.0161607416,0.0,0.942913,30.9840645,61.9822,18.1083,0.688494,26.30126265
thickness+bandgap.iv,44,35,1.347,,1.14,0.536269,28.7461314,4.31682125,33.7934078,0.750040223,3.43807929,0.128628897,7.28429913e-05,0.732907797,0.017132426,0.0,0.942913,30.9840645,61.9822,18.1083,0.688494,26.30126265
thickness+bandgap.iv,44,36,1.347,,1.14,0.557079,28.5842853,4.45866726,33.7934078,0.799133803,3.53082731,0.1286333,7.28434281e-05,0.780925583,0.0182082202,0.0,0.942913,30.9840645,61.9822,18.1083,0.688494,26.30126265
thickness+bandgap.iv,44,37,1.347,,1.14,0.577997,28.4005107,4.6224415,33.7934078,0.858615658,3.63511533,0.12863766,7.28439356e-05,0.839197717,0.0194179409,0.0,0.942913,30.9840645,61.9822,18.1083,0.688494,26.30126265
thickness+bandgap.iv,44,38,1.347,,1.14,0.59908,28.1840443,4.81890753,33.7934078,0.933360744,3.75683196,0.128641983,7.2844549e-05,0.912548107,0.0208126364,0.0,0.942913,30.9840645,61.9822,18.1083,0.688494,26.30126265
thickness+bandgap.iv,44,39,1.347,,1.14,0.62042,27.9159855,5.06696608,33.7934078,1.03119112,3.90705584,0.128646278,7.28453303e-05,1.00870579,0.0224853225,0.0,0.942913,30.9840645,61.9822,18.1083,0.688494,26.30126265
thickness+bandgap.iv,44,40,1.347,,1.14,0.642188,27.5623432,5.4006072,33.7934078,1.16483157,4.10705221,0.128650568,7.28463917e-05,1.14021895,0.0246126234,0.0,0.942913,30.9840645,61.9822,18.1083,0.688494,26.30126265
thickness+bandgap.iv,44,41,1.347,,1.14,0.664693,27.0613038,5.88164536,33.7934078,1.35512175,4.39779587,0.128654887,7.28479389e-05,1.3275856,0.0275361529,0.0,0.942913,30.9840645,61.9822,18.1083,0.688494,26.30126265
thickness+bandgap.iv,44,42,1.347,,1.14,0.688494,26.3012626,6.62171073,33.7934078,1.63591222,4.85706636,0.128659303,7.28503491e-05,1.60399993,0.0319122876,0.0,0.942913,30.9840645,61.9822,18.1083,0.688494,26.30126265
thickness+bandgap.iv,44,43,1.347,,1.14,0.714562,25.0875983,7.8153709,33.7934078,2.0601828,5.62645131,0.128663936,7.28543001e-05,2.02122881,0.0389539808,0.0,0.942913,30.9840645,61.9822,18.1083,0.688494,26.30126265
thickness+bandgap.iv,44,44,1.347,,1.14,0.744457,23.1085376,9.77442516,33.7934078,2.70345734,6.94222597,0.128668988,7.28609422e-05,2.65274649,0.0507108539,0.0,0.942913,30.9840645,61.9822,18.1083,0.688494,26.30126265
thickness+bandgap.iv,44,45,1.347,,1.14,0.780285,19.9429783,12.9199797,33.7934078,3.65309585,9.13813619,0.128674748,7.28720308e-05,3.58301472,0.0700811256,0.0,0.942913,30.9840645,61.9822,18.1083,0.688494,26.30126265
thickness+bandgap.iv,44,46,1.347,,1.14,0.824031,15.1938069,17.6491783,33.7934078,4.96738986,12.553034,0.128681534,7.28898176e-05,4.86748502,0.099904834,0.0,0.942913,30.9840645,61.9822,18.1083,0.688494,26.30126265
thickness+bandgap.iv,44,47,1.347,,1.14,0.876154,8.76924716,24.0536477,33.7934078,6.61097266,17.3139126,0.128689478,7.29165343e-05,6.470133,0.140839667,0.0,0.942913,30.9840645,61.9822,18.1083,0.688494,26.30126265
thickness+bandgap.iv,44,48,1.347,,1.14,0.934327,1.13459374,31.668618,33.7934078,8.423172,23.1166746,0.128698434,7.29537583e-05,8.23359996,0.18957204,0.0,0.942913,30.9840645,61.9822,18.1083,0.688494,26.30126265
thickness+bandgap.iv,44,49,1.347,,1.14,0.993895,-6.77895636,39.5613833,33.7934078,10.169236,29.2633667,0.128707633,7.30022202e-05,9.93003701,0.23919901,0.0,0.942913,30.9840645,61.9822,18.1083,0.688494,26.30126265
thickness+bandgap.iv,44,50,1.347,,1.14,1.049474,-13.8948304,46.6586776,33.7934078,11.6404227,34.8894656,0.128716261,7.3062063e-05,11.3573713,0.283051327,0.0,0.942913,30.9840645,61.9822,18.1083,0.688494,26.30126265
thickness+bandgap.iv,44,51,1.347,,1.14,1.097333,-19.4665456,52.2087489,33.7934078,12.7218454,39.3581072,0.128723155,7.31320368e-05,12.4059815,0.315863899,0.0,0.942913,30.9840645,61.9822,18.1083,0.688494,26.30126265
thickness+bandgap.iv,44,52,1.347,,1.14,1.136264,-23.2527768,55.9766734,33.7934078,13.4288473,42.4190247,0.128728123,7.32108517e-05,13.0908003,0.338046989,0.0,0.942913,30.9840645,61.9822,18.1083,0.688494,26.30126265
thickness+bandgap.iv,44,53,1.347,,1.14,1.167734,-25.54675,58.2487471,33.7934078,13.8373485,44.2825941,0.128731105,7.3294956e-05,13.4867283,0.350620189,0.0,0.942913,30.9840645,61.9822,18.1083,0.688494,26.30126265
thickness+bandgap.iv,44,54,1.347,,1.14,1.19414,-26.8280067,59.5116901,33.7934078,14.0643068,45.3185771,0.128732859,7.33812928e-05,13.7063027,0.358004122,0.0,0.942913,30.9840645,61.9822,18.1083,0.688494,26.30126265
thickness+bandgap.iv,44,55,1.347,,1.14,1.217667,-27.5334885,60.1956974,33.7934078,14.1806538,45.8862364,0.128733738,7.346871e-05,13.8191571,0.361496711,0.0,0.942913,30.9840645,61.9822,18.1083,0.688494,26.30126265
thickness+bandgap.iv,44,56,1.347,,1.14,1.239672,-27.9343645,60.5764289,33.7934078,14.2467454,46.2008757,0.128734256,7.35561092e-05,13.8831724,0.363573036,0.0,0.942913,30.9840645,61.9822,18.1083,0.688494,26.30126265
thickness+bandgap.iv,44,57,1.347,,1.14,1.260919,-28.1838691,60.8058536,33.7934078,14.2864445,46.3906009,0.128734569,7.36422009e-05,13.9216223,0.364822201,0.0,0.942913,30.9840645,61.9822,18.1083,0.688494,26.30126265
thickness+bandgap.iv,44,58,1.347,,1.14,1.281784,-28.3567401,60.9604289,33.7934078,14.3179765,46.5136438,0.128734848,7.37260864e-05,13.9519338,0.366042666,0.0,0.942913,30.9840645,61.9822,18.1083,0.688494,26.30126265
thickness+bandgap.iv,44,59,1.347,,1.14,1.302472,-28.4944164,61.0781329,33.7934078,14.3384859,46.6108382,0.128735012,7.38095452e-05,13.9717883,0.366697559,0.0,0.942913,30.9840645,61.9822,18.1083,0.688494,26.30126265
thickness+bandgap.iv,44,60,1.347,,1.14,1.323064,-28.6127798,61.1765026,33.7934078,14.3555592,46.6921344,0.128735149,7.38915926e-05,13.9883184,0.367240732,0.0,0.942913,30.9840645,61.9822,18.1083,0.688494,26.30126265
thickness+bandgap.iv,44,61,1.347,,1.14,1.343602,-28.7203232,61.264049,33.7934078,14.3707305,46.7645092,0.12873527,7.39719579e-05,14.0030073,0.367723162,0.0,0.942913,30.9840645,61.9822,18.1083,0.688494,26.30126265
thickness+bandgap.iv,45,1,1.4,,1.14,-0.14818,29.6360458,2.34676839,32.0288233,0.207904612,2.01030633,0.128443208,0.000114242955,0.204715531,0.00318908128,0.0,0.990362,29.2721496,62.7232,18.1835,0.736566,24.68681462
thickness+bandgap.iv,45,2,1.4,,1.14,-0.127944,29.5887475,2.37406659,32.0288233,0.212909438,2.03259414,0.128448765,0.000114243138,0.209598984,0.00331045378,0.0,0.990362,29.2721496,62.7232,18.1835,0.736566,24.68681462
thickness+bandgap.iv,45,3,1.4,,1.14,-0.107704,29.5407425,2.4020716,32.0288233,0.218108536,2.05539449,0.128454321,0.000114243323,0.214671487,0.00343704942,0.0,0.990362,29.2721496,62.7232,18.1835,0.736566,24.68681462
thickness+bandgap.iv,45,4,1.4,,1.14,-0.08746,29.4919983,2.43081585,32.0288233,0.223512347,2.07872938,0.128459874,0.000114243512,0.219943187,0.00356916042,0.0,0.990362,29.2721496,62.7232,18.1835,0.736566,24.68681462
thickness+bandgap.iv,45,5,1.4,,1.14,-0.067212,29.4424804,2.46033374,32.0288233,0.229132072,2.102622,0.128465423,0.000114243705,0.225424976,0.00370709642,0.0,0.990362,29.2721496,62.7232,18.1835,0.736566,24.68681462
thickness+bandgap.iv,45,6,1.4,,1.14,-0.046961,29.3921522,2.49066194,32.0288233,0.234979718,2.12709701,0.128470965,0.000114243902,0.231128529,0.00385118925,0.0,0.990362,29.2721496,62.7232,18.1835,0.736566,24.68681462
thickness+bandgap.iv,45,7,1.4,,1.14,-0.026705,29.3409745,2.52183961,32.0288233,0.241068165,2.15218071,0.1284765,0.000114244103,0.23706637,0.00400179485,0.0,0.990362,29.2721496,62.7232,18.1835,0.736566,24.68681462
thickness+bandgap.iv,45,8,1.4,,1.14,-0.006445,29.2889056,2.55390859,32.0288233,0.24741125,2.17790108,0.128482024,0.00011424431,0.243251955,0.0041592953,0.0,0.990362,29.2721496,62.7232,18.1835,0.736566,24.68681462
thickness+bandgap.iv,45,9,1.4,,1.14,0.01382,29.2359006,2.58691364,32.0288233,0.254023856,2.20428801,0.128487536,0.000114244521,0.249699755,0.00432410123,0.0,0.990362,29.2721496,62.7232,18.1835,0.736566,24.68681462
thickness+bandgap.iv,45,10,1.4,,1.14,0.03409,29.1819115,2.62090272,32.0288233,0.260922017,2.23137342,0.128493035,0.000114244738,0.256425362,0.00449665444,0.0,0.990362,29.2721496,62.7232,18.1835,0.736566,24.68681462
thickness+bandgap.iv,45,11,1.4,,1.14,0.054366,29.126887,2.65592728,32.0288233,0.268123027,2.25919149,0.128498517,0.00011424496,0.263445596,0.00467743094,0.0,0.990362,29.2721496,62.7232,18.1835,0.736566,24.68681462
thickness+bandgap.iv,45,12,1.4,,1.14,0.074646,29.0707717,2.69204262,32.0288233,0.27564558,2.28777882,0.128503982,0.000114245189,0.270778636,0.00486694427,0.0,0.990362,29.2721496,62.7232,18.1835,0.736566,24.68681462
thickness+bandgap.iv,45,13,1.4,,1.14,0.094932,29.0135061,2.7293083,32.0288233,0.283509912,2.31717472,0.128509427,0.000114245425,0.278444163,0.00506574936,0.0,0.990362,29.2721496,62.7232,18.1835,0.736566,24.68681462
thickness+bandgap.iv,45,14,1.4,,1.14,0.115225,28.9550257,2.76778855,32.0288233,0.291737972,2.34742149,0.12851485,0.000114245668,0.286463525,0.00527444688,0.0,0.990362,29.2721496,62.7232,18.1835,0.736566,24.68681462
thickness+bandgap.iv,45,15,1.4,,1.14,0.135524,28.8952598,2.80755282,32.0288233,0.300353616,2.37856471,0.128520248,0.000114245919,0.294859928,0.00549368812,0.0,0.990362,29.2721496,62.7232,18.1835,0.736566,24.68681462
thickness+bandgap.iv,45,16,1.4,,1.14,0.155829,28.834135,2.84867632,32.0288233,0.309382827,2.41065363,0.128525621,0.000114246178,0.303658646,0.00572418058,0.0,0.990362,29.2721496,62.7232,18.1835,0.736566,24.68681462
thickness+bandgap.iv,45,17,1.4,,1.14,0.176142,28.7715706,2.89124075,32.0288233,0.318853966,2.44374158,0.128530966,0.000114246446,0.312887272,0.00596669428,0.0,0.990362,29.2721496,62.7232,18.1835,0.736566,24.68681462
thickness+bandgap.iv,45,18,1.4,,1.14,0.196463,28.7074763,2.93533501,32.0288233,0.32879807,2.47788641,0.12853628,0.000114246724,0.322576001,0.00622206908,0.0,0.990362,29.2721496,62.7232,18.1835,0.736566,24.68681462
thickness+bandgap.iv,45,19,1.4,,1.14,0.216791,28.6417552,2.98105611,32.0288233,0.339249188,2.51315111,0.128541562,0.000114247012,0.332757965,0.0064912229,0.0,0.990362,29.2721496,62.7232,18.1835,0.736566,24.68681462
thickness+bandgap.iv,45,20,1.4,,1.14,0.237128,28.5743011,3.02851019,32.0288233,0.350244777,2.54960436,0.128546811,0.00011424731,0.343469616,0.0067751613,0.0,0.990362,29.2721496,62.7232,18.1835,0.736566,24.68681462
thickness+bandgap.iv,45,21,1.4,,1.14,0.257475,28.5049976,3.07781375,32.0288233,0.361826177,2.5873213,0.128552024,0.000114247621,0.354751189,0.00707498847,0.0,0.990362,29.2721496,62.7232,18.1835,0.736566,24.68681462
thickness+bandgap.iv,45,22,1.4,,1.14,0.277831,28.4337163,3.12909499,32.0288233,0.374039165,2.62638438,0.128557199,0.000114247944,0.366647245,0.00739192001,0.0,0.990362,29.2721496,62.7232,18.1835,0.736566,24.68681462
thickness+bandgap.iv,45,23,1.4,,1.14,0.298198,28.3603157,3.18249556,32.0288233,0.386934628,2.66688435,0.128562335,0.000114248281,0.379207331,0.00772729778,0.0,0.990362,29.2721496,62.7232,18.1835,0.736566,24.68681462
thickness+bandgap.iv,45,24,1.4,,1.14,0.318577,28.2846388,3.23817252,32.0288233,0.4005694,2.70892144,0.128567429,0.000114248633,0.392486793,0.00808260738,0.0,0.990362,29.2721496,62.7232,18.1835,0.736566,24.68681462
thickness+bandgap.iv,45,25,1.4,,1.14,0.338967,28.2065105,3.29630079,32.0288233,0.415007301,2.75260675,0.128572482,0.000114249001,0.406547802,0.00845949861,0.0,0.990362,29.2721496,62.7232,18.1835,0.736566,24.68681462
thickness+bandgap.iv,45,26,1.4,,1.14,0.359371,28.1257351,3.35707623,32.0288233,0.430320499,2.79806399,0.12857749,0.000114249386,0.421460689,0.00885980992,0.0,0.990362,29.2721496,62.7232,18.1835,0.736566,24.68681462
thickness+bandgap.iv,45,27,1.4,,1.14,0.37979,28.0420918,3.42071952,32.0288233,0.446591344,2.84543147,0.128582453,0.00011424979,0.437305747,0.0092855975,0.0,0.990362,29.2721496,62.7232,18.1835,0.736566,24.68681462
thickness+bandgap.iv,45,28,1.4,,1.14,0.400223,27.95533,3.48748131,32.0288233,0.46391494,2.89486475,0.12858737,0.000114250214,0.45417577,0.00973917068,0.0,0.990362,29.2721496,62.7232,18.1835,0.736566,24.68681462
thickness+bandgap.iv,45,29,1.4,,1.14,0.420674,27.865162,3.55764934,32.0288233,0.48240292,2.94653993,0.128592239,0.000114250662,0.472179785,0.0102231353,0.0,0.990362,29.2721496,62.7232,18.1835,0.736566,24.68681462
thickness+bandgap.iv,45,30,1.4,,1.14,0.441144,27.7712528,3.63155853,32.0288233,0.502189186,3.00065803,0.128597059,0.000114251135,0.491448737,0.0107404484,0.0,0.990362,29.2721496,62.7232,18.1835,0.736566,24.68681462
thickness+bandgap.iv,45,31,1.4,,1.14,0.461634,27.6732052,3.70960615,32.0288233,0.523438896,3.05745117,0.12860183,0.000114251635,0.512144407,0.0112944889,0.0,0.990362,29.2721496,62.7232,18.1835,0.736566,24.68681462
thickness+bandgap.iv,45,32,1.4,,1.14,0.482147,27.5705361,3.79227521,32.0288233,0.546362773,3.11719164,0.128606551,0.000114252167,0.534473619,0.0118891534,0.0,0.990362,29.2721496,62.7232,18.1835,0.736566,24.68681462
thickness+bandgap.iv,45,33,1.4,,1.14,0.502687,27.4626396,3.88017171,32.0288233,0.571240005,3.18020623,0.128611221,0.000114252735,0.558711012,0.012528993,0.0,0.990362,29.2721496,62.7232,18.1835,0.736566,24.68681462
thickness+bandgap.iv,45,34,1.4,,1.14,0.523256,27.3487262,3.97408515,32.0288233,0.598454785,3.24690028,0.12861584,0.000114253344,0.585235362,0.0132194232,0.0,0.990362,29.2721496,62.7232,18.1835,0.736566,24.68681462
thickness+bandgap.iv,45,35,1.4,,1.14,0.543861,27.2277223,4.07508905,32.0288233,0.628554168,3.31780022,0.128620409,0.000114254003,0.614587099,0.0139670684,0.0,0.990362,29.2721496,62.7232,18.1835,0.736566,24.68681462
thickness+bandgap.iv,45,36,1.4,,1.14,0.564509,27.0981006,4.18471072,32.0288233,0.662339147,3.39363239,0.128624926,0.000114254723,0.647558779,0.014780368,0.0,0.990362,29.2721496,62.7232,18.1835,0.736566,24.68681462
thickness+bandgap.iv,45,37,1.4,,1.14,0.585212,26.9575858,4.30522553,32.0288233,0.701008267,3.47547361,0.128629394,0.000114255522,0.685337563,0.0156707031,0.0,0.990362,29.2721496,62.7232,18.1835,0.736566,24.68681462
thickness+bandgap.iv,45,38,1.4,,1.14,0.605987,26.8026317,4.44017961,32.0288233,0.746386584,3.56504495,0.128633814,0.000114256424,0.729732007,0.0166545772,0.0,0.990362,29.2721496,62.7232,18.1835,0.736566,24.68681462
thickness+bandgap.iv,45,39,1.4,,1.14,0.626863,26.6274695,4.59534178,32.0288233,0.801297297,3.66529204,0.128638187,0.000114257476,0.783539348,0.0177579492,0.0,0.990362,29.2721496,62.7232,18.1835,0.736566,24.68681462
thickness+bandgap.iv,45,40,1.4,,1.14,0.647888,26.4223431,4.78046825,32.0288233,0.870175398,3.78153607,0.128642521,0.000114258751,0.851150441,0.0190249574,0.0,0.990362,29.2721496,62.7232,18.1835,0.736566,24.68681462
thickness+bandgap.iv,45,41,1.4,,1.14,0.669149,26.1702123,5.01259898,32.0288233,0.960090284,3.92374761,0.128646822,0.000114260379,0.93955477,0.0205355138,0.0,0.990362,29.2721496,62.7232,18.1835,0.736566,24.68681462
thickness+bandgap.iv,45,42,1.4,,1.14,0.690797,25.8406359,5.32217407,32.0288233,1.08243854,4.11097016,0.128651108,0.000114262592,1.05999819,0.0224403541,0.0,0.990362,29.2721496,62.7232,18.1835,0.736566,24.68681462
thickness+bandgap.iv,45,43,1.4,,1.14,0.713106,25.3787536,5.7640527,32.0288233,1.25564866,4.37963437,0.128655408,0.000114265813,1.23062005,0.025028605,0.0,0.990362,29.2721496,62.7232,18.1835,0.736566,24.68681462
thickness+bandgap.iv,45,44,1.4,,1.14,0.736566,24.6868146,6.43598338,32.0288233,1.5091061,4.79810322,0.128659777,0.000114270802,1.48025707,0.0288490379,0.0,0.990362,29.2721496,62.7232,18.1835,0.736566,24.68681462
thickness+bandgap.iv,45,45,1.4,,1.14,0.76201,23.5980296,7.50475626,32.0288233,1.88752373,5.48845395,0.12866431,0.000114278888,1.85262764,0.0348960826,0.0,0.990362,29.2721496,62.7232,18.1835,0.736566,24.68681462
thickness+bandgap.iv,45,46,1.4,,1.14,0.79073,21.8540134,9.22876135,32.0288233,2.45187981,6.64809809,0.12866916,0.000114292232,2.4070821,0.0447977111,0.0,0.990362,29.2721496,62.7232,18.1835,0.736566,24.68681462
thickness+bandgap.iv,45,47,1.4,,1.14,0.824381,19.1237015,11.9390762,32.0288233,3.26774745,8.54253993,0.128674536,0.000114313894,3.20700259,0.0607448663,0.0,0.990362,29.2721496,62.7232,18.1835,0.736566,24.68681462
thickness+bandgap.iv,45,48,1.4,,1.14,0.864407,15.1186642,15.9240987,32.0288233,4.37235207,11.4229517,0.128680647,0.000114347335,4.2876219,0.0847301666,0.0,0.990362,29.2721496,62.7232,18.1835,0.736566,24.68681462
thickness+bandgap.iv,45,49,1.4,,1.14,0.911048,9.79043855,21.2323485,32.0288233,5.73272334,15.3708232,0.128687574,0.000114395412,5.61558526,0.117138072,0.0,0.990362,29.2721496,62.7232,18.1835,0.736566,24.68681462
thickness+bandgap.iv,45,50,1.4,,1.14,0.962747,3.45065528,27.5521905,32.0288233,7.2376154,20.1857655,0.128695208,0.000114458977,7.08180036,0.155815044,0.0,0.990362,29.2721496,62.7232,18.1835,0.736566,24.68681462
thickness+bandgap.iv,45,51,1.4,,1.14,1.016598,-3.31953035,34.3021256,32.0288233,8.7359241,25.4373838,0.128703154,0.000114537977,8.53928777,0.196636327,0.0,0.990362,29.2721496,62.7232,18.1835,0.736566,24.68681462
thickness+bandgap.iv,45,52,1.4,,1.14,1.069287,-9.85735621,40.8205769,32.0288233,10.0918309,30.5999204,0.128710968,0.000114630684,9.85646115,0.235369762,0.0,0.990362,29.2721496,62.7232,18.1835,0.736566,24.68681462
thickness+bandgap.iv,45,53,1.4,,1.14,1.118062,-15.612451,46.5547266,32.0288233,11.2122601,35.2136338,0.128717968,0.000114735582,10.9440182,0.268241867,0.0,0.990362,29.2721496,62.7232,18.1835,0.736566,24.68681462
thickness+bandgap.iv,45,54,1.4,,1.14,1.160983,-20.1966352,51.1203684,32.0288233,12.061175,38.9303547,0.128723827,0.000114851355,11.7671778,0.293997273,0.0,0.990362,29.2721496,62.7232,18.1835,0.736566,24.68681462
thickness+bandgap.iv,45,55,1.4,,1.14,1.197428,-23.4856333,54.3892158,32.0288233,12.6423834,41.6179893,0.128728095,0.000114975366,12.3306356,0.311747742,0.0,0.990362,29.2721496,62.7232,18.1835,0.736566,24.68681462
thickness+bandgap.iv,45,56,1.4,,1.14,1.228016,-25.6032838,56.4868693,32.0288233,13.0040319,43.3539914,0.128730905,0.000115105328,12.6811281,0.322903797,0.0,0.990362,29.2721496,62.7232,18.1835,0.736566,24.68681462
thickness+bandgap.iv,45,57,1.4,,1.14,1.254267,-26.8533674,57.716932,32.0288233,13.2118948,44.3761895,0.128732577,0.000115237238,12.8825482,0.32934659,0.0,0.990362,29.2721496,62.7232,18.1835,0.736566,24.68681462
thickness+bandgap.iv,45,58,1.4,,1.14,1.27782,-27.5639273,58.4059749,32.0288233,13.3230423,44.9540838,0.128733459,0.000115370452,12.9904384,0.332603885,0.0,0.990362,29.2721496,62.7232,18.1835,0.736566,24.68681462
thickness+bandgap.iv,45,59,1.4,,1.14,1.299869,-27.9737675,58.7957202,32.0288233,13.387335,45.2795357,0.128733992,0.000115503502,13.0527411,0.334593929,0.0,0.990362,29.2721496,62.7232,18.1835,0.736566,24.68681462
thickness+bandgap.iv,45,60,1.4,,1.14,1.321147,-28.2293775,59.0312753,32.0288233,13.4260373,45.476388,0.128734315,0.000115634857,13.0902441,0.335793238,0.0,0.990362,29.2721496,62.7232,18.1835,0.736566,24.68681462
thickness+bandgap.iv,45,61,1.4,,1.14,1.342037,-28.407374,59.1892445,32.0288233,13.4519494,45.6084448,0.128734533,0.000115762041,13.1153515,0.336597914,0.0,0.990362,29.2721496,62.7232,18.1835,0.736566,24.68681462
thickness+bandgap.iv,46,1,1.2,,1.5,-0.18062,36.1240791,2.4606651,38.6665654,0.562426711,1.76974426,0.128493604,5.26502391e-07,0.548134974,0.0142917366,0.0,0.80278,35.58207047,56.9074,16.2554,0.553035,29.39301318
thickness+bandgap.iv,46,2,1.2,,1.5,-0.160343,36.0685809,2.49615789,38.6665654,0.576069708,1.79158864,0.128499016,5.26503085e-07,0.56138878,0.0146809272,0.0,0.80278,35.58207047,56.9074,16.2554,0.553035,29.39301318
thickness+bandgap.iv,46,3,1.2,,1.5,-0.140059,36.0118871,2.53285169,38.6665654,0.590259438,1.81408732,0.128504407,5.26503803e-07,0.575173333,0.0150861043,0.0,0.80278,35.58207047,56.9074,16.2554,0.553035,29.39301318
thickness+bandgap.iv,46,4,1.2,,1.5,-0.11977,35.9539269,2.57081187,38.6665654,0.605027168,1.8372744,0.128509776,5.26504547e-07,0.589519084,0.0155080841,0.0,0.80278,35.58207047,56.9074,16.2554,0.553035,29.39301318
thickness+bandgap.iv,46,5,1.2,,1.5,-0.099473,35.8946264,2.61011239,38.6665654,0.62040921,1.86118753,0.128515121,5.26505318e-07,0.604461292,0.0159479184,0.0,0.80278,35.58207047,56.9074,16.2554,0.553035,29.39301318
thickness+bandgap.iv,46,6,1.2,,1.5,-0.07917,35.8339053,2.65083347,38.6665654,0.636444984,1.88586752,0.128520439,5.26506117e-07,0.620038238,0.0164067466,0.0,0.80278,35.58207047,56.9074,16.2554,0.553035,29.39301318
thickness+bandgap.iv,46,7,1.2,,1.5,-0.058858,35.7716765,2.69306234,38.6665654,0.653177385,1.9113587,0.12852573,5.26506945e-07,0.636291579,0.0168858056,0.0,0.80278,35.58207047,56.9074,16.2554,0.553035,29.39301318
thickness+bandgap.iv,46,8,1.2,,1.5,-0.038539,35.7078448,2.73689402,38.6665654,0.670653201,1.93770931,0.12853099,5.26507806e-07,0.65326676,0.0173864407,0.0,0.80278,35.58207047,56.9074,16.2554,0.553035,29.39301318
thickness+bandgap.iv,46,9,1.2,,1.5,-0.018212,35.6423063,2.78243237,38.6665654,0.688923608,1.96497201,0.128536219,5.26508701e-07,0.671013489,0.0179101188,0.0,0.80278,35.58207047,56.9074,16.2554,0.553035,29.39301318
thickness+bandgap.iv,46,10,1.2,,1.5,0.002125,35.5749474,2.82979113,38.6665654,0.708044735,1.99320446,0.128541413,5.26509633e-07,0.689586292,0.0184584433,0.0,0.80278,35.58207047,56.9074,16.2554,0.553035,29.39301318
thickness+bandgap.iv,46,11,1.2,,1.5,0.022472,35.5056431,2.87909534,38.6665654,0.728078328,2.02246991,0.128546573,5.26510603e-07,0.709045157,0.0190331715,0.0,0.80278,35.58207047,56.9074,16.2554,0.553035,29.39301318
thickness+bandgap.iv,46,12,1.2,,1.5,0.042829,35.4342555,2.93048278,38.6665654,0.749092534,2.05283802,0.128551695,5.26511615e-07,0.7294563,0.0196362343,0.0,0.80278,35.58207047,56.9074,16.2554,0.553035,29.39301318
thickness+bandgap.iv,46,13,1.2,,1.5,0.063197,35.3606322,2.98410588,38.6665654,0.771162829,2.08438574,0.128556778,5.26512672e-07,0.75089307,0.0202697594,0.0,0.80278,35.58207047,56.9074,16.2554,0.553035,29.39301318
thickness+bandgap.iv,46,14,1.2,,1.5,0.083577,35.2846041,3.04013383,38.6665654,0.794373134,2.11719835,0.128561822,5.26513777e-07,0.773437035,0.0209360988,0.0,0.80278,35.58207047,56.9074,16.2554,0.553035,29.39301318
thickness+bandgap.iv,46,15,1.2,,1.5,0.10397,35.2059825,3.09875527,38.6665654,0.818817176,2.15137075,0.128566823,5.26514934e-07,0.797179316,0.02163786,0.0,0.80278,35.58207047,56.9074,16.2554,0.553035,29.39301318
thickness+bandgap.iv,46,16,1.2,,1.5,0.124377,35.1245561,3.16018145,38.6665654,0.844600186,2.18700896,0.128571782,5.26516147e-07,0.822222242,0.022377944,0.0,0.80278,35.58207047,56.9074,16.2554,0.553035,29.39301318
thickness+bandgap.iv,46,17,1.2,,1.5,0.1448,35.0400871,3.22465028,38.6665654,0.871841071,2.22423199,0.128576696,5.26517422e-07,0.848681481,0.0231595895,0.0,0.80278,35.58207047,56.9074,16.2554,0.553035,29.39301318
thickness+bandgap.iv,46,18,1.2,,1.5,0.165238,34.9523056,3.29243152,38.6665654,0.90067529,2.26317414,0.128581564,5.26518764e-07,0.876688863,0.0239864271,0.0,0.80278,35.58207047,56.9074,16.2554,0.553035,29.39301318
thickness+bandgap.iv,46,19,1.2,,1.5,0.185695,34.8609033,3.36383363,38.6665654,0.931258807,2.30398791,0.128586386,5.26520179e-07,0.906396263,0.0248625444,0.0,0.80278,35.58207047,56.9074,16.2554,0.553035,29.39301318
thickness+bandgap.iv,46,20,1.2,,1.5,0.206172,34.7655234,3.43921327,38.6665654,0.963773743,2.34684784,0.128591161,5.26521674e-07,0.937981176,0.0257925669,0.0,0.80278,35.58207047,56.9074,16.2554,0.553035,29.39301318
thickness+bandgap.iv,46,21,1.2,,1.5,0.226671,34.6657473,3.51898892,38.6665654,0.998436798,2.39195571,0.128595887,5.26523258e-07,0.971655037,0.0267817612,0.0,0.80278,35.58207047,56.9074,16.2554,0.553035,29.39301318
thickness+bandgap.iv,46,22,1.2,,1.5,0.247195,34.5610746,3.60366129,38.6665654,1.03551219,2.43954801,0.128600565,5.26524941e-07,1.00767602,0.0278361691,0.0,0.80278,35.58207047,56.9074,16.2554,0.553035,29.39301318
thickness+bandgap.iv,46,23,1.2,,1.5,0.267746,34.4508909,3.693845,38.6665654,1.07533199,2.48990729,0.128605193,5.26526736e-07,1.0463692,0.0289627933,0.0,0.80278,35.58207047,56.9074,16.2554,0.553035,29.39301318
thickness+bandgap.iv,46,24,1.2,,1.5,0.288328,34.3344162,3.7903192,38.6665654,1.11832848,2.54338042,0.128609772,5.26528659e-07,1.08815861,0.0301698663,0.0,0.80278,35.58207047,56.9074,16.2554,0.553035,29.39301318
thickness+bandgap.iv,46,25,1.2,,1.5,0.308947,34.2106241,3.89411053,38.6665654,1.16508577,2.60040993,0.128614301,5.26530731e-07,1.1336185,0.0314672689,0.0,0.80278,35.58207047,56.9074,16.2554,0.553035,29.39301318
thickness+bandgap.iv,46,26,1.2,,1.5,0.329609,34.0781032,4.00663172,38.6665654,1.21642228,2.66159013,0.128618782,5.2653298e-07,1.18355505,0.0328672288,0.0,0.80278,35.58207047,56.9074,16.2554,0.553035,29.39301318
thickness+bandgap.iv,46,27,1.2,,1.5,0.350326,33.9348158,4.12991828,38.6665654,1.27352244,2.72777209,0.128623214,5.26535449e-07,1.23913688,0.0343855635,0.0,0.80278,35.58207047,56.9074,16.2554,0.553035,29.39301318
thickness+bandgap.iv,46,28,1.2,,1.5,0.371112,33.7776916,4.26704222,38.6665654,1.33814907,2.80026502,0.128627599,5.265382e-07,1.30210506,0.03604401,0.0,0.80278,35.58207047,56.9074,16.2554,0.553035,29.39301318
thickness+bandgap.iv,46,29,1.2,,1.5,0.391991,33.6018794,4.42285416,38.6665654,1.41299146,2.88123022,0.12863194,5.26541332e-07,1.3751167,0.0378747635,0.0,0.80278,35.58207047,56.9074,16.2554,0.553035,29.39301318
thickness+bandgap.iv,46,30,1.2,,1.5,0.413003,33.3993873,4.60534569,38.6665654,1.5022493,2.97445963,0.12863624,5.26545009e-07,1.46231977,0.0399295332,0.0,0.80278,35.58207047,56.9074,16.2554,0.553035,29.39301318
thickness+bandgap.iv,46,31,1.2,,1.5,0.434217,33.1565393,4.82819365,38.6665654,1.61263278,3.08691983,0.128640509,5.26549511e-07,1.57033494,0.0422978454,0.0,0.80278,35.58207047,56.9074,16.2554,0.553035,29.39301318
thickness+bandgap.iv,46,32,1.2,,1.5,0.455754,32.849187,5.11554509,38.6665654,1.75509839,3.23180141,0.128644759,5.26555338e-07,1.70995431,0.0451440836,0.0,0.80278,35.58207047,56.9074,16.2554,0.553035,29.39301318
thickness+bandgap.iv,46,33,1.2,,1.5,0.477831,32.4337751,5.51095565,38.6665654,1.9478548,3.4344513,0.128649017,5.26563395e-07,1.89907322,0.0487815822,0.0,0.80278,35.58207047,56.9074,16.2554,0.553035,29.39301318
thickness+bandgap.iv,46,34,1.2,,1.5,0.500844,31.831121,6.09360875,38.6665654,2.22142245,3.74353245,0.128653328,5.26575357e-07,2.16760626,0.0538161887,0.0,0.80278,35.58207047,56.9074,16.2554,0.553035,29.39301318
thickness+bandgap.iv,46,35,1.2,,1.5,0.525505,30.8990021,7.00572508,38.6665654,2.62648,4.25058678,0.128657778,5.26594303e-07,2.56507436,0.061405637,0.0,0.80278,35.58207047,56.9074,16.2554,0.553035,29.39301318
thickness+bandgap.iv,46,36,1.2,,1.5,0.553035,29.3930132,8.49170834,38.6665654,3.24363587,5.11940942,0.12866252,5.26625776e-07,3.1699752,0.073660671,0.0,0.80278,35.58207047,56.9074,16.2554,0.553035,29.39301318
thickness+bandgap.iv,46,37,1.2,,1.5,0.585335,26.9329153,10.9318005,38.6665654,4.18814702,6.61498513,0.128667801,5.26679189e-07,4.09409626,0.0940507638,0.0,0.80278,35.58207047,56.9074,16.2554,0.553035,29.39301318
thickness+bandgap.iv,46,38,1.2,,1.5,0.624823,23.035486,14.8092298,38.6665654,5.58992536,9.09062997,0.128673963,5.26768936e-07,5.46270902,0.127216346,0.0,0.80278,35.58207047,56.9074,16.2554,0.553035,29.39301318
thickness+bandgap.iv,46,39,1.2,,1.5,0.67345,17.3100449,20.5147529,38.6665654,7.52424516,12.8618259,0.128681349,5.26913784e-07,7.34711593,0.177129238,0.0,0.80278,35.58207047,56.9074,16.2554,0.553035,29.39301318
thickness+bandgap.iv,46,40,1.2,,1.5,0.731025,9.79508498,28.0093852,38.6665654,9.91288244,17.9678122,0.128690015,5.27132816e-07,9.66941806,0.243464382,0.0,0.80278,35.58207047,56.9074,16.2554,0.553035,29.39301318
thickness+bandgap.iv,46,41,1.2,,1.5,0.794046,1.19088701,36.5935964,38.6665654,12.4892055,23.9756907,0.128699685,5.27442642e-07,12.1697353,0.319470218,0.0,0.80278,35.58207047,56.9074,16.2554,0.553035,29.39301318
thickness+bandgap.iv,46,42,1.2,,1.5,0.856733,-7.34664204,45.1120639,38.6665654,14.8985108,30.0848432,0.128709493,5.27855082e-07,14.5045418,0.39396899,0.0,0.80278,35.58207047,56.9074,16.2554,0.553035,29.39301318
thickness+bandgap.iv,46,43,1.2,,1.5,0.913422,-14.6843565,52.4297633,38.6665654,16.8522493,35.4487952,0.128718235,5.28372819e-07,16.3960203,0.456228984,0.0,0.80278,35.58207047,56.9074,16.2554,0.553035,29.39301318
thickness+bandgap.iv,46,44,1.2,,1.5,0.960689,-20.1378609,57.8638657,38.6665654,18.2337466,39.5013936,0.12872505,5.28988283e-07,17.7324662,0.501280374,0.0,0.80278,35.58207047,56.9074,16.2554,0.553035,29.39301318
thickness+bandgap.iv,46,45,1.2,,1.5,0.998409,-23.6817193,61.3855592,38.6665654,19.0886038,42.1682254,0.128729551,5.29683094e-07,18.5594691,0.529134711,0.0,0.80278,35.58207047,56.9074,16.2554,0.553035,29.39301318
thickness+bandgap.iv,46,46,1.2,,1.5,1.028715,-25.74307,63.4287912,38.6665654,19.5805367,43.7195216,0.128732329,5.30426316e-07,19.0347887,0.545747998,0.0,0.80278,35.58207047,56.9074,16.2554,0.553035,29.39301318
thickness+bandgap.iv,46,47,1.2,,1.5,1.05438,-26.8759614,64.5417114,38.6665654,19.8420716,44.5709054,0.128733837,5.31185296e-07,19.2876045,0.554467106,0.0,0.80278,35.58207047,56.9074,16.2554,0.553035,29.39301318
thickness+bandgap.iv,46,48,1.2,,1.5,1.077482,-27.4964285,65.141666,38.6665654,19.9830361,45.0298947,0.128734668,5.31953452e-07,19.4239508,0.559085216,0.0,0.80278,35.58207047,56.9074,16.2554,0.553035,29.39301318
thickness+bandgap.iv,46,49,1.2,,1.5,1.099274,-27.854749,65.4793253,38.6665654,20.0594922,45.2910974,0.128735114,5.32720524e-07,19.4979521,0.56154009,0.0,0.80278,35.58207047,56.9074,16.2554,0.553035,29.39301318
thickness+bandgap.iv,46,50,1.2,,1.5,1.120415,-28.083002,65.6873186,38.6665654,20.1068898,45.4516929,0.128735394,5.33476085e-07,19.5438042,0.563085531,0.0,0.80278,35.58207047,56.9074,16.2554,0.553035,29.39301318
thickness+bandgap.iv,46,51,1.2,,1.5,1.141235,-28.2469973,65.8312028,38.6665654,20.1398107,45.562656,0.128735589,5.34211753e-07,19.5756408,0.564169859,0.0,0.80278,35.58207047,56.9074,16.2554,0.553035,29.39301318
thickness+bandgap.iv,46,52,1.2,,1.5,1.161896,-28.3792814,65.9434567,38.6665654,20.1656175,45.649103,0.128735744,5.34944578e-07,19.6005887,0.565028758,0.0,0.80278,35.58207047,56.9074,16.2554,0.553035,29.39301318
thickness+bandgap.iv,46,53,1.2,,1.5,1.182473,-28.4946772,66.0388544,38.6665654,20.187606,45.722512,0.128735876,5.35662553e-07,19.6218411,0.565764909,0.0,0.80278,35.58207047,56.9074,16.2554,0.553035,29.39301318
thickness+bandgap.iv,46,54,1.2,,1.5,1.203002,-28.6004396,66.1246348,38.6665654,20.2074076,45.7884907,0.128735995,5.36368114e-07,19.6409771,0.566430458,0.0,0.80278,35.58207047,56.9074,16.2554,0.553035,29.39301318
thickness+bandgap.iv,46,55,1.2,,1.5,1.223501,-28.7001337,66.2043529,38.6665654,20.2258138,45.8498025,0.128736107,5.37065967e-07,19.6587635,0.567050331,0.0,0.80278,35.58207047,56.9074,16.2554,0.553035,29.39301318
thickness+bandgap.iv,46,56,1.2,,1.5,1.243976,-28.7951585,66.2794025,38.6665654,20.243138,45.9075278,0.128736211,5.37746259e-07,19.6755038,0.567634178,0.0,0.80278,35.58207047,56.9074,16.2554,0.553035,29.39301318
thickness+bandgap.iv,46,57,1.2,,1.5,1.264435,-28.8869277,66.3512005,38.6665654,20.2597113,45.9627524,0.128736312,5.3841796e-07,19.6915177,0.568193597,0.0,0.80278,35.58207047,56.9074,16.2554,0.553035,29.39301318
thickness+bandgap.iv,46,58,1.2,,1.5,1.284879,-28.9757769,66.4200765,38.6665654,20.2755975,46.0157421,0.128736408,5.39083087e-07,19.7068677,0.568729768,0.0,0.80278,35.58207047,56.9074,16.2554,0.553035,29.39301318
thickness+bandgap.iv,46,59,1.2,,1.5,1.30531,-29.0619424,66.4862678,38.6665654,20.2908548,46.0666759,0.128736501,5.39734265e-07,19.72161,0.569244793,0.0,0.80278,35.58207047,56.9074,16.2554,0.553035,29.39301318
thickness+bandgap.iv,46,60,1.2,,1.5,1.325729,-29.1457473,66.5500981,38.6665654,20.3055599,46.1158011,0.128736591,5.40380407e-07,19.7358185,0.569741347,0.0,0.80278,35.58207047,56.9074,16.2554,0.553035,29.39301318
thickness+bandgap.iv,46,61,1.2,,1.5,1.346137,-29.2273034,66.6116784,38.6665654,20.3197372,46.1632039,0.128736677,5.41017649e-07,19.7495171,0.570220097,0.0,0.80278,35.58207047,56.9074,16.2554,0.553035,29.39301318
thickness+bandgap.iv,47,1,1.247,,1.5,-0.173093,34.6186395,2.49822677,37.1928342,0.532584703,1.83716006,0.128481046,9.59848033e-07,0.519447224,0.0131374791,0.0,0.848371,34.12984513,58.8457,17.0386,0.597391,28.52173202
thickness+bandgap.iv,47,2,1.247,,1.5,-0.152829,34.5657437,2.53111749,37.1928342,0.544693988,1.85793602,0.128486514,9.59849144e-07,0.531215439,0.0134785491,0.0,0.848371,34.12984513,58.8457,17.0386,0.597391,28.52173202
thickness+bandgap.iv,47,3,1.247,,1.5,-0.132559,34.5118185,2.56504265,37.1928342,0.557258267,1.87929146,0.128491966,9.59850294e-07,0.543425442,0.013832825,0.0,0.848371,34.12984513,58.8457,17.0386,0.597391,28.52173202
thickness+bandgap.iv,47,4,1.247,,1.5,-0.112284,34.4568068,2.60005435,37.1928342,0.570302199,1.90125379,0.128497401,9.59851481e-07,0.556101269,0.0142009297,0.0,0.848371,34.12984513,58.8457,17.0386,0.597391,28.52173202
thickness+bandgap.iv,47,5,1.247,,1.5,-0.092003,34.4006489,2.6362123,37.1928342,0.583854314,1.92385421,0.128502816,9.59852708e-07,0.569270627,0.0145836868,0.0,0.848371,34.12984513,58.8457,17.0386,0.597391,28.52173202
thickness+bandgap.iv,47,6,1.247,,1.5,-0.071716,34.3432803,2.67358093,37.1928342,0.597945441,1.94712632,0.12850821,9.59853976e-07,0.582963456,0.014981985,0.0,0.848371,34.12984513,58.8457,17.0386,0.597391,28.52173202
thickness+bandgap.iv,47,7,1.247,,1.5,-0.051423,34.2846313,2.71222991,37.1928342,0.61260896,1.97110641,0.128513581,9.59855289e-07,0.597212176,0.0153967841,0.0,0.848371,34.12984513,58.8457,17.0386,0.597391,28.52173202
thickness+bandgap.iv,47,8,1.247,,1.5,-0.031123,34.2246265,2.75223473,37.1928342,0.627881083,1.99583376,0.128518927,9.59856649e-07,0.61205196,0.0158291238,0.0,0.848371,34.12984513,58.8457,17.0386,0.597391,28.52173202
thickness+bandgap.iv,47,9,1.247,,1.5,-0.010816,34.1631838,2.79367735,37.1928342,0.643801186,2.02135095,0.128524245,9.59858058e-07,0.627521054,0.0162801313,0.0,0.848371,34.12984513,58.8457,17.0386,0.597391,28.52173202
thickness+bandgap.iv,47,10,1.247,,1.5,0.009499,34.1002142,2.83664698,37.1928342,0.660412174,2.04770431,0.128529534,9.5985952e-07,0.643661142,0.0167510319,0.0,0.848371,34.12984513,58.8457,17.0386,0.597391,28.52173202
thickness+bandgap.iv,47,11,1.247,,1.5,0.029822,34.0356202,2.88124095,37.1928342,0.677760919,2.07494428,0.128534792,9.59861038e-07,0.660517758,0.0172431603,0.0,0.848371,34.12984513,58.8457,17.0386,0.597391,28.52173202
thickness+bandgap.iv,47,12,1.247,,1.5,0.050154,33.9692954,2.92756574,37.1928342,0.695898755,2.10312601,0.128540018,9.59862616e-07,0.678140781,0.0177579734,0.0,0.848371,34.12984513,58.8457,17.0386,0.597391,28.52173202
thickness+bandgap.iv,47,13,1.247,,1.5,0.070494,33.9011229,2.97573813,37.1928342,0.71488206,2.1323099,0.128545208,9.59864258e-07,0.696584995,0.0182970655,0.0,0.848371,34.12984513,58.8457,17.0386,0.597391,28.52173202
thickness+bandgap.iv,47,14,1.247,,1.5,0.090845,33.8309743,3.02588662,37.1928342,0.734772945,2.16256235,0.128550363,9.59865969e-07,0.715910759,0.018862186,0.0,0.848371,34.12984513,58.8457,17.0386,0.597391,28.52173202
thickness+bandgap.iv,47,15,1.247,,1.5,0.111206,33.7587077,3.07815305,37.1928342,0.75564006,2.19395655,0.128555479,9.59867754e-07,0.736184801,0.0194552591,0.0,0.848371,34.12984513,58.8457,17.0386,0.597391,28.52173202
thickness+bandgap.iv,47,16,1.247,,1.5,0.131579,33.6841661,3.13269451,37.1928342,0.777559569,2.22657343,0.128560555,9.59869618e-07,0.757481161,0.0200784075,0.0,0.848371,34.12984513,58.8457,17.0386,0.597391,28.52173202
thickness+bandgap.iv,47,17,1.247,,1.5,0.151964,33.6071747,3.18968572,37.1928342,0.800616328,2.26050285,0.12856559,9.59871566e-07,0.779882348,0.0207339803,0.0,0.848371,34.12984513,58.8457,17.0386,0.597391,28.52173202
thickness+bandgap.iv,47,18,1.247,,1.5,0.172362,33.5275384,3.24932183,37.1928342,0.824905353,2.29584494,0.128570583,9.59873607e-07,0.803480768,0.0214245847,0.0,0.848371,34.12984513,58.8457,17.0386,0.597391,28.52173202
thickness+bandgap.iv,47,19,1.247,,1.5,0.192775,33.4450381,3.31182195,37.1928342,0.850533676,2.33271179,0.128575531,9.59875748e-07,0.828380551,0.0221531254,0.0,0.848371,34.12984513,58.8457,17.0386,0.597391,28.52173202
thickness+bandgap.iv,47,20,1.247,,1.5,0.213203,33.3594262,3.37743367,37.1928342,0.877622792,2.37122948,0.128580435,9.59877998e-07,0.854699941,0.0229228503,0.0,0.848371,34.12984513,58.8457,17.0386,0.597391,28.52173202
thickness+bandgap.iv,47,21,1.247,,1.5,0.233648,33.2704208,3.44643893,37.1928342,0.906311985,2.41154069,0.128585292,9.59880367e-07,0.882574579,0.0237374065,0.0,0.848371,34.12984513,58.8457,17.0386,0.597391,28.52173202
thickness+bandgap.iv,47,22,1.247,,1.5,0.254112,33.1776972,3.51916213,37.1928342,0.936763058,2.45380801,0.128590102,9.59882866e-07,0.912162149,0.0246009095,0.0,0.848371,34.12984513,58.8457,17.0386,0.597391,28.52173202
thickness+bandgap.iv,47,23,1.247,,1.5,0.274596,33.0808776,3.59598158,37.1928342,0.969167305,2.49821845,0.128594863,9.59885508e-07,0.943649275,0.0255180296,0.0,0.848371,34.12984513,58.8457,17.0386,0.597391,28.52173202
thickness+bandgap.iv,47,24,1.247,,1.5,0.295102,32.9795125,3.67734641,37.1928342,1.00375617,2.54498971,0.128599577,9.5988831e-07,0.977262067,0.026494104,0.0,0.848371,34.12984513,58.8457,17.0386,0.597391,28.52173202
thickness+bandgap.iv,47,25,1.247,,1.5,0.315635,32.8730559,3.76380274,37.1928342,1.04081795,2.59437959,0.12860424,9.59891291e-07,1.01328266,0.0275352884,0.0,0.848371,34.12984513,58.8457,17.0386,0.597391,28.52173202
thickness+bandgap.iv,47,26,1.247,,1.5,0.336196,32.7608236,3.8560349,37.1928342,1.08072426,2.64670083,0.128608854,9.59894476e-07,1.05207549,0.0286487721,0.0,0.848371,34.12984513,58.8457,17.0386,0.597391,28.52173202
thickness+bandgap.iv,47,27,1.247,,1.5,0.35679,32.6419255,3.95493275,37.1928342,1.12397239,2.70234599,0.128613419,9.59897895e-07,1.09412928,0.0298431041,0.0,0.848371,34.12984513,58.8457,17.0386,0.597391,28.52173202
thickness+bandgap.iv,47,28,1.247,,1.5,0.377424,32.5151545,4.06170311,37.1928342,1.17125261,2.76183161,0.128617933,9.59901593e-07,1.14012388,0.0311287255,0.0,0.848371,34.12984513,58.8457,17.0386,0.597391,28.52173202
thickness+bandgap.iv,47,29,1.247,,1.5,0.398106,32.3787986,4.17805863,37.1928342,1.22355559,2.82587968,0.128622399,9.59905629e-07,1.19103669,0.0325188958,0.0,0.848371,34.12984513,58.8457,17.0386,0.597391,28.52173202
thickness+bandgap.iv,47,30,1.247,,1.5,0.418848,32.230312,4.30654505,37.1928342,1.28234424,2.89557304,0.128626816,9.59910093e-07,1.24831283,0.0340314025,0.0,0.848371,34.12984513,58.8457,17.0386,0.597391,28.52173202
thickness+bandgap.iv,47,31,1.247,,1.5,0.439671,32.0657338,4.45112286,37.1928342,1.34983271,2.972658,0.128631188,9.59915127e-07,1.31414085,0.0356918546,0.0,0.848371,34.12984513,58.8457,17.0386,0.597391,28.52173202
thickness+bandgap.iv,47,32,1.247,,1.5,0.460607,31.8786288,4.61822721,37.1928342,1.42944925,3.06014149,0.128635517,9.59920959e-07,1.39190903,0.0375402133,0.0,0.848371,34.12984513,58.8457,17.0386,0.597391,28.52173202
thickness+bandgap.iv,47,33,1.247,,1.5,0.481709,31.6581177,4.81873813,37.1928342,1.52662114,3.16347622,0.12863981,9.59927975e-07,1.48697718,0.039643957,0.0,0.848371,34.12984513,58.8457,17.0386,0.597391,28.52173202
thickness+bandgap.iv,47,34,1.247,,1.5,0.503074,31.3851725,5.07168303,37.1928342,1.6501281,3.2929099,0.128644077,9.59936857e-07,1.60800334,0.0421247645,0.0,0.848371,34.12984513,58.8457,17.0386,0.597391,28.52173202
thickness+bandgap.iv,47,35,1.247,,1.5,0.524872,31.0256684,5.41118662,37.1928342,1.81444468,3.46809264,0.128648339,9.5994883e-07,1.76923244,0.0452122399,0.0,0.848371,34.12984513,58.8457,17.0386,0.597391,28.52173202
thickness+bandgap.iv,47,36,1.247,,1.5,0.547412,30.5175895,5.89926579,37.1928342,2.04372509,3.72688711,0.128652631,9.59966153e-07,1.99437549,0.0493495994,0.0,0.848371,34.12984513,58.8457,17.0386,0.597391,28.52173202
thickness+bandgap.iv,47,37,1.247,,1.5,0.571257,29.7486589,6.64819277,37.1928342,2.37820012,4.14133467,0.128657023,9.59992995e-07,2.32280926,0.0553908644,0.0,0.848371,34.12984513,58.8457,17.0386,0.597391,28.52173202
thickness+bandgap.iv,47,38,1.247,,1.5,0.597391,28.521732,7.85511539,37.1928342,2.88299068,4.84346212,0.128661634,9.60036941e-07,2.81806188,0.0649287977,0.0,0.848371,34.12984513,58.8457,17.0386,0.597391,28.52173202
thickness+bandgap.iv,47,39,1.247,,1.5,0.627421,26.515756,9.84108705,37.1928342,3.6555203,6.05689912,0.128666671,9.60111196e-07,3.57481349,0.0807068092,0.0,0.848371,34.12984513,58.8457,17.0386,0.597391,28.52173202
thickness+bandgap.iv,47,40,1.247,,1.5,0.663583,23.283463,13.0533767,37.1928342,4.81776852,8.10693474,0.128672441,9.60236834e-07,4.71102084,0.106747687,0.0,0.848371,34.12984513,58.8457,17.0386,0.597391,28.52173202
thickness+bandgap.iv,47,41,1.247,,1.5,0.708126,18.3748688,17.9420019,37.1928342,6.4689894,11.3443322,0.128679295,9.60443033e-07,6.32168783,0.147301571,0.0,0.848371,34.12984513,58.8457,17.0386,0.597391,28.52173202
thickness+bandgap.iv,47,42,1.247,,1.5,0.761826,11.6347111,24.6620448,37.1928342,8.59533524,15.9380211,0.128687425,9.60762331e-07,8.39140983,0.203925405,0.0,0.848371,34.12984513,58.8457,17.0386,0.597391,28.52173202
thickness+bandgap.iv,47,43,1.247,,1.5,0.822442,3.51158497,32.7655755,37.1928342,11.0036829,21.6331949,0.128696721,9.61224958e-07,10.7311291,0.272553781,0.0,0.848371,34.12984513,58.8457,17.0386,0.597391,28.52173202
thickness+bandgap.iv,47,44,1.247,,1.5,0.884973,-4.99459767,41.2506863,37.1928342,13.3720042,27.7499748,0.128706388,9.61848991e-07,13.0286122,0.343391957,0.0,0.848371,34.12984513,58.8457,17.0386,0.597391,28.52173202
thickness+bandgap.iv,47,45,1.247,,1.5,0.943436,-12.6871167,48.923249,37.1928342,15.3899101,33.4046224,0.128715483,9.62648304e-07,14.9837361,0.406173988,0.0,0.848371,34.12984513,58.8457,17.0386,0.597391,28.52173202
thickness+bandgap.iv,47,46,1.247,,1.5,0.993512,-18.7023063,54.9201124,37.1928342,16.887754,37.9036345,0.128722965,9.6361444e-07,16.4335561,0.454197896,0.0,0.848371,34.12984513,58.8457,17.0386,0.597391,28.52173202
thickness+bandgap.iv,47,47,1.247,,1.5,1.033963,-22.7925023,58.9905261,37.1928342,17.8603782,41.0014188,0.128728212,9.64724267e-07,17.3746315,0.485746697,0.0,0.848371,34.12984513,58.8457,17.0386,0.597391,28.52173202
thickness+bandgap.iv,47,48,1.247,,1.5,1.066291,-25.2582397,61.4359868,37.1928342,18.4264157,42.8808387,0.128731442,9.6592768e-07,17.9222016,0.504214041,0.0,0.848371,34.12984513,58.8457,17.0386,0.597391,28.52173202
thickness+bandgap.iv,47,49,1.247,,1.5,1.093162,-26.6324144,62.7902284,37.1928342,18.7349091,43.926585,0.128733272,9.67171388e-07,18.2205503,0.514358828,0.0,0.848371,34.12984513,58.8457,17.0386,0.597391,28.52173202
thickness+bandgap.iv,47,50,1.247,,1.5,1.116911,-27.3821001,63.5192991,37.1928342,18.8993379,44.491226,0.128734267,9.68437191e-07,18.3796608,0.519677094,0.0,0.848371,34.12984513,58.8457,17.0386,0.597391,28.52173202
thickness+bandgap.iv,47,51,1.247,,1.5,1.139028,-27.8055267,63.9219479,37.1928342,18.9875088,44.8057033,0.128734798,9.69705111e-07,18.4650385,0.522470369,0.0,0.848371,34.12984513,58.8457,17.0386,0.597391,28.52173202
thickness+bandgap.iv,47,52,1.247,,1.5,1.160329,-28.0658259,64.1619174,37.1928342,19.0402418,44.9929395,0.12873512,9.70959037e-07,18.5160797,0.524162051,0.0,0.848371,34.12984513,58.8457,17.0386,0.597391,28.52173202
thickness+bandgap.iv,47,53,1.247,,1.5,1.181228,-28.2456432,64.3215919,37.1928342,19.0754639,45.1173917,0.128735337,9.72174423e-07,18.5501601,0.525303845,0.0,0.848371,34.12984513,58.8457,17.0386,0.597391,28.52173202
thickness+bandgap.iv,47,54,1.247,,1.5,1.20193,-28.385987,64.4418828,37.1928342,19.1020921,45.2110543,0.128735502,9.73387895e-07,18.5759166,0.52617549,0.0,0.848371,34.12984513,58.8457,17.0386,0.597391,28.52173202
thickness+bandgap.iv,47,55,1.247,,1.5,1.222529,-28.5057557,64.5416438,37.1928342,19.1242537,45.2886534,0.12873564,9.74581125e-07,18.5973473,0.526906401,0.0,0.848371,34.12984513,58.8457,17.0386,0.597391,28.52173202
thickness+bandgap.iv,47,56,1.247,,1.5,1.243071,-28.6141115,64.6300111,37.1928342,19.143915,45.3573594,0.128735762,9.75750073e-07,18.6163573,0.527557689,0.0,0.848371,34.12984513,58.8457,17.0386,0.597391,28.52173202
thickness+bandgap.iv,47,57,1.247,,1.5,1.263577,-28.7154795,64.7113991,37.1928342,19.1620333,45.4206289,0.128735876,9.76898763e-07,18.633874,0.528159366,0.0,0.848371,34.12984513,58.8457,17.0386,0.597391,28.52173202
thickness+bandgap.iv,47,58,1.247,,1.5,1.28406,-28.8120632,64.7880063,37.1928342,19.1790864,45.480183,0.128735983,9.78035029e-07,18.6503599,0.528726457,0.0,0.848371,34.12984513,58.8457,17.0386,0.597391,28.52173202
thickness+bandgap.iv,47,59,1.247,,1.5,1.304523,-28.9046401,64.8606057,37.1928342,19.1952375,45.5366311,0.128736085,9.7914087e-07,18.6659738,0.529263672,0.0,0.848371,34.12984513,58.8457,17.0386,0.597391,28.52173202
thickness+bandgap.iv,47,60,1.247,,1.5,1.324972,-28.9943619,64.9303535,37.1928342,19.2107523,45.590864,0.128736182,9.8023443e-07,18.6809719,0.529780467,0.0,0.848371,34.12984513,58.8457,17.0386,0.597391,28.52173202
thickness+bandgap.iv,47,61,1.247,,1.5,1.345407,-29.0813449,64.99736,37.1928342,19.225644,45.6429787,0.128736276,9.81310391e-07,18.6953676,0.530276341,0.0,0.848371,34.12984513,58.8457,17.0386,0.597391,28.52173202
thickness+bandgap.iv,48,1,1.296,,1.5,-0.165321,33.0642672,2.29409214,35.4307713,0.442812723,1.72280967,0.128468014,1.73588907e-06,0.432483744,0.0103289789,0.0,0.895594,32.63166454,60.6492,17.7246,0.641947,27.61063256
thickness+bandgap.iv,48,2,1.296,,1.5,-0.145074,33.0147855,2.32356839,35.4307713,0.453089341,1.74200379,0.128473521,1.73589091e-06,0.442476127,0.0106132141,0.0,0.895594,32.63166454,60.6492,17.7246,0.641947,27.61063256
thickness+bandgap.iv,48,3,1.296,,1.5,-0.124822,32.9644145,2.3539394,35.4307713,0.463746841,1.76171181,0.128479017,1.73589281e-06,0.452838379,0.0109084614,0.0,0.895594,32.63166454,60.6492,17.7246,0.641947,27.61063256
thickness+bandgap.iv,48,4,1.296,,1.5,-0.104566,32.9131084,2.38524555,35.4307713,0.474804173,1.78195514,0.128484501,1.73589477e-06,0.463589011,0.0112151618,0.0,0.895594,32.63166454,60.6492,17.7246,0.641947,27.61063256
thickness+bandgap.iv,48,5,1.296,,1.5,-0.084304,32.8608194,2.41753453,35.4307713,0.486283543,1.80275928,0.128489971,1.73589679e-06,0.474749591,0.0115339526,0.0,0.895594,32.63166454,60.6492,17.7246,0.641947,27.61063256
thickness+bandgap.iv,48,6,1.296,,1.5,-0.064037,32.8074963,2.45085761,35.4307713,0.498208894,1.82415156,0.128495426,1.73589888e-06,0.486343374,0.0118655199,0.0,0.895594,32.63166454,60.6492,17.7246,0.641947,27.61063256
thickness+bandgap.iv,48,7,1.296,,1.5,-0.043765,32.7530839,2.48527006,35.4307713,0.510606077,1.84616139,0.128500863,1.73590104e-06,0.498395473,0.0122106036,0.0,0.895594,32.63166454,60.6492,17.7246,0.641947,27.61063256
thickness+bandgap.iv,48,8,1.296,,1.5,-0.023488,32.6975224,2.5208315,35.4307713,0.523503059,1.86882043,0.12850628,1.73590327e-06,0.510933056,0.0125700032,0.0,0.895594,32.63166454,60.6492,17.7246,0.641947,27.61063256
thickness+bandgap.iv,48,9,1.296,,1.5,-0.003204,32.6407475,2.55760641,35.4307713,0.536930142,1.89216286,0.128511675,1.73590558e-06,0.523985559,0.0129445835,0.0,0.895594,32.63166454,60.6492,17.7246,0.641947,27.61063256
thickness+bandgap.iv,48,10,1.296,,1.5,0.017087,32.5826893,2.59566465,35.4307713,0.550920221,1.91622564,0.128517046,1.73590797e-06,0.537584939,0.0133352817,0.0,0.895594,32.63166454,60.6492,17.7246,0.641947,27.61063256
thickness+bandgap.iv,48,11,1.296,,1.5,0.037384,32.5232719,2.63508204,35.4307713,0.565509073,1.94104883,0.128522392,1.73591045e-06,0.551765957,0.0137431154,0.0,0.895594,32.63166454,60.6492,17.7246,0.641947,27.61063256
thickness+bandgap.iv,48,12,1.296,,1.5,0.057688,32.4624128,2.67594108,35.4307713,0.58073569,1.96667595,0.12852771,1.73591302e-06,0.566566499,0.0141691909,0.0,0.895594,32.63166454,60.6492,17.7246,0.641947,27.61063256
thickness+bandgap.iv,48,13,1.296,,1.5,0.078,32.4000222,2.71833175,35.4307713,0.59664266,1.99315435,0.128532998,1.73591568e-06,0.582027947,0.0146147137,0.0,0.895594,32.63166454,60.6492,17.7246,0.641947,27.61063256
thickness+bandgap.iv,48,14,1.296,,1.5,0.09832,32.3360016,2.76235236,35.4307713,0.613276607,2.02053576,0.128538255,1.73591846e-06,0.598195608,0.0150809996,0.0,0.895594,32.63166454,60.6492,17.7246,0.641947,27.61063256
thickness+bandgap.iv,48,15,1.296,,1.5,0.118649,32.2702433,2.80811065,35.4307713,0.630688699,2.04887674,0.128543477,1.73592134e-06,0.615119211,0.0155694884,0.0,0.895594,32.63166454,60.6492,17.7246,0.641947,27.61063256
thickness+bandgap.iv,48,16,1.296,,1.5,0.138987,32.2026289,2.85572502,35.4307713,0.648935249,2.07823937,0.128548665,1.73592434e-06,0.63285349,0.0160817586,0.0,0.895594,32.63166454,60.6492,17.7246,0.641947,27.61063256
thickness+bandgap.iv,48,17,1.296,,1.5,0.159335,32.1330279,2.90532594,35.4307713,0.668078414,2.10869198,0.128553815,1.73592747e-06,0.651458869,0.016619545,0.0,0.895594,32.63166454,60.6492,17.7246,0.641947,27.61063256
thickness+bandgap.iv,48,18,1.296,,1.5,0.179694,32.061296,2.95705767,35.4307713,0.68818704,2.14030997,0.128558927,1.73593074e-06,0.671002281,0.0171847597,0.0,0.895594,32.63166454,60.6492,17.7246,0.641947,27.61063256
thickness+bandgap.iv,48,19,1.296,,1.5,0.200064,31.9872732,3.0110803,35.4307713,0.70933768,2.17317689,0.128563998,1.73593416e-06,0.691558165,0.0177795153,0.0,0.895594,32.63166454,60.6492,17.7246,0.641947,27.61063256
thickness+bandgap.iv,48,20,1.296,,1.5,0.220446,31.9107812,3.06757223,35.4307713,0.731615846,2.20738562,0.128569027,1.73593773e-06,0.713209692,0.0184061537,0.0,0.895594,32.63166454,60.6492,17.7246,0.641947,27.61063256
thickness+bandgap.iv,48,21,1.296,,1.5,0.240842,31.83162,3.1267332,35.4307713,0.755117592,2.24303986,0.128574013,1.73594148e-06,0.736050313,0.0190672786,0.0,0.895594,32.63166454,60.6492,17.7246,0.641947,27.61063256
thickness+bandgap.iv,48,22,1.296,,1.5,0.261252,31.7495649,3.18878818,35.4307713,0.77995157,2.28025592,0.128578954,1.73594542e-06,0.760185773,0.0197657963,0.0,0.895594,32.63166454,60.6492,17.7246,0.641947,27.61063256
thickness+bandgap.iv,48,23,1.296,,1.5,0.281678,31.6643605,3.25399232,35.4307713,0.806241783,2.31916495,0.128583849,1.73594956e-06,0.78573682,0.0205049625,0.0,0.895594,32.63166454,60.6492,17.7246,0.641947,27.61063256
thickness+bandgap.iv,48,24,1.296,,1.5,0.302121,31.575715,3.32263769,35.4307713,0.834131453,2.3599158,0.128588697,1.73595392e-06,0.812843012,0.0212884414,0.0,0.895594,32.63166454,60.6492,17.7246,0.641947,27.61063256
thickness+bandgap.iv,48,25,1.296,,1.5,0.322584,31.4832898,3.39506272,35.4307713,0.863788669,2.40267882,0.128593498,1.73595853e-06,0.841668291,0.0221203782,0.0,0.895594,32.63166454,60.6492,17.7246,0.641947,27.61063256
thickness+bandgap.iv,48,26,1.296,,1.5,0.343067,31.3866865,3.47166589,35.4307713,0.895414932,2.44765097,0.128598249,1.73596341e-06,0.872409441,0.0230054914,0.0,0.895594,32.63166454,60.6492,17.7246,0.641947,27.61063256
thickness+bandgap.iv,48,27,1.296,,1.5,0.363573,31.2854255,3.55292662,35.4307713,0.929258464,2.49506347,0.128602951,1.73596859e-06,0.905309268,0.0239491958,0.0,0.895594,32.63166454,60.6492,17.7246,0.641947,27.61063256
thickness+bandgap.iv,48,28,1.296,,1.5,0.384105,31.1789139,3.63943796,35.4307713,0.965635259,2.54519336,0.128607604,1.73597411e-06,0.940677487,0.0249577722,0.0,0.895594,32.63166454,60.6492,17.7246,0.641947,27.61063256
thickness+bandgap.iv,48,29,1.296,,1.5,0.404668,31.0663923,3.73195921,35.4307713,1.00496264,2.59838263,0.128612206,1.73598003e-06,0.978924021,0.026038618,0.0,0.895594,32.63166454,60.6492,17.7246,0.641947,27.61063256
thickness+bandgap.iv,48,30,1.296,,1.5,0.425266,30.9468487,3.83150264,35.4307713,1.04781271,2.65507143,0.128616758,1.73598641e-06,1.02061207,0.0272006439,0.0,0.895594,32.63166454,60.6492,17.7246,0.641947,27.61063256
thickness+bandgap.iv,48,31,1.296,,1.5,0.445906,30.8188722,3.93947884,35.4307713,1.09499733,2.71585852,0.128621261,1.73599334e-06,1.06654238,0.0284549464,0.0,0.895594,32.63166454,60.6492,17.7246,0.641947,27.61063256
thickness+bandgap.iv,48,32,1.296,,1.5,0.466598,30.6804046,4.05794614,35.4307713,1.14770338,2.78161531,0.128625714,1.73600096e-06,1.11788736,0.0298160233,0.0,0.895594,32.63166454,60.6492,17.7246,0.641947,27.61063256
thickness+bandgap.iv,48,33,1.296,,1.5,0.487358,30.5283017,4.19004889,35.4307713,1.20771038,2.85370666,0.12863012,1.73600947e-06,1.1764063,0.0313040782,0.0,0.895594,32.63166454,60.6492,17.7246,0.641947,27.61063256
thickness+bandgap.iv,48,34,1.296,,1.5,0.508212,30.3575418,4.34080838,35.4307713,1.27774712,2.93442504,0.128634481,1.73601921e-06,1.24479757,0.032949548,0.0,0.895594,32.63166454,60.6492,17.7246,0.641947,27.61063256
thickness+bandgap.iv,48,35,1.296,,1.5,0.529201,30.159768,4.51858195,35.4307713,1.36208968,3.02785173,0.128638801,1.73603074e-06,1.3272875,0.0348021838,0.0,0.895594,32.63166454,60.6492,17.7246,0.641947,27.61063256
thickness+bandgap.iv,48,36,1.296,,1.5,0.550397,29.9205535,4.73779603,35.4307713,1.46758357,3.14156764,0.12864309,1.736045e-06,1.43063412,0.036949449,0.0,0.895594,32.63166454,60.6492,17.7246,0.641947,27.61063256
thickness+bandgap.iv,48,37,1.296,,1.5,0.571929,29.6142619,5.02408715,35.4307713,1.60540726,3.2900308,0.128647361,1.7360637e-06,1.56585352,0.0395537381,0.0,0.895594,32.63166454,60.6492,17.7246,0.641947,27.61063256
thickness+bandgap.iv,48,38,1.296,,1.5,0.594028,29.1944794,5.42386955,35.4307713,1.79409298,3.50112319,0.128651642,1.73608998e-06,1.75116647,0.0429265189,0.0,0.895594,32.63166454,60.6492,17.7246,0.641947,27.61063256
thickness+bandgap.iv,48,39,1.296,,1.5,0.617116,28.5768293,6.02151757,35.4307713,2.06450915,3.82835071,0.128655984,1.73612959e-06,2.01683865,0.0476704946,0.0,0.895594,32.63166454,60.6492,17.7246,0.641947,27.61063256
thickness+bandgap.iv,48,40,1.296,,1.5,0.641947,27.6106326,6.96771078,35.4307713,2.46727507,4.3717735,0.128660477,1.73619309e-06,2.41234454,0.0549305295,0.0,0.895594,32.63166454,60.6492,17.7246,0.641947,27.61063256
thickness+bandgap.iv,48,41,1.296,,1.5,0.669796,26.0407974,8.51754037,35.4307713,3.08103809,5.30783527,0.128665284,1.73629919e-06,3.01427733,0.0667607553,0.0,0.895594,32.63166454,60.6492,17.7246,0.641947,27.61063256
thickness+bandgap.iv,48,42,1.296,,1.5,0.702587,23.4826276,11.0557074,35.4307713,4.01337091,6.91366415,0.128670658,1.73647891e-06,3.92694272,0.086428184,0.0,0.895594,32.63166454,60.6492,17.7246,0.641947,27.61063256
thickness+bandgap.iv,48,43,1.296,,1.5,0.742615,19.4770267,15.041339,35.4307713,5.37465074,9.53800961,0.128676933,1.7367776e-06,5.25662565,0.118025089,0.0,0.895594,32.63166454,60.6492,17.7246,0.641947,27.61063256
thickness+bandgap.iv,48,44,1.296,,1.5,0.791456,13.7088181,20.7895287,35.4307713,7.20756664,13.453276,0.128684387,1.73725019e-06,7.04307183,0.164494817,0.0,0.895594,32.63166454,60.6492,17.7246,0.641947,27.61063256
thickness+bandgap.iv,48,45,1.296,,1.5,0.848334,6.33311907,28.1453805,35.4307713,9.40500615,18.6116795,0.128693071,1.73794971e-06,9.18046264,0.224543515,0.0,0.895594,32.63166454,60.6492,17.7246,0.641947,27.61063256
thickness+bandgap.iv,48,46,1.296,,1.5,0.909482,-1.8964128,36.3545445,35.4307713,11.705612,24.5202283,0.128702494,1.73891243e-06,11.4144489,0.291163068,0.0,0.895594,32.63166454,60.6492,17.7246,0.641947,27.61063256
thickness+bandgap.iv,48,47,1.296,,1.5,0.969251,-9.85024847,44.2892954,35.4307713,13.7977384,30.3628434,0.128711849,1.74016566e-06,13.4430713,0.354667124,0.0,0.895594,32.63166454,60.6492,17.7246,0.641947,27.61063256
thickness+bandgap.iv,48,48,1.296,,1.5,1.022601,-16.5202783,50.9377526,35.4307713,15.4492281,35.3598029,0.128719897,1.74170234e-06,15.0432379,0.405990159,0.0,0.895594,32.63166454,60.6492,17.7246,0.641947,27.61063256
thickness+bandgap.iv,48,49,1.296,,1.5,1.066756,-21.3511079,55.7503789,35.4307713,16.594178,39.0274731,0.128726088,1.74350384e-06,16.1514262,0.442751766,0.0,0.895594,32.63166454,60.6492,17.7246,0.641947,27.61063256
thickness+bandgap.iv,48,50,1.296,,1.5,1.102125,-24.4249615,58.8041445,35.4307713,17.2927608,41.3826518,0.128730096,1.74549553e-06,16.8275029,0.465257938,0.0,0.895594,32.63166454,60.6492,17.7246,0.641947,27.61063256
thickness+bandgap.iv,48,51,1.296,,1.5,1.130965,-26.1930535,60.5524358,35.4307713,17.6843732,42.7393283,0.128732451,1.74758857e-06,17.2063753,0.477997931,0.0,0.895594,32.63166454,60.6492,17.7246,0.641947,27.61063256
thickness+bandgap.iv,48,52,1.296,,1.5,1.155813,-27.1626943,61.5016183,35.4307713,17.8937147,43.4791681,0.128733739,1.74974467e-06,17.4089789,0.484735872,0.0,0.895594,32.63166454,60.6492,17.7246,0.641947,27.61063256
thickness+bandgap.iv,48,53,1.296,,1.5,1.178497,-27.6994223,62.0173409,35.4307713,18.0070489,43.8815558,0.128734449,1.75190328e-06,17.5187918,0.488257128,0.0,0.895594,32.63166454,60.6492,17.7246,0.641947,27.61063256
thickness+bandgap.iv,48,54,1.296,,1.5,1.200079,-28.0157985,62.3134722,35.4307713,18.0677581,44.1169775,0.128734814,1.75405106e-06,17.5775467,0.490211444,0.0,0.895594,32.63166454,60.6492,17.7246,0.641947,27.61063256
thickness+bandgap.iv,48,55,1.296,,1.5,1.221118,-28.2235947,62.5011153,35.4307713,18.1081612,44.2642173,0.128735069,1.7561632e-06,17.6166547,0.491506405,0.0,0.895594,32.63166454,60.6492,17.7246,0.641947,27.61063256
thickness+bandgap.iv,48,56,1.296,,1.5,1.241887,-28.3774548,62.6349028,35.4307713,18.1370196,44.3691462,0.128735251,1.75821669e-06,17.6445819,0.492437699,0.0,0.895594,32.63166454,60.6492,17.7246,0.641947,27.61063256
thickness+bandgap.iv,48,57,1.296,,1.5,1.262523,-28.5045214,62.741952,35.4307713,18.1601963,44.4530186,0.128735399,1.76026267e-06,17.6670038,0.493192531,0.0,0.895594,32.63166454,60.6492,17.7246,0.641947,27.61063256
thickness+bandgap.iv,48,58,1.296,,1.5,1.283085,-28.617037,62.8344708,35.4307713,18.1802602,44.5254733,0.128735528,1.76226655e-06,17.6864111,0.493849091,0.0,0.895594,32.63166454,60.6492,17.7246,0.641947,27.61063256
thickness+bandgap.iv,48,59,1.296,,1.5,1.303605,-28.7210481,62.9184953,35.4307713,18.198496,44.5912619,0.128735645,1.76423521e-06,17.7040483,0.49444767,0.0,0.895594,32.63166454,60.6492,17.7246,0.641947,27.61063256
thickness+bandgap.iv,48,60,1.296,,1.5,1.324098,-28.819525,62.9969901,35.4307713,18.2155333,44.6527193,0.128735754,1.76618195e-06,17.7205254,0.495007896,0.0,0.895594,32.63166454,60.6492,17.7246,0.641947,27.61063256
thickness+bandgap.iv,48,61,1.296,,1.5,1.344568,-28.9136145,63.0710973,35.4307713,18.2316096,44.7107501,0.128735858,1.76807779e-06,17.7360728,0.495536738,0.0,0.895594,32.63166454,60.6492,17.7246,0.641947,27.61063256
thickness+bandgap.iv,49,1,1.347,,1.5,-0.158651,31.7302079,2.33832586,34.1357488,0.432630985,1.77723688,0.128454862,3.13425659e-06,0.42272254,0.00990844555,0.0,0.944457,31.3326361,61.9565,18.3344,0.686456,26.7087012
thickness+bandgap.iv,49,2,1.347,,1.5,-0.138412,31.682397,2.36613725,34.1357488,0.442185964,1.79548775,0.128460396,3.13426018e-06,0.432013907,0.0101720564,0.0,0.944457,31.3326361,61.9565,18.3344,0.686456,26.7087012
thickness+bandgap.iv,49,3,1.347,,1.5,-0.118169,31.6338034,2.39473086,34.1357488,0.452072657,1.81418914,0.128465926,3.13426387e-06,0.441627525,0.0104451315,0.0,0.944457,31.3326361,61.9565,18.3344,0.686456,26.7087012
thickness+bandgap.iv,49,4,1.347,,1.5,-0.097922,31.5843895,2.42414481,34.1357488,0.462308407,1.83336182,0.128471447,3.13426767e-06,0.451580202,0.0107282044,0.0,0.944457,31.3326361,61.9565,18.3344,0.686456,26.7087012
thickness+bandgap.iv,49,5,1.347,,1.5,-0.077671,31.5341155,2.45441867,34.1357488,0.472911544,1.85302703,0.12847696,3.13427158e-06,0.461889741,0.0110218029,0.0,0.944457,31.3326361,61.9565,18.3344,0.686456,26.7087012
thickness+bandgap.iv,49,6,1.347,,1.5,-0.057415,31.4829384,2.48559479,34.1357488,0.483901721,1.87320747,0.128482463,3.13427561e-06,0.472575229,0.0113264923,0.0,0.944457,31.3326361,61.9565,18.3344,0.686456,26.7087012
thickness+bandgap.iv,49,7,1.347,,1.5,-0.037154,31.4308143,2.51771852,34.1357488,0.495300047,1.89392739,0.128487952,3.13427977e-06,0.483657168,0.0116428788,0.0,0.944457,31.3326361,61.9565,18.3344,0.686456,26.7087012
thickness+bandgap.iv,49,8,1.347,,1.5,-0.016888,31.3776943,2.55083855,34.1357488,0.50712922,1.91521277,0.128493427,3.13428406e-06,0.495157607,0.0119716138,0.0,0.944457,31.3326361,61.9565,18.3344,0.686456,26.7087012
thickness+bandgap.iv,49,9,1.347,,1.5,0.003382,31.3235256,2.58500721,34.1357488,0.519413696,1.93709149,0.128498885,3.13428849e-06,0.507100298,0.0123133978,0.0,0.944457,31.3326361,61.9565,18.3344,0.686456,26.7087012
thickness+bandgap.iv,49,10,1.347,,1.5,0.023659,31.268252,2.62028084,34.1357488,0.532179858,1.95959352,0.128504324,3.13429307e-06,0.519510872,0.0126689855,0.0,0.944457,31.3326361,61.9565,18.3344,0.686456,26.7087012
thickness+bandgap.iv,49,11,1.347,,1.5,0.043941,31.2118126,2.65672023,34.1357488,0.545456222,1.98275113,0.128509743,3.1342978e-06,0.532417031,0.0130391915,0.0,0.944457,31.3326361,61.9565,18.3344,0.686456,26.7087012
thickness+bandgap.iv,49,12,1.347,,1.5,0.064229,31.1541417,2.6943911,34.1357488,0.559273667,2.00659916,0.128515139,3.1343027e-06,0.54584877,0.0134248963,0.0,0.944457,31.3326361,61.9565,18.3344,0.686456,26.7087012
thickness+bandgap.iv,49,13,1.347,,1.5,0.084524,31.0951682,2.73336463,34.1357488,0.573665688,2.03117529,0.12852051,3.13430776e-06,0.559838635,0.0138270531,0.0,0.944457,31.3326361,61.9565,18.3344,0.686456,26.7087012
thickness+bandgap.iv,49,14,1.347,,1.5,0.104826,31.0348148,2.77371805,34.1357488,0.588668703,2.05652036,0.128525855,3.13431302e-06,0.574422006,0.0142466964,0.0,0.944457,31.3326361,61.9565,18.3344,0.686456,26.7087012
thickness+bandgap.iv,49,15,1.347,,1.5,0.125135,30.9729974,2.81553543,34.1357488,0.604322385,2.08267874,0.128531171,3.13431847e-06,0.589637434,0.0146849505,0.0,0.944457,31.3326361,61.9565,18.3344,0.686456,26.7087012
thickness+bandgap.iv,49,16,1.347,,1.5,0.145452,30.9096244,2.85890842,34.1357488,0.620670069,2.10969876,0.128536456,3.13432413e-06,0.605527029,0.01514304,0.0,0.944457,31.3326361,61.9565,18.3344,0.686456,26.7087012
thickness+bandgap.iv,49,17,1.347,,1.5,0.165777,30.8445956,2.90393725,34.1357488,0.637759207,2.1376332,0.128541708,3.13433001e-06,0.622136905,0.0156223018,0.0,0.944457,31.3326361,61.9565,18.3344,0.686456,26.7087012
thickness+bandgap.iv,49,18,1.347,,1.5,0.186111,30.777801,2.95073179,34.1357488,0.655641901,2.16653983,0.128546926,3.13433612e-06,0.639517703,0.0161241986,0.0,0.944457,31.3326361,61.9565,18.3344,0.686456,26.7087012
thickness+bandgap.iv,49,19,1.347,,1.5,0.206454,30.7091199,2.9994129,34.1357488,0.67437553,2.19648212,0.128552108,3.13434249e-06,0.657725195,0.0166503344,0.0,0.944457,31.3326361,61.9565,18.3344,0.686456,26.7087012
thickness+bandgap.iv,49,20,1.347,,1.5,0.226808,30.638419,3.05011384,34.1357488,0.694023483,2.22752997,0.128557252,3.13434914e-06,0.67682101,0.0172024733,0.0,0.944457,31.3326361,61.9565,18.3344,0.686456,26.7087012
thickness+bandgap.iv,49,21,1.347,,1.5,0.247172,30.5655507,3.10298215,34.1357488,0.714656058,2.2597606,0.128562356,3.13435607e-06,0.696873498,0.01778256,0.0,0.944457,31.3326361,61.9565,18.3344,0.686456,26.7087012
thickness+bandgap.iv,49,22,1.347,,1.5,0.267548,30.490351,3.1581818,34.1357488,0.736351544,2.2932597,0.128567419,3.13436332e-06,0.717958798,0.0183927454,0.0,0.944457,31.3326361,61.9565,18.3344,0.686456,26.7087012
thickness+bandgap.iv,49,23,1.347,,1.5,0.287937,30.412637,3.21589582,34.1357488,0.759197584,2.32812266,0.128572439,3.1343709e-06,0.740162169,0.0190354151,0.0,0.944457,31.3326361,61.9565,18.3344,0.686456,26.7087012
thickness+bandgap.iv,49,24,1.347,,1.5,0.308339,30.3322032,3.27632962,34.1357488,0.783292912,2.36445616,0.128577415,3.13437886e-06,0.763579687,0.0197132247,0.0,0.944457,31.3326361,61.9565,18.3344,0.686456,26.7087012
thickness+bandgap.iv,49,25,1.347,,1.5,0.328756,30.2488176,3.33971525,34.1357488,0.808749659,2.40238011,0.128582346,3.13438721e-06,0.788320517,0.0204291412,0.0,0.944457,31.3326361,61.9565,18.3344,0.686456,26.7087012
thickness+bandgap.iv,49,26,1.347,,1.5,0.349189,30.1622158,3.406317,34.1357488,0.835696545,2.44203009,0.12858723,3.134396e-06,0.814510052,0.021186493,0.0,0.944457,31.3326361,61.9565,18.3344,0.686456,26.7087012
thickness+bandgap.iv,49,27,1.347,,1.5,0.36964,30.0720936,3.47643921,34.1357488,0.864283499,2.48356051,0.128592066,3.13440527e-06,0.842294466,0.0219890322,0.0,0.944457,31.3326361,61.9565,18.3344,0.686456,26.7087012
thickness+bandgap.iv,49,28,1.347,,1.5,0.39011,29.9780952,3.55043746,34.1357488,0.894688564,2.52714891,0.128596854,3.13441507e-06,0.871847552,0.0228410123,0.0,0.944457,31.3326361,61.9565,18.3344,0.686456,26.7087012
thickness+bandgap.iv,49,29,1.347,,1.5,0.410601,29.8797972,3.62873537,34.1357488,0.927128574,2.57300207,0.128601593,3.13442545e-06,0.903381285,0.0237472893,0.0,0.944457,31.3326361,61.9565,18.3344,0.686456,26.7087012
thickness+bandgap.iv,49,30,1.347,,1.5,0.431117,29.7766818,3.71185057,34.1357488,0.961875967,2.62136519,0.128606281,3.13443649e-06,0.937162508,0.0247134595,0.0,0.944457,31.3326361,61.9565,18.3344,0.686456,26.7087012
thickness+bandgap.iv,49,31,1.347,,1.5,0.45166,29.6680959,3.80043628,34.1357488,0.999285563,2.67253666,0.12861092,3.13444828e-06,0.973539507,0.0257460559,0.0,0.944457,31.3326361,61.9565,18.3344,0.686456,26.7087012
thickness+bandgap.iv,49,32,1.347,,1.5,0.472234,29.553183,3.89534908,34.1357488,1.03983724,2.72689321,0.128615508,3.13446093e-06,1.01298439,0.0268528517,0.0,0.944457,31.3326361,61.9565,18.3344,0.686456,26.7087012
thickness+bandgap.iv,49,33,1.347,,1.5,0.492846,29.4307703,3.99776179,34.1357488,1.08420367,2.78493494,0.128620045,3.13447462e-06,1.05616031,0.0280433587,0.0,0.944457,31.3326361,61.9565,18.3344,0.686456,26.7087012
thickness+bandgap.iv,49,34,1.347,,1.5,0.513504,29.2991769,4.1093549,34.1357488,1.13335775,2.84736949,0.128624533,3.13448958e-06,1.10402804,0.0293297083,0.0,0.944457,31.3326361,61.9565,18.3344,0.686456,26.7087012
thickness+bandgap.iv,49,35,1.347,,1.5,0.534221,29.1558821,4.23264945,34.1357488,1.18874392,2.91527342,0.128628972,3.13450616e-06,1.15801563,0.0307282907,0.0,0.944457,31.3326361,61.9565,18.3344,0.686456,26.7087012
thickness+bandgap.iv,49,36,1.347,,1.5,0.555015,28.9969306,4.37160074,34.1357488,1.25255587,2.99040837,0.128633364,3.13452491e-06,1.22029294,0.0322629346,0.0,0.944457,31.3326361,61.9565,18.3344,0.686456,26.7087012
thickness+bandgap.iv,49,37,1.347,,1.5,0.575921,28.8158477,4.53268361,34.1357488,1.32819629,3.07584647,0.128637712,3.13454675e-06,1.29422505,0.03397124,0.0,0.944457,31.3326361,61.9565,18.3344,0.686456,26.7087012
thickness+bandgap.iv,49,38,1.347,,1.5,0.596992,28.6016187,4.72691243,34.1357488,1.42105428,3.177213,0.128642023,3.13457323e-06,1.38513691,0.035917363,0.0,0.944457,31.3326361,61.9565,18.3344,0.686456,26.7087012
thickness+bandgap.iv,49,39,1.347,,1.5,0.618326,28.3348979,4.97363272,34.1357488,1.53983694,3.30514634,0.128646307,3.13460708e-06,1.50161904,0.0382179009,0.0,0.944457,31.3326361,61.9565,18.3344,0.686456,26.7087012
thickness+bandgap.iv,49,40,1.347,,1.5,0.640095,27.9809276,5.3076029,34.1357488,1.69884786,3.48010132,0.128650585,3.13465325e-06,1.65775409,0.0410937728,0.0,0.944457,31.3326361,61.9565,18.3344,0.686456,26.7087012
thickness+bandgap.iv,49,41,1.347,,1.5,0.662617,27.4766434,5.79188559,34.1357488,1.92178625,3.74144131,0.128654892,3.13472078e-06,1.87681503,0.0449712135,0.0,0.944457,31.3326361,61.9565,18.3344,0.686456,26.7087012
thickness+bandgap.iv,49,42,1.347,,1.5,0.686456,26.7087012,6.53984841,34.1357488,2.24761852,4.16356746,0.128659297,3.13482621e-06,2.19695239,0.0506661263,0.0,0.944457,31.3326361,61.9565,18.3344,0.686456,26.7087012
thickness+bandgap.iv,49,43,1.347,,1.5,0.712595,25.481066,7.74750468,34.1357488,2.73801364,4.88082399,0.128663918,3.13499903e-06,2.67833679,0.0596768541,0.0,0.944457,31.3326361,61.9565,18.3344,0.686456,26.7087012
thickness+bandgap.iv,49,44,1.347,,1.5,0.74258,23.4839008,9.72468558,34.1357488,3.48162819,6.1143853,0.128668953,3.13528866e-06,3.40712046,0.0745077348,0.0,0.944457,31.3326361,61.9565,18.3344,0.686456,26.7087012
thickness+bandgap.iv,49,45,1.347,,1.5,0.778459,20.3081092,12.8805052,34.1357488,4.58166699,8.17016039,0.12867468,3.13576901e-06,4.48302884,0.0986381516,0.0,0.944457,31.3326361,61.9565,18.3344,0.686456,26.7087012
thickness+bandgap.iv,49,46,1.347,,1.5,0.822089,15.5822135,17.5864419,34.1357488,6.10851805,11.3492393,0.128681396,3.13653224e-06,5.97313059,0.135387455,0.0,0.944457,31.3326361,61.9565,18.3344,0.686456,26.7087012
thickness+bandgap.iv,49,47,1.347,,1.5,0.873818,9.23648892,23.9121179,34.1357488,8.02675534,15.7566702,0.128689219,3.13766664e-06,7.84130169,0.185453649,0.0,0.944457,31.3326361,61.9565,18.3344,0.686456,26.7087012
thickness+bandgap.iv,49,48,1.347,,1.5,0.931416,1.71689086,31.4120308,34.1357488,10.159927,21.1234026,0.128698014,3.13923335e-06,9.91492424,0.245002804,0.0,0.944457,31.3326361,61.9565,18.3344,0.686456,26.7087012
thickness+bandgap.iv,49,49,1.347,,1.5,0.990563,-6.11250988,39.2207772,34.1357488,12.2452508,26.8468163,0.128707077,3.14126186e-06,11.9391652,0.306085598,0.0,0.944457,31.3326361,61.9565,18.3344,0.686456,26.7087012
thickness+bandgap.iv,49,50,1.347,,1.5,1.046234,-13.2467028,46.3350247,34.1357488,14.0362025,32.1701035,0.128715624,3.14376075e-06,13.6755387,0.360663789,0.0,0.944457,31.3326361,61.9565,18.3344,0.686456,26.7087012
thickness+bandgap.iv,49,51,1.347,,1.5,1.094666,-18.9332728,52.0012081,34.1357488,15.3875838,36.4848985,0.128722678,3.14669624e-06,14.9847652,0.402818592,0.0,0.944457,31.3326361,61.9565,18.3344,0.686456,26.7087012
thickness+bandgap.iv,49,52,1.347,,1.5,1.134433,-22.8865311,55.9358038,34.1357488,16.2912877,39.5157852,0.128727839,3.15001912e-06,15.8594818,0.431805892,0.0,0.944457,31.3326361,61.9565,18.3344,0.686456,26.7087012
thickness+bandgap.iv,49,53,1.347,,1.5,1.166631,-25.3261447,58.3542734,34.1357488,16.8241167,41.4014226,0.128731,3.15359018e-06,16.375459,0.448657694,0.0,0.944457,31.3326361,61.9565,18.3344,0.686456,26.7087012
thickness+bandgap.iv,49,54,1.347,,1.5,1.193533,-26.7066564,59.7147572,34.1357488,17.1203281,42.4656931,0.128732842,3.15727215e-06,16.6621268,0.458201272,0.0,0.944457,31.3326361,61.9565,18.3344,0.686456,26.7087012
thickness+bandgap.iv,49,55,1.347,,1.5,1.217327,-27.4653105,60.4535524,34.1357488,17.2829322,43.0418832,0.128733893,3.16101659e-06,16.8194538,0.463478364,0.0,0.944457,31.3326361,61.9565,18.3344,0.686456,26.7087012
thickness+bandgap.iv,49,56,1.347,,1.5,1.239474,-27.894711,60.8629444,34.1357488,17.3687782,43.3654286,0.128734434,3.1647666e-06,16.902516,0.466262223,0.0,0.944457,31.3326361,61.9565,18.3344,0.686456,26.7087012
thickness+bandgap.iv,49,57,1.347,,1.5,1.260793,-28.1585772,61.1066144,34.1357488,17.4201163,43.5577602,0.128734763,3.16847274e-06,16.9522326,0.467883739,0.0,0.944457,31.3326361,61.9565,18.3344,0.686456,26.7087012
thickness+bandgap.iv,49,58,1.347,,1.5,1.281701,-28.3402579,61.2682121,34.1357488,17.4542725,43.6852014,0.128734983,3.17206403e-06,16.9852993,0.468973211,0.0,0.944457,31.3326361,61.9565,18.3344,0.686456,26.7087012
thickness+bandgap.iv,49,59,1.347,,1.5,1.302408,-28.4815635,61.3894922,34.1357488,17.4799768,43.780777,0.12873515,3.1756489e-06,17.0101755,0.469801396,0.0,0.944457,31.3326361,61.9565,18.3344,0.686456,26.7087012
thickness+bandgap.iv,49,60,1.347,,1.5,1.323009,-28.6018539,61.4897772,34.1357488,17.5012722,43.8597665,0.128735289,3.17917313e-06,17.0307812,0.470491031,0.0,0.944457,31.3326361,61.9565,18.3344,0.686456,26.7087012
thickness+bandgap.iv,49,61,1.347,,1.5,1.343553,-28.7105126,61.5784414,34.1357488,17.5201184,43.9295844,0.128735412,3.18262485e-06,17.0490147,0.471103707,0.0,0.944457,31.3326361,61.9565,18.3344,0.686456,26.7087012
thickness+bandgap.iv,50,1,1.4,,1.5,-0.150162,30.0324811,2.3347297,32.428964,0.411044876,1.79523559,0.128443568,5.66806825e-06,0.401787305,0.00925757138,0.0,0.993164,29.67405132,62.6949,18.4769,0.734163,25.16735757
thickness+bandgap.iv,50,2,1.4,,1.5,-0.129933,29.9865725,2.36063771,32.428964,0.419804973,1.81237795,0.12844912,5.66807668e-06,0.410306493,0.00949847981,0.0,0.993164,29.67405132,62.6949,18.4769,0.734163,25.16735757
thickness+bandgap.iv,50,3,1.4,,1.5,-0.1097,29.9399744,2.38723578,32.428964,0.428856246,1.8299192,0.128454671,5.66808538e-06,0.419108487,0.00974775918,0.0,0.993164,29.67405132,62.6949,18.4769,0.734163,25.16735757
thickness+bandgap.iv,50,4,1.4,,1.5,-0.089463,29.8926561,2.41455434,32.428964,0.438212857,1.84787559,0.128460219,5.66809434e-06,0.428207075,0.0100057815,0.0,0.993164,29.67405132,62.6949,18.4769,0.734163,25.16735757
thickness+bandgap.iv,50,5,1.4,,1.5,-0.069223,29.8445839,2.44262657,32.428964,0.447890101,1.86626504,0.128465762,5.66810355e-06,0.437617113,0.010272988,0.0,0.993164,29.67405132,62.6949,18.4769,0.734163,25.16735757
thickness+bandgap.iv,50,6,1.4,,1.5,-0.048979,29.7957226,2.47148785,32.428964,0.457904312,1.88510657,0.128471298,5.66811303e-06,0.447354463,0.010549849,0.0,0.993164,29.67405132,62.6949,18.4769,0.734163,25.16735757
thickness+bandgap.iv,50,7,1.4,,1.5,-0.02873,29.7460346,2.5011759,32.428964,0.468272959,1.90442045,0.128476826,5.6681228e-06,0.457436091,0.0108368675,0.0,0.993164,29.67405132,62.6949,18.4769,0.734163,25.16735757
thickness+bandgap.iv,50,8,1.4,,1.5,-0.008477,29.6954794,2.53173104,32.428964,0.479014748,1.92422828,0.128482344,5.66813287e-06,0.467880167,0.011134581,0.0,0.993164,29.67405132,62.6949,18.4769,0.734163,25.16735757
thickness+bandgap.iv,50,9,1.4,,1.5,0.01178,29.6440143,2.56319639,32.428964,0.490149744,1.94455313,0.12848785,5.66814325e-06,0.478706179,0.0114435658,0.0,0.993164,29.67405132,62.6949,18.4769,0.734163,25.16735757
thickness+bandgap.iv,50,10,1.4,,1.5,0.032042,29.5915925,2.59561821,32.428964,0.501699502,1.9654197,0.128493341,5.66815397e-06,0.489935063,0.0117644398,0.0,0.993164,29.67405132,62.6949,18.4769,0.734163,25.16735757
thickness+bandgap.iv,50,11,1.4,,1.5,0.052309,29.5381644,2.62904615,32.428964,0.513687215,1.98685445,0.128498816,5.66816503e-06,0.501589348,0.0120978675,0.0,0.993164,29.67405132,62.6949,18.4769,0.734163,25.16735757
thickness+bandgap.iv,50,12,1.4,,1.5,0.072582,29.4836769,2.66353363,32.428964,0.526137881,2.00888581,0.128504273,5.66817646e-06,0.513693317,0.0124445635,0.0,0.993164,29.67405132,62.6949,18.4769,0.734163,25.16735757
thickness+bandgap.iv,50,13,1.4,,1.5,0.09286,29.4280725,2.69913823,32.428964,0.539078492,2.03154436,0.12850971,5.66818828e-06,0.526273194,0.0128052987,0.0,0.993164,29.67405132,62.6949,18.4769,0.734163,25.16735757
thickness+bandgap.iv,50,14,1.4,,1.5,0.113144,29.3712887,2.73592213,32.428964,0.552538249,2.05486308,0.128515124,5.66820051e-06,0.539357344,0.0131809053,0.0,0.993164,29.67405132,62.6949,18.4769,0.734163,25.16735757
thickness+bandgap.iv,50,15,1.4,,1.5,0.133434,29.3132582,2.77395262,32.428964,0.566548803,2.07887763,0.128520515,5.66821318e-06,0.552976518,0.0135722841,0.0,0.993164,29.67405132,62.6949,18.4769,0.734163,25.16735757
thickness+bandgap.iv,50,16,1.4,,1.5,0.15373,29.2539082,2.81330268,32.428964,0.581144532,2.1036266,0.128525879,5.6682263e-06,0.567164121,0.013980411,0.0,0.993164,29.67405132,62.6949,18.4769,0.734163,25.16735757
thickness+bandgap.iv,50,17,1.4,,1.5,0.174034,29.1931591,2.85405166,32.428964,0.596362867,2.12915191,0.128531214,5.66823992e-06,0.581956521,0.0144063462,0.0,0.993164,29.67405132,62.6949,18.4769,0.734163,25.16735757
thickness+bandgap.iv,50,18,1.4,,1.5,0.194345,29.1309249,2.896286,32.428964,0.612244656,2.15549915,0.12853652,5.66825405e-06,0.597393413,0.0148512434,0.0,0.993164,29.67405132,62.6949,18.4769,0.734163,25.16735757
thickness+bandgap.iv,50,19,1.4,,1.5,0.214664,29.0671108,2.94010013,32.428964,0.628834586,2.18271809,0.128541793,5.66826874e-06,0.613518225,0.0153163609,0.0,0.993164,29.67405132,62.6949,18.4769,0.734163,25.16735757
thickness+bandgap.iv,50,20,1.4,,1.5,0.234992,29.0016131,2.98559752,32.428964,0.646181676,2.21086314,0.128547032,5.66828401e-06,0.630378602,0.015803074,0.0,0.993164,29.67405132,62.6949,18.4769,0.734163,25.16735757
thickness+bandgap.iv,50,21,1.4,,1.5,0.255328,28.9343193,3.03289178,32.428964,0.664339847,2.23999403,0.128552234,5.66829992e-06,0.648026958,0.0163128894,0.0,0.993164,29.67405132,62.6949,18.4769,0.734163,25.16735757
thickness+bandgap.iv,50,22,1.4,,1.5,0.275674,28.8651028,3.08210812,32.428964,0.683368602,2.27017645,0.128557399,5.66831651e-06,0.66652114,0.0168474622,0.0,0.993164,29.67405132,62.6949,18.4769,0.734163,25.16735757
thickness+bandgap.iv,50,23,1.4,,1.5,0.296031,28.7938249,3.13338497,32.428964,0.703333838,2.30148294,0.128562525,5.66833382e-06,0.685925223,0.0174086152,0.0,0.993164,29.67405132,62.6949,18.4769,0.734163,25.16735757
thickness+bandgap.iv,50,24,1.4,,1.5,0.316398,28.7203304,3.18687598,32.428964,0.724308843,2.33399386,0.128567609,5.66835192e-06,0.706310482,0.0179983612,0.0,0.993164,29.67405132,62.6949,18.4769,0.734163,25.16735757
thickness+bandgap.iv,50,25,1.4,,1.5,0.336778,28.644454,3.24275242,32.428964,0.746375535,2.36779856,0.128572651,5.66837085e-06,0.727756605,0.0186189302,0.0,0.993164,29.67405132,62.6949,18.4769,0.734163,25.16735757
thickness+bandgap.iv,50,26,1.4,,1.5,0.35717,28.5660002,3.30120622,32.428964,0.769626059,2.40299685,0.128577648,5.66839071e-06,0.750353259,0.0192728004,0.0,0.993164,29.67405132,62.6949,18.4769,0.734163,25.16735757
thickness+bandgap.iv,50,27,1.4,,1.5,0.377576,28.4847525,3.36245389,32.428964,0.794164907,2.43970071,0.1285826,5.66841155e-06,0.774202171,0.0199627361,0.0,0.993164,29.67405132,62.6949,18.4769,0.734163,25.16735757
thickness+bandgap.iv,50,28,1.4,,1.5,0.397998,28.4004648,3.42674162,32.428964,0.820111858,2.47803659,0.128587505,5.66843348e-06,0.799420025,0.020691833,0.0,0.993164,29.67405132,62.6949,18.4769,0.734163,25.16735757
thickness+bandgap.iv,50,29,1.4,,1.5,0.418436,28.312854,3.49435246,32.428964,0.84760621,2.51814822,0.128592363,5.6684566e-06,0.826142636,0.0214635741,0.0,0.993164,29.67405132,62.6949,18.4769,0.734163,25.16735757
thickness+bandgap.iv,50,30,1.4,,1.5,0.438892,28.2215899,3.5656165,32.428964,0.87681314,2.56020052,0.128597172,5.66848102e-06,0.85453124,0.0222818997,0.0,0.993164,29.67405132,62.6949,18.4769,0.734163,25.16735757
thickness+bandgap.iv,50,31,1.4,,1.5,0.459369,28.1262801,3.64092628,32.428964,0.907933534,2.60438514,0.128601931,5.6685069e-06,0.884782236,0.0231512978,0.0,0.993164,29.67405132,62.6949,18.4769,0.734163,25.16735757
thickness+bandgap.iv,50,32,1.4,,1.5,0.479868,28.0264458,3.72076058,32.428964,0.941219539,2.65092873,0.128606639,5.6685344e-06,0.917142613,0.0240769265,0.0,0.993164,29.67405132,62.6949,18.4769,0.734163,25.16735757
thickness+bandgap.iv,50,33,1.4,,1.5,0.500393,27.9214839,3.8057225,32.428964,0.976999315,2.70010622,0.128611297,5.66856377e-06,0.951934526,0.0250647885,0.0,0.993164,29.67405132,62.6949,18.4769,0.734163,25.16735757
thickness+bandgap.iv,50,34,1.4,,1.5,0.520947,27.810605,3.89660145,32.428964,1.0157164,2.75226347,0.128615904,5.66859528e-06,0.989594402,0.0261219973,0.0,0.993164,29.67405132,62.6949,18.4769,0.734163,25.16735757
thickness+bandgap.iv,50,35,1.4,,1.5,0.541536,27.6927306,3.99447582,32.428964,1.05799201,2.80785768,0.12862046,5.66862935e-06,1.0307348,0.027257214,0.0,0.993164,29.67405132,62.6949,18.4769,0.734163,25.16735757
thickness+bandgap.iv,50,36,1.4,,1.5,0.562168,27.5663196,4.1008868,32.428964,1.10472338,2.86753279,0.128624965,5.66866657e-06,1.07624197,0.0284814131,0.0,0.993164,29.67405132,62.6949,18.4769,0.734163,25.16735757
thickness+bandgap.iv,50,37,1.4,,1.5,0.582855,27.4290674,4.21813904,32.428964,1.15723988,2.93226407,0.12862942,5.66870781e-06,1.12743057,0.0298093044,0.0,0.993164,29.67405132,62.6949,18.4769,0.734163,25.16735757
thickness+bandgap.iv,50,38,1.4,,1.5,0.603613,27.2773719,4.34983448,32.428964,1.21755433,3.00364066,0.128633827,5.66875444e-06,1.18629224,0.0312620816,0.0,0.993164,29.67405132,62.6949,18.4769,0.734163,25.16735757
thickness+bandgap.iv,50,39,1.4,,1.5,0.624473,27.105363,4.50184342,32.428964,1.28877617,3.0844234,0.128638187,5.66880872e-06,1.25590329,0.032872878,0.0,0.993164,29.67405132,62.6949,18.4769,0.734163,25.16735757
thickness+bandgap.iv,50,40,1.4,,1.5,0.645484,26.9031054,4.68410099,32.428964,1.37580342,3.1796494,0.128642507,5.66887447e-06,1.34110568,0.0346977423,0.0,0.993164,29.67405132,62.6949,18.4769,0.734163,25.16735757
thickness+bandgap.iv,50,41,1.4,,1.5,0.666734,26.6532529,4.91395355,32.428964,1.48649361,3.29880747,0.128646794,5.66895837e-06,1.44965587,0.0368377397,0.0,0.993164,29.67405132,62.6949,18.4769,0.734163,25.16735757
thickness+bandgap.iv,50,42,1.4,,1.5,0.688376,26.3248673,5.22233908,32.428964,1.63363317,3.46004918,0.128651066,5.66907238e-06,1.59415029,0.039482875,0.0,0.993164,29.67405132,62.6949,18.4769,0.734163,25.16735757
thickness+bandgap.iv,50,43,1.4,,1.5,0.710688,25.8623702,5.66483554,32.428964,1.83813428,3.69804024,0.128655351,5.66923817e-06,1.79513792,0.042996362,0.0,0.993164,29.67405132,62.6949,18.4769,0.734163,25.16735757
thickness+bandgap.iv,50,44,1.4,,1.5,0.734163,25.1673576,6.33990544,32.428964,2.13374217,4.0774979,0.128659702,5.66949463e-06,2.08567781,0.0480643591,0.0,0.993164,29.67405132,62.6949,18.4769,0.734163,25.16735757
thickness+bandgap.iv,50,45,1.4,,1.5,0.759633,24.0733287,7.41397096,32.428964,2.5723792,4.71292188,0.128664213,5.66990933e-06,2.51645798,0.0559212268,0.0,0.993164,29.67405132,62.6949,18.4769,0.734163,25.16735757
thickness+bandgap.iv,50,46,1.4,,1.5,0.788367,22.326648,9.14068479,32.428964,3.2254458,5.78656429,0.128669031,5.67059049e-06,3.1568832,0.0685626046,0.0,0.993164,29.67405132,62.6949,18.4769,0.734163,25.16735757
thickness+bandgap.iv,50,47,1.4,,1.5,0.821945,19.6109057,11.8365023,32.428964,4.17027037,7.53755194,0.128674349,5.67168806e-06,4.08164962,0.0886207535,0.0,0.993164,29.67405132,62.6949,18.4769,0.734163,25.16735757
thickness+bandgap.iv,50,48,1.4,,1.5,0.861683,15.6633033,15.7641336,32.428964,5.4521182,10.1833294,0.128680357,5.67336624e-06,5.33370396,0.118414234,0.0,0.993164,29.67405132,62.6949,18.4769,0.734163,25.16735757
thickness+bandgap.iv,50,49,1.4,,1.5,0.90772,10.4560688,20.9514197,32.428964,7.03719519,13.7855317,0.12868712,5.67575426e-06,6.87886616,0.158329027,0.0,0.993164,29.67405132,62.6949,18.4769,0.734163,25.16735757
thickness+bandgap.iv,50,50,1.4,,1.5,0.958553,4.28938778,27.0982555,32.428964,8.8040335,18.1655218,0.128694534,5.67889543e-06,8.59818026,0.205853241,0.0,0.993164,29.67405132,62.6949,18.4769,0.734163,25.16735757
thickness+bandgap.iv,50,51,1.4,,1.5,1.01153,-2.30597603,33.6734552,32.428964,10.5865446,22.9582027,0.128702246,5.68275351e-06,10.3302522,0.25629238,0.0,0.993164,29.67405132,62.6949,18.4769,0.734163,25.16735757
thickness+bandgap.iv,50,52,1.4,,1.5,1.063672,-8.73441432,40.0825574,32.428964,12.2308674,27.7229744,0.128709884,5.68725254e-06,11.9260156,0.30485184,0.0,0.993164,29.67405132,62.6949,18.4769,0.734163,25.16735757
thickness+bandgap.iv,50,53,1.4,,1.5,1.112493,-14.4986283,45.8259716,32.428964,13.6268543,32.0703948,0.128716841,5.69234872e-06,13.2798108,0.347043436,0.0,0.993164,29.67405132,62.6949,18.4769,0.734163,25.16735757
thickness+bandgap.iv,50,54,1.4,,1.5,1.156147,-19.229324,50.5365658,32.428964,14.7186747,35.6891627,0.128722765,5.69794574e-06,14.3378349,0.38083978,0.0,0.993164,29.67405132,62.6949,18.4769,0.734163,25.16735757
thickness+bandgap.iv,50,55,1.4,,1.5,1.193768,-22.7535544,54.0421653,32.428964,15.5031445,38.4102877,0.128727384,5.70398989e-06,15.0973567,0.405787814,0.0,0.993164,29.67405132,62.6949,18.4769,0.734163,25.16735757
thickness+bandgap.iv,50,56,1.4,,1.5,1.225614,-25.1227558,56.3900451,32.428964,16.005999,40.25531,0.128730434,5.71032683e-06,15.5845486,0.421450388,0.0,0.993164,29.67405132,62.6949,18.4769,0.734163,25.16735757
thickness+bandgap.iv,50,57,1.4,,1.5,1.252835,-26.5670295,57.8145765,32.428964,16.3093928,41.3764456,0.128732382,5.71678534e-06,15.8781738,0.43121902,0.0,0.993164,29.67405132,62.6949,18.4769,0.734163,25.16735757
thickness+bandgap.iv,50,58,1.4,,1.5,1.276997,-27.3993244,58.6269187,32.428964,16.480008,42.0181715,0.128733502,5.72337965e-06,16.0433153,0.43669276,0.0,0.993164,29.67405132,62.6949,18.4769,0.734163,25.16735757
thickness+bandgap.iv,50,59,1.4,,1.5,1.299387,-27.8773307,59.0848474,32.428964,16.5746417,42.3814658,0.128734127,5.72994656e-06,16.1349429,0.439698863,0.0,0.993164,29.67405132,62.6949,18.4769,0.734163,25.16735757
thickness+bandgap.iv,50,60,1.4,,1.5,1.320841,-28.1681177,59.355596,32.428964,16.6304209,42.5964348,0.128734498,5.73645796e-06,16.1889452,0.441475718,0.0,0.993164,29.67405132,62.6949,18.4769,0.734163,25.16735757
thickness+bandgap.iv,50,61,1.4,,1.5,1.341821,-28.364205,59.5316727,32.428964,16.6666421,42.73629,0.128734741,5.74285562e-06,16.2240094,0.442632741,0.0,0.993164,29.67405132,62.6949,18.4769,0.734163,25.16735757
